[INFO] 2025-09-08 16:02:07,911 autoreload Watching for file changes with StatReloader
[INFO] 2025-09-08 16:02:13,628 basehttp "GET / HTTP/1.1" 200 10664
[WARNING] 2025-09-08 16:02:14,041 log Not Found: /favicon.ico
[WARNING] 2025-09-08 16:02:14,042 basehttp "GET /favicon.ico HTTP/1.1" 404 2121
[INFO] 2025-09-08 16:02:27,135 basehttp "GET /admin/ HTTP/1.1" 302 0
[INFO] 2025-09-08 16:02:27,361 basehttp "GET /admin/login/?next=/admin/ HTTP/1.1" 200 4181
[INFO] 2025-09-08 16:02:27,498 basehttp "GET /static/admin/css/login.css HTTP/1.1" 200 958
[INFO] 2025-09-08 16:02:27,498 basehttp "GET /static/admin/css/nav_sidebar.css HTTP/1.1" 200 2694
[INFO] 2025-09-08 16:02:27,502 basehttp "GET /static/admin/css/dark_mode.css HTTP/1.1" 200 2929
[INFO] 2025-09-08 16:02:27,504 basehttp "GET /static/admin/js/theme.js HTTP/1.1" 200 1943
[INFO] 2025-09-08 16:02:27,506 basehttp "GET /static/admin/js/nav_sidebar.js HTTP/1.1" 200 3063
[INFO] 2025-09-08 16:02:27,541 basehttp "GET /static/admin/css/base.css HTTP/1.1" 200 21207
[INFO] 2025-09-08 16:02:27,591 basehttp "GET /static/admin/css/responsive.css HTTP/1.1" 200 18533
[INFO] 2025-09-08 16:02:50,228 basehttp "POST /admin/login/?next=/admin/ HTTP/1.1" 302 0
[INFO] 2025-09-08 16:02:50,342 basehttp "GET /admin/ HTTP/1.1" 200 7587
[INFO] 2025-09-08 16:02:50,489 basehttp "GET /static/admin/css/dashboard.css HTTP/1.1" 200 441
[INFO] 2025-09-08 16:02:50,522 basehttp "GET /static/admin/img/icon-addlink.svg HTTP/1.1" 200 331
[INFO] 2025-09-08 16:02:50,525 basehttp "GET /static/admin/img/icon-changelink.svg HTTP/1.1" 200 380
[INFO] 2025-09-08 16:02:54,399 basehttp "GET /admin/campaigns/campaign/ HTTP/1.1" 200 10220
[INFO] 2025-09-08 16:02:54,477 basehttp "GET /static/admin/js/jquery.init.js HTTP/1.1" 200 347
[INFO] 2025-09-08 16:02:54,478 basehttp "GET /static/admin/js/admin/RelatedObjectLookups.js HTTP/1.1" 200 8943
[INFO] 2025-09-08 16:02:54,500 basehttp "GET /static/admin/js/actions.js HTTP/1.1" 200 7872
[INFO] 2025-09-08 16:02:54,501 basehttp "GET /static/admin/css/changelists.css HTTP/1.1" 200 6566
[INFO] 2025-09-08 16:02:54,501 basehttp "GET /static/admin/js/core.js HTTP/1.1" 200 5682
[INFO] 2025-09-08 16:02:54,506 basehttp "GET /static/admin/js/urlify.js HTTP/1.1" 200 7887
[INFO] 2025-09-08 16:02:54,506 basehttp "GET /static/admin/js/prepopulate.js HTTP/1.1" 200 1531
[INFO] 2025-09-08 16:02:54,508 basehttp "GET /static/admin/js/vendor/jquery/jquery.js HTTP/1.1" 200 292458
[INFO] 2025-09-08 16:02:54,514 basehttp "GET /admin/jsi18n/ HTTP/1.1" 200 3343
[INFO] 2025-09-08 16:02:54,517 basehttp "GET /static/admin/js/filters.js HTTP/1.1" 200 978
[INFO] 2025-09-08 16:02:54,531 basehttp "GET /static/admin/js/vendor/xregexp/xregexp.js HTTP/1.1" 200 232381
[INFO] 2025-09-08 16:02:54,574 basehttp "GET /static/admin/img/search.svg HTTP/1.1" 200 458
[INFO] 2025-09-08 16:02:54,598 basehttp "GET /static/admin/img/tooltag-add.svg HTTP/1.1" 200 331
[INFO] 2025-09-08 16:02:56,631 basehttp "GET /admin/campaigns/message/ HTTP/1.1" 200 10911
[INFO] 2025-09-08 16:02:56,682 basehttp "GET /admin/jsi18n/ HTTP/1.1" 200 3343
[INFO] 2025-09-08 16:02:57,923 basehttp "GET /admin/campaigns/uploadedfile/ HTTP/1.1" 200 10320
[INFO] 2025-09-08 16:02:58,008 basehttp "GET /admin/jsi18n/ HTTP/1.1" 200 3343
[INFO] 2025-09-08 16:02:58,582 basehttp "GET /admin/campaigns/webhooklog/ HTTP/1.1" 200 10149
[INFO] 2025-09-08 16:02:58,623 basehttp "GET /admin/jsi18n/ HTTP/1.1" 200 3343
[INFO] 2025-09-08 16:06:01,239 basehttp "GET /admin/ HTTP/1.1" 302 0
[INFO] 2025-09-08 16:32:21,835 autoreload /home/sohan/whatsapp-campaign/whatsapp_campaign/settings.py changed, reloading.
[INFO] 2025-09-08 16:32:22,407 autoreload Watching for file changes with StatReloader
[INFO] 2025-09-08 16:32:24,842 autoreload /home/sohan/whatsapp-campaign/whatsapp_campaign/urls.py changed, reloading.
[INFO] 2025-09-08 16:32:25,338 autoreload Watching for file changes with StatReloader
[INFO] 2025-09-08 16:33:26,962 autoreload Watching for file changes with StatReloader
[INFO] 2025-09-08 16:35:53,877 views New user registered: hemy7egr
[INFO] 2025-09-08 16:35:53,893 basehttp "POST /api/auth/signup/ HTTP/1.1" 201 303
[INFO] 2025-09-08 16:35:54,466 views User logged in: hemy7egr
[INFO] 2025-09-08 16:35:54,605 basehttp "POST /api/auth/login/ HTTP/1.1" 200 311
[INFO] 2025-09-08 16:35:54,641 basehttp "GET /api/auth/user/ HTTP/1.1" 200 231
[INFO] 2025-09-08 16:35:54,828 views User profile updated: hemy7egr
[INFO] 2025-09-08 16:35:54,835 basehttp "PUT /api/auth/user/ HTTP/1.1" 200 275
[INFO] 2025-09-08 16:35:54,871 basehttp "GET /api/auth/verify-token/ HTTP/1.1" 200 247
[INFO] 2025-09-08 16:35:55,337 views User logged out: 
[INFO] 2025-09-08 16:35:55,338 basehttp "POST /api/auth/logout/ HTTP/1.1" 200 46
[WARNING] 2025-09-08 16:35:55,344 log Unauthorized: /api/auth/verify-token/
[WARNING] 2025-09-08 16:35:55,344 basehttp "GET /api/auth/verify-token/ HTTP/1.1" 401 27
[WARNING] 2025-09-08 16:35:55,807 log Bad Request: /api/auth/login/
[WARNING] 2025-09-08 16:35:55,807 basehttp "POST /api/auth/login/ HTTP/1.1" 400 71
[INFO] 2025-09-08 16:36:23,978 basehttp "GET /admin/auth/user/ HTTP/1.1" 200 12919
[INFO] 2025-09-08 16:36:24,034 basehttp "GET /static/admin/css/dark_mode.css HTTP/1.1" 200 2929
[INFO] 2025-09-08 16:36:24,034 basehttp "GET /static/admin/js/theme.js HTTP/1.1" 304 0
[INFO] 2025-09-08 16:36:24,035 basehttp "GET /static/admin/css/base.css HTTP/1.1" 200 21207
[INFO] 2025-09-08 16:36:24,036 basehttp "GET /static/admin/css/nav_sidebar.css HTTP/1.1" 304 0
[INFO] 2025-09-08 16:36:24,039 basehttp "GET /static/admin/js/nav_sidebar.js HTTP/1.1" 304 0
[INFO] 2025-09-08 16:36:24,043 basehttp "GET /static/admin/img/icon-yes.svg HTTP/1.1" 200 436
[INFO] 2025-09-08 16:36:24,044 basehttp "GET /static/admin/css/changelists.css HTTP/1.1" 304 0
[INFO] 2025-09-08 16:36:24,046 basehttp "GET /static/admin/js/vendor/jquery/jquery.js HTTP/1.1" 304 0
[INFO] 2025-09-08 16:36:24,053 basehttp "GET /admin/jsi18n/ HTTP/1.1" 200 3343
[INFO] 2025-09-08 16:36:24,076 basehttp "GET /static/admin/img/icon-no.svg HTTP/1.1" 200 560
[INFO] 2025-09-08 16:36:24,079 basehttp "GET /static/admin/js/jquery.init.js HTTP/1.1" 304 0
[INFO] 2025-09-08 16:36:24,083 basehttp "GET /static/admin/js/core.js HTTP/1.1" 304 0
[INFO] 2025-09-08 16:36:24,084 basehttp "GET /static/admin/js/admin/RelatedObjectLookups.js HTTP/1.1" 304 0
[INFO] 2025-09-08 16:36:24,085 basehttp "GET /static/admin/js/actions.js HTTP/1.1" 304 0
[INFO] 2025-09-08 16:36:24,089 basehttp "GET /static/admin/js/urlify.js HTTP/1.1" 304 0
[INFO] 2025-09-08 16:36:24,097 basehttp "GET /static/admin/js/prepopulate.js HTTP/1.1" 304 0
[INFO] 2025-09-08 16:36:24,122 basehttp "GET /static/admin/js/vendor/xregexp/xregexp.js HTTP/1.1" 304 0
[INFO] 2025-09-08 16:36:24,124 basehttp "GET /static/admin/css/responsive.css HTTP/1.1" 304 0
[INFO] 2025-09-08 16:36:24,126 basehttp "GET /static/admin/js/filters.js HTTP/1.1" 304 0
[INFO] 2025-09-08 16:36:24,175 basehttp "GET /static/admin/img/search.svg HTTP/1.1" 200 458
[INFO] 2025-09-08 16:36:24,186 basehttp "GET /static/admin/img/tooltag-add.svg HTTP/1.1" 200 331
[INFO] 2025-09-08 16:36:24,186 basehttp "GET /static/admin/img/icon-addlink.svg HTTP/1.1" 200 331
[INFO] 2025-09-08 16:36:24,187 basehttp "GET /static/admin/img/sorting-icons.svg HTTP/1.1" 200 1097
[INFO] 2025-09-08 16:36:26,233 basehttp "GET /admin/auth/user/2/change/ HTTP/1.1" 200 23641
[INFO] 2025-09-08 16:36:26,279 basehttp "GET /admin/jsi18n/ HTTP/1.1" 200 3343
[INFO] 2025-09-08 16:36:26,581 basehttp "GET /static/admin/js/change_form.js HTTP/1.1" 200 606
[INFO] 2025-09-08 16:36:26,582 basehttp "GET /static/admin/js/SelectBox.js HTTP/1.1" 200 4530
[INFO] 2025-09-08 16:36:26,588 basehttp "GET /static/admin/js/calendar.js HTTP/1.1" 200 8466
[INFO] 2025-09-08 16:36:26,589 basehttp "GET /static/admin/js/SelectFilter2.js HTTP/1.1" 200 15292
[INFO] 2025-09-08 16:36:26,595 basehttp "GET /static/admin/css/forms.css HTTP/1.1" 200 9047
[INFO] 2025-09-08 16:36:26,622 basehttp "GET /static/admin/js/prepopulate_init.js HTTP/1.1" 200 586
[INFO] 2025-09-08 16:36:26,622 basehttp "GET /static/admin/js/admin/DateTimeShortcuts.js HTTP/1.1" 200 19319
[INFO] 2025-09-08 16:36:26,683 basehttp "GET /static/admin/css/widgets.css HTTP/1.1" 200 11900
[INFO] 2025-09-08 16:36:26,815 basehttp "GET /static/admin/img/selector-icons.svg HTTP/1.1" 200 3291
[INFO] 2025-09-08 16:36:26,815 basehttp "GET /static/admin/img/icon-unknown.svg HTTP/1.1" 200 655
[INFO] 2025-09-08 16:36:26,816 basehttp "GET /static/admin/img/icon-clock.svg HTTP/1.1" 200 677
[INFO] 2025-09-08 16:36:26,818 basehttp "GET /static/admin/img/icon-unknown-alt.svg HTTP/1.1" 200 655
[INFO] 2025-09-08 16:36:26,818 basehttp "GET /static/admin/img/icon-calendar.svg HTTP/1.1" 200 1086
[INFO] 2025-09-08 17:01:59,149 basehttp "GET /admin/campaigns/campaign/ HTTP/1.1" 200 10769
[INFO] 2025-09-08 17:01:59,211 basehttp "GET /admin/jsi18n/ HTTP/1.1" 200 3343
[INFO] 2025-09-08 17:02:00,311 basehttp "GET /admin/campaigns/message/ HTTP/1.1" 200 11460
[INFO] 2025-09-08 17:02:00,358 basehttp "GET /admin/jsi18n/ HTTP/1.1" 200 3343
[INFO] 2025-09-08 17:02:00,937 basehttp "GET /admin/campaigns/uploadedfile/ HTTP/1.1" 200 10869
[INFO] 2025-09-08 17:02:00,976 basehttp "GET /admin/jsi18n/ HTTP/1.1" 200 3343
[INFO] 2025-09-08 17:02:01,566 basehttp "GET /admin/campaigns/webhooklog/ HTTP/1.1" 200 10698
[INFO] 2025-09-08 17:02:01,601 basehttp "GET /admin/jsi18n/ HTTP/1.1" 200 3343
[INFO] 2025-09-09 05:42:29,255 autoreload Watching for file changes with StatReloader
[INFO] 2025-09-09 05:44:14,343 autoreload Watching for file changes with StatReloader
[INFO] 2025-09-09 05:45:35,621 autoreload Watching for file changes with StatReloader
[WARNING] 2025-09-09 05:48:11,391 log Bad Request: /api/auth/login/
[WARNING] 2025-09-09 05:48:11,391 basehttp "POST /api/auth/login/ HTTP/1.1" 400 71
[INFO] 2025-09-09 05:56:19,673 basehttp "GET /admin/campaigns/webhooklog/ HTTP/1.1" 302 0
[INFO] 2025-09-09 05:56:19,978 basehttp "GET /admin/login/?next=/admin/campaigns/webhooklog/ HTTP/1.1" 200 4223
[INFO] 2025-09-09 05:56:20,080 basehttp "GET /static/admin/css/dark_mode.css HTTP/1.1" 200 2929
[INFO] 2025-09-09 05:56:20,100 basehttp "GET /static/admin/js/nav_sidebar.js HTTP/1.1" 200 3063
[INFO] 2025-09-09 05:56:20,100 basehttp "GET /static/admin/js/theme.js HTTP/1.1" 200 1943
[INFO] 2025-09-09 05:56:20,127 basehttp "GET /static/admin/css/base.css HTTP/1.1" 200 21207
[INFO] 2025-09-09 05:56:20,128 basehttp "GET /static/admin/css/nav_sidebar.css HTTP/1.1" 200 2694
[INFO] 2025-09-09 05:56:20,132 basehttp "GET /static/admin/css/login.css HTTP/1.1" 200 958
[INFO] 2025-09-09 05:56:20,139 basehttp "GET /static/admin/css/responsive.css HTTP/1.1" 200 18533
[WARNING] 2025-09-09 05:56:20,321 log Not Found: /favicon.ico
[WARNING] 2025-09-09 05:56:20,322 basehttp "GET /favicon.ico HTTP/1.1" 404 2587
[INFO] 2025-09-09 05:56:24,069 basehttp "POST /admin/login/?next=/admin/campaigns/webhooklog/ HTTP/1.1" 302 0
[INFO] 2025-09-09 05:56:24,350 basehttp "GET /admin/campaigns/webhooklog/ HTTP/1.1" 200 11650
[INFO] 2025-09-09 05:56:24,460 basehttp "GET /static/admin/js/jquery.init.js HTTP/1.1" 200 347
[INFO] 2025-09-09 05:56:24,460 basehttp "GET /static/admin/css/changelists.css HTTP/1.1" 200 6566
[INFO] 2025-09-09 05:56:24,460 basehttp "GET /static/admin/js/admin/RelatedObjectLookups.js HTTP/1.1" 200 8943
[INFO] 2025-09-09 05:56:24,460 basehttp "GET /static/admin/js/core.js HTTP/1.1" 200 5682
[INFO] 2025-09-09 05:56:24,494 basehttp "GET /admin/jsi18n/ HTTP/1.1" 200 3343
[INFO] 2025-09-09 05:56:24,519 basehttp "GET /static/admin/js/prepopulate.js HTTP/1.1" 200 1531
[INFO] 2025-09-09 05:56:24,520 basehttp "GET /static/admin/js/urlify.js HTTP/1.1" 200 7887
[INFO] 2025-09-09 05:56:24,521 basehttp "GET /static/admin/js/actions.js HTTP/1.1" 200 7872
[INFO] 2025-09-09 05:56:24,522 basehttp "GET /static/admin/js/filters.js HTTP/1.1" 200 978
[INFO] 2025-09-09 05:56:24,547 basehttp "GET /static/admin/js/vendor/jquery/jquery.js HTTP/1.1" 200 292458
[INFO] 2025-09-09 05:56:24,570 basehttp "GET /static/admin/js/vendor/xregexp/xregexp.js HTTP/1.1" 200 232381
[INFO] 2025-09-09 05:56:24,648 basehttp "GET /static/admin/img/search.svg HTTP/1.1" 200 458
[INFO] 2025-09-09 05:56:24,685 basehttp "GET /static/admin/img/icon-addlink.svg HTTP/1.1" 200 331
[INFO] 2025-09-09 05:56:24,686 basehttp "GET /static/admin/img/tooltag-add.svg HTTP/1.1" 200 331
[INFO] 2025-09-09 05:56:27,683 basehttp "GET /admin/auth/user/ HTTP/1.1" 200 13871
[INFO] 2025-09-09 05:56:27,712 basehttp "GET /admin/jsi18n/ HTTP/1.1" 200 3343
[INFO] 2025-09-09 05:56:27,770 basehttp "GET /static/admin/img/icon-no.svg HTTP/1.1" 200 560
[INFO] 2025-09-09 05:56:27,771 basehttp "GET /static/admin/img/icon-yes.svg HTTP/1.1" 200 436
[INFO] 2025-09-09 05:56:27,800 basehttp "GET /static/admin/img/sorting-icons.svg HTTP/1.1" 200 1097
[INFO] 2025-09-09 05:56:55,821 views User logged in: hemy7egr
[INFO] 2025-09-09 05:56:56,045 basehttp "POST /api/auth/login/ HTTP/1.1" 200 314
[INFO] 2025-09-09 05:57:37,953 views User logged in: hemy7egr
[INFO] 2025-09-09 05:57:38,065 basehttp "POST /api/auth/login/ HTTP/1.1" 200 314
[INFO] 2025-09-09 05:58:33,123 views User logged in: hemy7egr
[INFO] 2025-09-09 05:58:33,310 basehttp "POST /api/auth/login/ HTTP/1.1" 200 314
[INFO] 2025-09-09 05:59:45,210 views User logged in: hemy7egr
[INFO] 2025-09-09 05:59:45,338 basehttp "POST /api/auth/login/ HTTP/1.1" 200 314
[ERROR] 2025-09-09 05:59:45,412 views File validation error: No columns to parse from file
[WARNING] 2025-09-09 05:59:45,413 log Bad Request: /api/validate-file/
[WARNING] 2025-09-09 05:59:45,415 basehttp "POST /api/validate-file/ HTTP/1.1" 400 80
[WARNING] 2025-09-09 05:59:45,448 log Bad Request: /api/campaigns/
[WARNING] 2025-09-09 05:59:45,450 basehttp "POST /api/campaigns/ HTTP/1.1" 400 41
[INFO] 2025-09-09 06:01:57,611 views User logged in: hemy7egr
[INFO] 2025-09-09 06:01:57,781 basehttp "POST /api/auth/login/ HTTP/1.1" 200 314
[ERROR] 2025-09-09 06:01:57,809 views File validation error: No columns to parse from file
[WARNING] 2025-09-09 06:01:57,811 log Bad Request: /api/validate-file/
[WARNING] 2025-09-09 06:01:57,813 basehttp "POST /api/validate-file/ HTTP/1.1" 400 80
[WARNING] 2025-09-09 06:01:57,843 log Bad Request: /api/campaigns/
[WARNING] 2025-09-09 06:01:57,845 basehttp "POST /api/campaigns/ HTTP/1.1" 400 41
[INFO] 2025-09-09 06:14:43,705 views User logged in: hemy7egr
[INFO] 2025-09-09 06:14:43,874 basehttp "POST /api/auth/login/ HTTP/1.1" 200 314
[INFO] 2025-09-09 06:14:44,045 basehttp "POST /api/validate-file/ HTTP/1.1" 200 218
[INFO] 2025-09-09 06:14:44,592 views Campaign created: 1, processing file: 1
[INFO] 2025-09-09 06:14:44,615 basehttp "POST /api/campaigns/ HTTP/1.1" 201 695
[INFO] 2025-09-09 06:14:44,643 basehttp "GET /api/campaigns/1/ HTTP/1.1" 200 620
[INFO] 2025-09-09 06:14:44,666 basehttp "GET /api/campaigns/ HTTP/1.1" 200 288
[INFO] 2025-09-09 06:14:44,685 basehttp "GET /api/stats/ HTTP/1.1" 200 210
[WARNING] 2025-09-09 06:14:47,709 log Bad Request: /api/campaigns/1/start/
[WARNING] 2025-09-09 06:14:47,710 basehttp "POST /api/campaigns/1/start/ HTTP/1.1" 400 68
[INFO] 2025-09-09 06:14:47,733 basehttp "GET /api/campaigns/1/messages/ HTTP/1.1" 200 52
[INFO] 2025-09-09 06:14:47,763 basehttp "GET /api/campaigns/1/statistics/ HTTP/1.1" 200 312
[WARNING] 2025-09-09 06:14:47,777 log Bad Request: /api/campaigns/1/pause/
[WARNING] 2025-09-09 06:14:47,777 basehttp "POST /api/campaigns/1/pause/ HTTP/1.1" 400 60
[INFO] 2025-09-09 06:15:12,413 basehttp "GET /admin/campaigns/campaign/ HTTP/1.1" 200 14487
[INFO] 2025-09-09 06:15:12,451 basehttp "GET /admin/jsi18n/ HTTP/1.1" 200 3343
[INFO] 2025-09-09 11:19:43,717 basehttp "POST /admin/logout/ HTTP/1.1" 200 3576
[INFO] 2025-09-09 11:19:43,959 basehttp "GET /static/admin/css/dark_mode.css HTTP/1.1" 200 2929
[INFO] 2025-09-09 11:19:43,960 basehttp "GET /static/admin/css/nav_sidebar.css HTTP/1.1" 200 2694
[INFO] 2025-09-09 11:19:43,986 basehttp "GET /static/admin/js/theme.js HTTP/1.1" 304 0
[INFO] 2025-09-09 11:19:44,056 basehttp "GET /static/admin/css/base.css HTTP/1.1" 200 21207
[INFO] 2025-09-09 11:19:44,056 basehttp "GET /static/admin/css/responsive.css HTTP/1.1" 200 18533
[INFO] 2025-09-09 11:19:44,113 basehttp "GET /static/admin/js/nav_sidebar.js HTTP/1.1" 304 0
[WARNING] 2025-09-09 11:19:44,228 log Not Found: /favicon.ico
[INFO] 2025-09-09 12:08:12,253 autoreload Watching for file changes with StatReloader
[INFO] 2025-09-09 12:19:02,890 autoreload Watching for file changes with StatReloader
[INFO] 2025-09-09 12:19:33,443 autoreload /home/sohan/whatsapp-campaign/campaigns/webhook_handler.py changed, reloading.
[INFO] 2025-09-09 12:19:34,049 autoreload Watching for file changes with StatReloader
[INFO] 2025-09-09 12:20:20,043 autoreload /home/sohan/whatsapp-campaign/whatsapp_campaign/settings.py changed, reloading.
[INFO] 2025-09-09 12:22:17,366 autoreload Watching for file changes with StatReloader
[INFO] 2025-09-09 12:22:40,185 autoreload /home/sohan/whatsapp-campaign/whatsapp_campaign/settings.py changed, reloading.
[INFO] 2025-09-09 12:22:40,973 autoreload Watching for file changes with StatReloader
[INFO] 2025-09-09 16:28:01,701 autoreload /home/sohan/whatsapp-campaign/whatsapp_campaign/settings.py changed, reloading.
[INFO] 2025-09-09 16:28:22,523 autoreload Watching for file changes with StatReloader
[INFO] 2025-09-09 17:00:59,837 autoreload /home/sohan/whatsapp-campaign/campaigns/webhook_handler.py changed, reloading.
[INFO] 2025-09-09 17:01:00,424 autoreload Watching for file changes with StatReloader
[INFO] 2025-09-09 17:01:39,165 autoreload /home/sohan/whatsapp-campaign/campaigns/tasks.py changed, reloading.
[INFO] 2025-09-09 17:01:39,890 autoreload Watching for file changes with StatReloader
[INFO] 2025-09-09 17:01:47,767 autoreload /home/sohan/whatsapp-campaign/campaigns/webhook_handler.py changed, reloading.
[INFO] 2025-09-09 17:01:48,372 autoreload Watching for file changes with StatReloader
[INFO] 2025-09-09 17:03:38,389 autoreload Watching for file changes with StatReloader
[INFO] 2025-09-09 17:05:04,184 autoreload /home/sohan/whatsapp-campaign/campaigns/tasks.py changed, reloading.
[INFO] 2025-09-09 17:05:04,954 autoreload Watching for file changes with StatReloader
[INFO] 2025-09-09 17:06:28,682 autoreload Watching for file changes with StatReloader
[INFO] 2025-09-09 17:07:19,422 autoreload Watching for file changes with StatReloader
[INFO] 2025-09-09 17:13:09,876 autoreload /home/sohan/whatsapp-campaign/campaigns/views.py changed, reloading.
[INFO] 2025-09-09 17:13:10,467 autoreload Watching for file changes with StatReloader
[INFO] 2025-09-09 17:31:41,710 basehttp "GET /admin/ HTTP/1.1" 302 0
[INFO] 2025-09-09 17:31:42,009 basehttp "GET /admin/login/?next=/admin/ HTTP/1.1" 200 4181
[INFO] 2025-09-09 17:31:42,337 basehttp "GET /static/admin/css/dark_mode.css HTTP/1.1" 200 2929
[INFO] 2025-09-09 17:31:42,338 basehttp "GET /static/admin/css/nav_sidebar.css HTTP/1.1" 200 2694
[INFO] 2025-09-09 17:31:42,340 basehttp "GET /static/admin/css/login.css HTTP/1.1" 200 958
[INFO] 2025-09-09 17:31:42,351 basehttp "GET /static/admin/css/base.css HTTP/1.1" 200 21207
[INFO] 2025-09-09 17:31:42,352 basehttp "GET /static/admin/css/responsive.css HTTP/1.1" 200 18533
[WARNING] 2025-09-09 17:31:42,618 log Not Found: /favicon.ico
[INFO] 2025-09-09 17:32:25,401 views User logged in: campaign_user
[INFO] 2025-09-09 17:32:26,022 basehttp "POST /api/auth/login/ HTTP/1.1" 200 307
[INFO] 2025-09-09 17:32:26,132 basehttp "GET /api/auth/user/ HTTP/1.1" 200 227
[INFO] 2025-09-09 17:34:01,628 views User logged in: campaign_user
[INFO] 2025-09-09 17:34:01,956 basehttp "POST /api/auth/login/ HTTP/1.1" 200 307
[INFO] 2025-09-09 17:34:02,115 basehttp "GET /api/auth/user/ HTTP/1.1" 200 227
[INFO] 2025-09-10 03:30:52,518 autoreload Watching for file changes with StatReloader
[INFO] 2025-09-10 04:04:24,737 basehttp "GET /admin/ HTTP/1.1" 302 0
[INFO] 2025-09-10 04:04:25,028 basehttp "GET /admin/login/?next=/admin/ HTTP/1.1" 200 4181
[INFO] 2025-09-10 04:04:25,154 basehttp "GET /static/admin/css/dark_mode.css HTTP/1.1" 200 2929
[INFO] 2025-09-10 04:04:25,173 basehttp "GET /static/admin/js/theme.js HTTP/1.1" 200 1943
[INFO] 2025-09-10 04:04:25,218 basehttp "GET /static/admin/js/nav_sidebar.js HTTP/1.1" 200 3063
[INFO] 2025-09-10 04:04:25,219 basehttp "GET /static/admin/css/base.css HTTP/1.1" 200 21207
[INFO] 2025-09-10 04:04:25,219 basehttp "GET /static/admin/css/login.css HTTP/1.1" 200 958
[INFO] 2025-09-10 04:04:25,221 basehttp "GET /static/admin/css/nav_sidebar.css HTTP/1.1" 200 2694
[INFO] 2025-09-10 04:04:25,225 basehttp "GET /static/admin/css/responsive.css HTTP/1.1" 200 18533
[WARNING] 2025-09-10 04:04:25,427 log Not Found: /favicon.ico
[WARNING] 2025-09-10 04:04:25,428 basehttp "GET /favicon.ico HTTP/1.1" 404 2587
[INFO] 2025-09-10 04:04:48,534 views User logged in: campaign_user
[INFO] 2025-09-10 04:04:48,776 basehttp "POST /api/auth/login/ HTTP/1.1" 200 307
[INFO] 2025-09-10 06:00:40,250 basehttp "POST /api/validate-file/ HTTP/1.1" 200 218
[INFO] 2025-09-10 06:17:50,424 views User logged in: campaign_user
[INFO] 2025-09-10 06:17:50,543 basehttp "POST /api/auth/login/ HTTP/1.1" 200 307
[INFO] 2025-09-10 06:18:03,673 basehttp "POST /api/validate-file/ HTTP/1.1" 200 218
[INFO] 2025-09-10 06:18:54,747 basehttp "GET /api/campaigns/ HTTP/1.1" 200 52
[INFO] 2025-09-10 06:19:05,594 basehttp "GET /api/campaigns/ HTTP/1.1" 200 52
[INFO] 2025-09-10 06:19:20,658 basehttp "GET /api/campaigns/ HTTP/1.1" 200 52
[INFO] 2025-09-10 06:22:59,552 views User logged in: campaign_user
[INFO] 2025-09-10 06:22:59,688 basehttp "POST /api/auth/login/ HTTP/1.1" 200 307
[INFO] 2025-09-10 06:23:07,670 basehttp "GET /api/campaigns/ HTTP/1.1" 200 52
[INFO] 2025-09-10 06:23:11,353 basehttp "GET /api/campaigns/ HTTP/1.1" 200 52
[INFO] 2025-09-10 06:24:05,212 basehttp "POST /api/validate-file/ HTTP/1.1" 200 218
[INFO] 2025-09-10 08:10:22,801 views User logged in: campaign_user
[INFO] 2025-09-10 08:10:22,930 basehttp "POST /api/auth/login/ HTTP/1.1" 200 307
[INFO] 2025-09-10 08:10:47,810 basehttp "POST /api/validate-file/ HTTP/1.1" 200 218
[INFO] 2025-09-10 08:11:02,832 basehttp "POST /admin/login/?next=/admin/ HTTP/1.1" 302 0
[INFO] 2025-09-10 08:11:03,007 basehttp "GET /admin/ HTTP/1.1" 200 9524
[INFO] 2025-09-10 08:11:03,094 basehttp "GET /static/admin/js/theme.js HTTP/1.1" 304 0
[INFO] 2025-09-10 08:11:03,096 basehttp "GET /static/admin/css/dark_mode.css HTTP/1.1" 304 0
[INFO] 2025-09-10 08:11:03,096 basehttp "GET /static/admin/css/base.css HTTP/1.1" 304 0
[INFO] 2025-09-10 08:11:03,100 basehttp "GET /static/admin/css/responsive.css HTTP/1.1" 304 0
[INFO] 2025-09-10 08:11:03,100 basehttp "GET /static/admin/js/nav_sidebar.js HTTP/1.1" 304 0
[INFO] 2025-09-10 08:11:03,100 basehttp "GET /static/admin/css/nav_sidebar.css HTTP/1.1" 304 0
[INFO] 2025-09-10 08:11:03,107 basehttp "GET /static/admin/css/dashboard.css HTTP/1.1" 200 441
[INFO] 2025-09-10 08:11:03,208 basehttp "GET /static/admin/img/icon-addlink.svg HTTP/1.1" 200 331
[INFO] 2025-09-10 08:11:03,208 basehttp "GET /static/admin/img/icon-changelink.svg HTTP/1.1" 200 380
[INFO] 2025-09-10 08:11:07,768 basehttp "GET /admin/campaigns/uploadedfile/ HTTP/1.1" 200 14655
[INFO] 2025-09-10 08:11:07,819 basehttp "GET /static/admin/css/changelists.css HTTP/1.1" 200 6566
[INFO] 2025-09-10 08:11:07,838 basehttp "GET /static/admin/js/jquery.init.js HTTP/1.1" 200 347
[INFO] 2025-09-10 08:11:07,840 basehttp "GET /static/admin/js/admin/RelatedObjectLookups.js HTTP/1.1" 200 8943
[INFO] 2025-09-10 08:11:07,841 basehttp "GET /static/admin/js/actions.js HTTP/1.1" 200 7872
[INFO] 2025-09-10 08:11:07,842 basehttp "GET /static/admin/js/core.js HTTP/1.1" 200 5682
[INFO] 2025-09-10 08:11:07,878 basehttp "GET /static/admin/js/urlify.js HTTP/1.1" 200 7887
[INFO] 2025-09-10 08:11:07,879 basehttp "GET /static/admin/js/prepopulate.js HTTP/1.1" 200 1531
[INFO] 2025-09-10 08:11:07,880 basehttp "GET /static/admin/js/filters.js HTTP/1.1" 200 978
[INFO] 2025-09-10 08:11:07,913 basehttp "GET /admin/jsi18n/ HTTP/1.1" 200 3343
[INFO] 2025-09-10 08:11:07,930 basehttp "GET /static/admin/js/vendor/jquery/jquery.js HTTP/1.1" 200 292458
[INFO] 2025-09-10 08:11:07,931 basehttp "GET /static/admin/js/vendor/xregexp/xregexp.js HTTP/1.1" 200 232381
[INFO] 2025-09-10 08:11:07,973 basehttp "GET /static/admin/img/search.svg HTTP/1.1" 200 458
[INFO] 2025-09-10 08:11:08,000 basehttp "GET /static/admin/img/tooltag-add.svg HTTP/1.1" 200 331
[INFO] 2025-09-10 08:11:08,000 basehttp "GET /static/admin/img/sorting-icons.svg HTTP/1.1" 200 1097
[INFO] 2025-09-10 08:11:18,693 views Campaign created: 2, processing file: 2
[INFO] 2025-09-10 08:11:18,702 basehttp "POST /api/campaigns/ HTTP/1.1" 201 694
[INFO] 2025-09-10 08:22:10,611 autoreload Watching for file changes with StatReloader
[INFO] 2025-09-10 08:23:24,262 views User logged in: campaign_user
[INFO] 2025-09-10 08:23:24,370 basehttp "POST /api/auth/login/ HTTP/1.1" 200 307
[INFO] 2025-09-10 08:23:36,466 basehttp "GET /api/campaigns/ HTTP/1.1" 200 286
[INFO] 2025-09-10 08:23:36,493 basehttp "GET /api/campaigns/2/ HTTP/1.1" 200 619
[INFO] 2025-09-10 08:23:36,510 basehttp "GET /api/campaigns/2/statistics/ HTTP/1.1" 200 305
[INFO] 2025-09-10 08:23:36,539 basehttp "GET /api/campaigns/2/messages/ HTTP/1.1" 200 52
[INFO] 2025-09-10 08:24:01,104 basehttp "GET /api/stats/ HTTP/1.1" 200 210
[INFO] 2025-09-10 08:24:01,119 basehttp "GET /api/campaigns/ HTTP/1.1" 200 286
[INFO] 2025-09-10 08:24:19,297 basehttp "GET /api/stats/ HTTP/1.1" 200 210
[INFO] 2025-09-10 08:24:19,317 basehttp "GET /api/campaigns/ HTTP/1.1" 200 286
[INFO] 2025-09-10 08:24:33,040 basehttp "GET /api/stats/ HTTP/1.1" 200 210
[INFO] 2025-09-10 08:24:33,064 basehttp "GET /api/campaigns/ HTTP/1.1" 200 286
[INFO] 2025-09-10 08:25:23,374 basehttp "POST /api/validate-file/ HTTP/1.1" 200 218
[INFO] 2025-09-10 08:25:25,699 views Campaign created: 3, processing file: 3
[INFO] 2025-09-10 08:25:25,705 basehttp "POST /api/campaigns/ HTTP/1.1" 201 702
[INFO] 2025-09-10 08:26:14,487 basehttp "GET /admin/campaigns/uploadedfile/ HTTP/1.1" 200 15750
[INFO] 2025-09-10 08:26:14,518 basehttp "GET /admin/jsi18n/ HTTP/1.1" 200 3343
[INFO] 2025-09-10 08:37:12,295 views User logged in: campaign_user
[INFO] 2025-09-10 08:37:12,430 basehttp "POST /api/auth/login/ HTTP/1.1" 200 307
[INFO] 2025-09-10 08:37:16,634 basehttp "GET /api/campaigns/ HTTP/1.1" 200 521
[INFO] 2025-09-10 08:37:16,651 basehttp "GET /api/campaigns/3/ HTTP/1.1" 200 627
[INFO] 2025-09-10 08:37:16,663 basehttp "GET /api/campaigns/3/statistics/ HTTP/1.1" 200 305
[INFO] 2025-09-10 08:37:16,682 basehttp "GET /api/campaigns/3/messages/ HTTP/1.1" 200 52
[INFO] 2025-09-10 08:37:24,232 basehttp "GET /api/stats/ HTTP/1.1" 200 210
[INFO] 2025-09-10 08:37:24,247 basehttp "GET /api/campaigns/ HTTP/1.1" 200 521
[INFO] 2025-09-10 08:37:28,640 basehttp "GET /api/campaigns/ HTTP/1.1" 200 521
[INFO] 2025-09-10 08:37:28,670 basehttp "GET /api/campaigns/3/ HTTP/1.1" 200 627
[INFO] 2025-09-10 08:37:28,683 basehttp "GET /api/campaigns/3/statistics/ HTTP/1.1" 200 305
[INFO] 2025-09-10 08:37:28,708 basehttp "GET /api/campaigns/3/messages/ HTTP/1.1" 200 52
[INFO] 2025-09-10 08:37:40,743 basehttp "GET /api/campaigns/ HTTP/1.1" 200 521
[INFO] 2025-09-10 08:37:40,768 basehttp "GET /api/campaigns/3/ HTTP/1.1" 200 627
[INFO] 2025-09-10 08:37:40,786 basehttp "GET /api/campaigns/3/statistics/ HTTP/1.1" 200 305
[INFO] 2025-09-10 08:37:40,813 basehttp "GET /api/campaigns/3/messages/ HTTP/1.1" 200 52
[INFO] 2025-09-10 08:37:47,495 basehttp "GET /api/campaigns/ HTTP/1.1" 200 521
[INFO] 2025-09-10 08:37:47,523 basehttp "GET /api/campaigns/3/ HTTP/1.1" 200 627
[INFO] 2025-09-10 08:37:47,539 basehttp "GET /api/campaigns/3/statistics/ HTTP/1.1" 200 305
[INFO] 2025-09-10 08:37:47,567 basehttp "GET /api/campaigns/3/messages/ HTTP/1.1" 200 52
[INFO] 2025-09-10 08:38:09,387 basehttp "GET /api/campaigns/ HTTP/1.1" 200 521
[INFO] 2025-09-10 08:38:09,419 basehttp "GET /api/campaigns/3/ HTTP/1.1" 200 627
[INFO] 2025-09-10 08:38:09,439 basehttp "GET /api/campaigns/3/statistics/ HTTP/1.1" 200 305
[INFO] 2025-09-10 08:38:09,540 basehttp "GET /api/campaigns/ HTTP/1.1" 200 521
[INFO] 2025-09-10 08:38:09,569 basehttp "GET /api/campaigns/3/ HTTP/1.1" 200 627
[INFO] 2025-09-10 08:38:09,586 basehttp "GET /api/campaigns/3/statistics/ HTTP/1.1" 200 305
[INFO] 2025-09-10 08:38:09,617 basehttp "GET /api/campaigns/3/messages/ HTTP/1.1" 200 52
[INFO] 2025-09-10 08:38:14,747 basehttp "GET /api/stats/ HTTP/1.1" 200 210
[INFO] 2025-09-10 08:38:14,765 basehttp "GET /api/campaigns/ HTTP/1.1" 200 521
[INFO] 2025-09-10 08:38:28,884 basehttp "GET /api/campaigns/ HTTP/1.1" 200 521
[INFO] 2025-09-10 08:38:28,912 basehttp "GET /api/campaigns/3/ HTTP/1.1" 200 627
[INFO] 2025-09-10 08:38:28,933 basehttp "GET /api/campaigns/3/statistics/ HTTP/1.1" 200 305
[INFO] 2025-09-10 08:38:28,964 basehttp "GET /api/campaigns/3/messages/ HTTP/1.1" 200 52
[INFO] 2025-09-10 08:38:45,345 basehttp "GET /api/campaigns/ HTTP/1.1" 200 521
[INFO] 2025-09-10 08:38:45,378 basehttp "GET /api/campaigns/3/ HTTP/1.1" 200 627
[INFO] 2025-09-10 08:38:45,396 basehttp "GET /api/campaigns/3/statistics/ HTTP/1.1" 200 305
[INFO] 2025-09-10 08:38:45,477 basehttp "GET /api/campaigns/3/messages/ HTTP/1.1" 200 52
[INFO] 2025-09-10 08:38:53,962 basehttp "GET /api/campaigns/ HTTP/1.1" 200 521
[INFO] 2025-09-10 08:38:53,986 basehttp "GET /api/campaigns/3/ HTTP/1.1" 200 627
[INFO] 2025-09-10 08:38:54,009 basehttp "GET /api/campaigns/3/statistics/ HTTP/1.1" 200 305
[INFO] 2025-09-10 08:38:54,030 basehttp "GET /api/campaigns/3/messages/ HTTP/1.1" 200 52
[INFO] 2025-09-10 08:42:46,884 views User logged in: campaign_user
[INFO] 2025-09-10 08:42:47,004 basehttp "POST /api/auth/login/ HTTP/1.1" 200 307
[INFO] 2025-09-10 08:42:54,911 basehttp "GET /api/campaigns/ HTTP/1.1" 200 521
[INFO] 2025-09-10 08:42:54,937 basehttp "GET /api/campaigns/3/ HTTP/1.1" 200 627
[INFO] 2025-09-10 08:42:54,955 basehttp "GET /api/campaigns/3/statistics/ HTTP/1.1" 200 305
[INFO] 2025-09-10 08:42:54,985 basehttp "GET /api/campaigns/3/messages/ HTTP/1.1" 200 52
[INFO] 2025-09-10 08:43:00,474 basehttp "GET /api/campaigns/ HTTP/1.1" 200 521
[INFO] 2025-09-10 08:43:00,497 basehttp "GET /api/campaigns/3/ HTTP/1.1" 200 627
[INFO] 2025-09-10 08:43:00,515 basehttp "GET /api/campaigns/3/statistics/ HTTP/1.1" 200 305
[INFO] 2025-09-10 08:43:00,615 basehttp "GET /api/campaigns/ HTTP/1.1" 200 521
[INFO] 2025-09-10 08:43:00,649 basehttp "GET /api/campaigns/3/ HTTP/1.1" 200 627
[INFO] 2025-09-10 08:43:00,670 basehttp "GET /api/campaigns/3/statistics/ HTTP/1.1" 200 305
[INFO] 2025-09-10 08:43:00,699 basehttp "GET /api/campaigns/3/messages/ HTTP/1.1" 200 52
[INFO] 2025-09-10 08:43:07,837 basehttp "GET /api/stats/ HTTP/1.1" 200 210
[INFO] 2025-09-10 08:43:07,854 basehttp "GET /api/campaigns/ HTTP/1.1" 200 521
[INFO] 2025-09-10 08:43:17,816 basehttp "GET /api/campaigns/ HTTP/1.1" 200 521
[INFO] 2025-09-10 08:43:17,855 basehttp "GET /api/campaigns/3/ HTTP/1.1" 200 627
[INFO] 2025-09-10 08:43:17,878 basehttp "GET /api/campaigns/3/statistics/ HTTP/1.1" 200 305
[INFO] 2025-09-10 08:43:17,906 basehttp "GET /api/campaigns/3/messages/ HTTP/1.1" 200 52
[INFO] 2025-09-10 08:47:58,921 basehttp "POST /api/validate-file/ HTTP/1.1" 200 218
[INFO] 2025-09-10 08:48:03,944 views Campaign created: 4, processing file: 4
[INFO] 2025-09-10 08:48:03,954 basehttp "POST /api/campaigns/ HTTP/1.1" 201 702
[ERROR] 2025-09-10 09:18:08,056 exception Invalid HTTP_HOST header: '96893e799632.ngrok-free.app'. You may need to add '96893e799632.ngrok-free.app' to ALLOWED_HOSTS.
Traceback (most recent call last):
  File "/home/sohan/whatsapp-campaign/venv/lib/python3.10/site-packages/django/core/handlers/exception.py", line 55, in inner
    response = get_response(request)
  File "/home/sohan/whatsapp-campaign/venv/lib/python3.10/site-packages/django/utils/deprecation.py", line 133, in __call__
    response = self.process_request(request)
  File "/home/sohan/whatsapp-campaign/venv/lib/python3.10/site-packages/django/middleware/common.py", line 48, in process_request
    host = request.get_host()
  File "/home/sohan/whatsapp-campaign/venv/lib/python3.10/site-packages/django/http/request.py", line 150, in get_host
    raise DisallowedHost(msg)
django.core.exceptions.DisallowedHost: Invalid HTTP_HOST header: '96893e799632.ngrok-free.app'. You may need to add '96893e799632.ngrok-free.app' to ALLOWED_HOSTS.
[WARNING] 2025-09-10 09:18:08,160 log Bad Request: /api/webhook/whatsapp/
[WARNING] 2025-09-10 09:18:08,160 basehttp "POST /api/webhook/whatsapp/ HTTP/1.1" 400 74414
[ERROR] 2025-09-10 09:18:09,499 exception Invalid HTTP_HOST header: '96893e799632.ngrok-free.app'. You may need to add '96893e799632.ngrok-free.app' to ALLOWED_HOSTS.
Traceback (most recent call last):
  File "/home/sohan/whatsapp-campaign/venv/lib/python3.10/site-packages/django/core/handlers/exception.py", line 55, in inner
    response = get_response(request)
  File "/home/sohan/whatsapp-campaign/venv/lib/python3.10/site-packages/django/utils/deprecation.py", line 133, in __call__
    response = self.process_request(request)
  File "/home/sohan/whatsapp-campaign/venv/lib/python3.10/site-packages/django/middleware/common.py", line 48, in process_request
    host = request.get_host()
  File "/home/sohan/whatsapp-campaign/venv/lib/python3.10/site-packages/django/http/request.py", line 150, in get_host
    raise DisallowedHost(msg)
django.core.exceptions.DisallowedHost: Invalid HTTP_HOST header: '96893e799632.ngrok-free.app'. You may need to add '96893e799632.ngrok-free.app' to ALLOWED_HOSTS.
[WARNING] 2025-09-10 09:18:09,555 log Bad Request: /api/webhook/whatsapp/
[WARNING] 2025-09-10 09:18:09,556 basehttp "POST /api/webhook/whatsapp/ HTTP/1.1" 400 74415
[ERROR] 2025-09-10 09:21:44,873 exception Invalid HTTP_HOST header: '96893e799632.ngrok-free.app'. You may need to add '96893e799632.ngrok-free.app' to ALLOWED_HOSTS.
Traceback (most recent call last):
  File "/home/sohan/whatsapp-campaign/venv/lib/python3.10/site-packages/django/core/handlers/exception.py", line 55, in inner
    response = get_response(request)
  File "/home/sohan/whatsapp-campaign/venv/lib/python3.10/site-packages/django/utils/deprecation.py", line 133, in __call__
    response = self.process_request(request)
  File "/home/sohan/whatsapp-campaign/venv/lib/python3.10/site-packages/django/middleware/common.py", line 48, in process_request
    host = request.get_host()
  File "/home/sohan/whatsapp-campaign/venv/lib/python3.10/site-packages/django/http/request.py", line 150, in get_host
    raise DisallowedHost(msg)
django.core.exceptions.DisallowedHost: Invalid HTTP_HOST header: '96893e799632.ngrok-free.app'. You may need to add '96893e799632.ngrok-free.app' to ALLOWED_HOSTS.
[WARNING] 2025-09-10 09:21:44,921 log Bad Request: /api/webhook/whatsapp/
[WARNING] 2025-09-10 09:21:44,922 basehttp "POST /api/webhook/whatsapp/ HTTP/1.1" 400 74412
[ERROR] 2025-09-10 09:25:09,480 exception Invalid HTTP_HOST header: '96893e799632.ngrok-free.app'. You may need to add '96893e799632.ngrok-free.app' to ALLOWED_HOSTS.
Traceback (most recent call last):
  File "/home/sohan/whatsapp-campaign/venv/lib/python3.10/site-packages/django/core/handlers/exception.py", line 55, in inner
    response = get_response(request)
  File "/home/sohan/whatsapp-campaign/venv/lib/python3.10/site-packages/django/utils/deprecation.py", line 133, in __call__
    response = self.process_request(request)
  File "/home/sohan/whatsapp-campaign/venv/lib/python3.10/site-packages/django/middleware/common.py", line 48, in process_request
    host = request.get_host()
  File "/home/sohan/whatsapp-campaign/venv/lib/python3.10/site-packages/django/http/request.py", line 150, in get_host
    raise DisallowedHost(msg)
django.core.exceptions.DisallowedHost: Invalid HTTP_HOST header: '96893e799632.ngrok-free.app'. You may need to add '96893e799632.ngrok-free.app' to ALLOWED_HOSTS.
[WARNING] 2025-09-10 09:25:09,535 log Bad Request: /api/webhook/whatsapp/
[WARNING] 2025-09-10 09:25:09,536 basehttp "POST /api/webhook/whatsapp/ HTTP/1.1" 400 74415
[ERROR] 2025-09-10 09:27:00,547 exception Invalid HTTP_HOST header: '96893e799632.ngrok-free.app'. You may need to add '96893e799632.ngrok-free.app' to ALLOWED_HOSTS.
Traceback (most recent call last):
  File "/home/sohan/whatsapp-campaign/venv/lib/python3.10/site-packages/django/core/handlers/exception.py", line 55, in inner
    response = get_response(request)
  File "/home/sohan/whatsapp-campaign/venv/lib/python3.10/site-packages/django/utils/deprecation.py", line 133, in __call__
    response = self.process_request(request)
  File "/home/sohan/whatsapp-campaign/venv/lib/python3.10/site-packages/django/middleware/common.py", line 48, in process_request
    host = request.get_host()
  File "/home/sohan/whatsapp-campaign/venv/lib/python3.10/site-packages/django/http/request.py", line 150, in get_host
    raise DisallowedHost(msg)
django.core.exceptions.DisallowedHost: Invalid HTTP_HOST header: '96893e799632.ngrok-free.app'. You may need to add '96893e799632.ngrok-free.app' to ALLOWED_HOSTS.
[WARNING] 2025-09-10 09:27:00,585 log Bad Request: /api/webhook/whatsapp/
[WARNING] 2025-09-10 09:27:00,586 basehttp "POST /api/webhook/whatsapp/ HTTP/1.1" 400 74410
[ERROR] 2025-09-10 09:30:27,117 exception Invalid HTTP_HOST header: '96893e799632.ngrok-free.app'. You may need to add '96893e799632.ngrok-free.app' to ALLOWED_HOSTS.
Traceback (most recent call last):
  File "/home/sohan/whatsapp-campaign/venv/lib/python3.10/site-packages/django/core/handlers/exception.py", line 55, in inner
    response = get_response(request)
  File "/home/sohan/whatsapp-campaign/venv/lib/python3.10/site-packages/django/utils/deprecation.py", line 133, in __call__
    response = self.process_request(request)
  File "/home/sohan/whatsapp-campaign/venv/lib/python3.10/site-packages/django/middleware/common.py", line 48, in process_request
    host = request.get_host()
  File "/home/sohan/whatsapp-campaign/venv/lib/python3.10/site-packages/django/http/request.py", line 150, in get_host
    raise DisallowedHost(msg)
django.core.exceptions.DisallowedHost: Invalid HTTP_HOST header: '96893e799632.ngrok-free.app'. You may need to add '96893e799632.ngrok-free.app' to ALLOWED_HOSTS.
[WARNING] 2025-09-10 09:30:27,169 log Bad Request: /api/webhook/whatsapp/
[WARNING] 2025-09-10 09:30:27,170 basehttp "POST /api/webhook/whatsapp/ HTTP/1.1" 400 74419
[ERROR] 2025-09-10 09:36:15,840 exception Invalid HTTP_HOST header: '96893e799632.ngrok-free.app'. You may need to add '96893e799632.ngrok-free.app' to ALLOWED_HOSTS.
Traceback (most recent call last):
  File "/home/sohan/whatsapp-campaign/venv/lib/python3.10/site-packages/django/core/handlers/exception.py", line 55, in inner
    response = get_response(request)
  File "/home/sohan/whatsapp-campaign/venv/lib/python3.10/site-packages/django/utils/deprecation.py", line 133, in __call__
    response = self.process_request(request)
  File "/home/sohan/whatsapp-campaign/venv/lib/python3.10/site-packages/django/middleware/common.py", line 48, in process_request
    host = request.get_host()
  File "/home/sohan/whatsapp-campaign/venv/lib/python3.10/site-packages/django/http/request.py", line 150, in get_host
    raise DisallowedHost(msg)
django.core.exceptions.DisallowedHost: Invalid HTTP_HOST header: '96893e799632.ngrok-free.app'. You may need to add '96893e799632.ngrok-free.app' to ALLOWED_HOSTS.
[WARNING] 2025-09-10 09:36:15,891 log Bad Request: /api/webhook/whatsapp/
[WARNING] 2025-09-10 09:36:15,892 basehttp "POST /api/webhook/whatsapp/ HTTP/1.1" 400 74410
[ERROR] 2025-09-10 09:41:10,519 exception Invalid HTTP_HOST header: '96893e799632.ngrok-free.app'. You may need to add '96893e799632.ngrok-free.app' to ALLOWED_HOSTS.
Traceback (most recent call last):
  File "/home/sohan/whatsapp-campaign/venv/lib/python3.10/site-packages/django/core/handlers/exception.py", line 55, in inner
    response = get_response(request)
  File "/home/sohan/whatsapp-campaign/venv/lib/python3.10/site-packages/django/utils/deprecation.py", line 133, in __call__
    response = self.process_request(request)
  File "/home/sohan/whatsapp-campaign/venv/lib/python3.10/site-packages/django/middleware/common.py", line 48, in process_request
    host = request.get_host()
  File "/home/sohan/whatsapp-campaign/venv/lib/python3.10/site-packages/django/http/request.py", line 150, in get_host
    raise DisallowedHost(msg)
django.core.exceptions.DisallowedHost: Invalid HTTP_HOST header: '96893e799632.ngrok-free.app'. You may need to add '96893e799632.ngrok-free.app' to ALLOWED_HOSTS.
[WARNING] 2025-09-10 09:41:10,567 log Bad Request: /api/webhook/whatsapp/
[WARNING] 2025-09-10 09:41:10,568 basehttp "POST /api/webhook/whatsapp/ HTTP/1.1" 400 74410
[ERROR] 2025-09-10 09:47:31,617 exception Invalid HTTP_HOST header: '96893e799632.ngrok-free.app'. You may need to add '96893e799632.ngrok-free.app' to ALLOWED_HOSTS.
Traceback (most recent call last):
  File "/home/sohan/whatsapp-campaign/venv/lib/python3.10/site-packages/django/core/handlers/exception.py", line 55, in inner
    response = get_response(request)
  File "/home/sohan/whatsapp-campaign/venv/lib/python3.10/site-packages/django/utils/deprecation.py", line 133, in __call__
    response = self.process_request(request)
  File "/home/sohan/whatsapp-campaign/venv/lib/python3.10/site-packages/django/middleware/common.py", line 48, in process_request
    host = request.get_host()
  File "/home/sohan/whatsapp-campaign/venv/lib/python3.10/site-packages/django/http/request.py", line 150, in get_host
    raise DisallowedHost(msg)
django.core.exceptions.DisallowedHost: Invalid HTTP_HOST header: '96893e799632.ngrok-free.app'. You may need to add '96893e799632.ngrok-free.app' to ALLOWED_HOSTS.
[WARNING] 2025-09-10 09:47:31,669 log Bad Request: /api/webhook/whatsapp/
[WARNING] 2025-09-10 09:47:31,669 basehttp "POST /api/webhook/whatsapp/ HTTP/1.1" 400 74411
[ERROR] 2025-09-10 09:54:44,859 exception Invalid HTTP_HOST header: '96893e799632.ngrok-free.app'. You may need to add '96893e799632.ngrok-free.app' to ALLOWED_HOSTS.
Traceback (most recent call last):
  File "/home/sohan/whatsapp-campaign/venv/lib/python3.10/site-packages/django/core/handlers/exception.py", line 55, in inner
    response = get_response(request)
  File "/home/sohan/whatsapp-campaign/venv/lib/python3.10/site-packages/django/utils/deprecation.py", line 133, in __call__
    response = self.process_request(request)
  File "/home/sohan/whatsapp-campaign/venv/lib/python3.10/site-packages/django/middleware/common.py", line 48, in process_request
    host = request.get_host()
  File "/home/sohan/whatsapp-campaign/venv/lib/python3.10/site-packages/django/http/request.py", line 150, in get_host
    raise DisallowedHost(msg)
django.core.exceptions.DisallowedHost: Invalid HTTP_HOST header: '96893e799632.ngrok-free.app'. You may need to add '96893e799632.ngrok-free.app' to ALLOWED_HOSTS.
[WARNING] 2025-09-10 09:54:44,916 log Bad Request: /api/webhook/whatsapp/
[WARNING] 2025-09-10 09:54:44,917 basehttp "POST /api/webhook/whatsapp/ HTTP/1.1" 400 74416
[ERROR] 2025-09-10 09:58:36,530 exception Invalid HTTP_HOST header: '96893e799632.ngrok-free.app'. You may need to add '96893e799632.ngrok-free.app' to ALLOWED_HOSTS.
Traceback (most recent call last):
  File "/home/sohan/whatsapp-campaign/venv/lib/python3.10/site-packages/django/core/handlers/exception.py", line 55, in inner
    response = get_response(request)
  File "/home/sohan/whatsapp-campaign/venv/lib/python3.10/site-packages/django/utils/deprecation.py", line 133, in __call__
    response = self.process_request(request)
  File "/home/sohan/whatsapp-campaign/venv/lib/python3.10/site-packages/django/middleware/common.py", line 48, in process_request
    host = request.get_host()
  File "/home/sohan/whatsapp-campaign/venv/lib/python3.10/site-packages/django/http/request.py", line 150, in get_host
    raise DisallowedHost(msg)
django.core.exceptions.DisallowedHost: Invalid HTTP_HOST header: '96893e799632.ngrok-free.app'. You may need to add '96893e799632.ngrok-free.app' to ALLOWED_HOSTS.
[WARNING] 2025-09-10 09:58:36,584 log Bad Request: /api/webhook/whatsapp/
[WARNING] 2025-09-10 09:58:36,584 basehttp "POST /api/webhook/whatsapp/ HTTP/1.1" 400 74412
[ERROR] 2025-09-10 10:15:27,627 exception Invalid HTTP_HOST header: '96893e799632.ngrok-free.app'. You may need to add '96893e799632.ngrok-free.app' to ALLOWED_HOSTS.
Traceback (most recent call last):
  File "/home/sohan/whatsapp-campaign/venv/lib/python3.10/site-packages/django/core/handlers/exception.py", line 55, in inner
    response = get_response(request)
  File "/home/sohan/whatsapp-campaign/venv/lib/python3.10/site-packages/django/utils/deprecation.py", line 133, in __call__
    response = self.process_request(request)
  File "/home/sohan/whatsapp-campaign/venv/lib/python3.10/site-packages/django/middleware/common.py", line 48, in process_request
    host = request.get_host()
  File "/home/sohan/whatsapp-campaign/venv/lib/python3.10/site-packages/django/http/request.py", line 150, in get_host
    raise DisallowedHost(msg)
django.core.exceptions.DisallowedHost: Invalid HTTP_HOST header: '96893e799632.ngrok-free.app'. You may need to add '96893e799632.ngrok-free.app' to ALLOWED_HOSTS.
[WARNING] 2025-09-10 10:15:27,677 log Bad Request: /api/webhook/whatsapp/
[WARNING] 2025-09-10 10:15:27,678 basehttp "POST /api/webhook/whatsapp/ HTTP/1.1" 400 74410
[ERROR] 2025-09-10 10:15:29,091 exception Invalid HTTP_HOST header: '96893e799632.ngrok-free.app'. You may need to add '96893e799632.ngrok-free.app' to ALLOWED_HOSTS.
Traceback (most recent call last):
  File "/home/sohan/whatsapp-campaign/venv/lib/python3.10/site-packages/django/core/handlers/exception.py", line 55, in inner
    response = get_response(request)
  File "/home/sohan/whatsapp-campaign/venv/lib/python3.10/site-packages/django/utils/deprecation.py", line 133, in __call__
    response = self.process_request(request)
  File "/home/sohan/whatsapp-campaign/venv/lib/python3.10/site-packages/django/middleware/common.py", line 48, in process_request
    host = request.get_host()
  File "/home/sohan/whatsapp-campaign/venv/lib/python3.10/site-packages/django/http/request.py", line 150, in get_host
    raise DisallowedHost(msg)
django.core.exceptions.DisallowedHost: Invalid HTTP_HOST header: '96893e799632.ngrok-free.app'. You may need to add '96893e799632.ngrok-free.app' to ALLOWED_HOSTS.
[WARNING] 2025-09-10 10:15:29,146 log Bad Request: /api/webhook/whatsapp/
[WARNING] 2025-09-10 10:15:29,147 basehttp "POST /api/webhook/whatsapp/ HTTP/1.1" 400 74410
[ERROR] 2025-09-10 10:15:32,200 exception Invalid HTTP_HOST header: '96893e799632.ngrok-free.app'. You may need to add '96893e799632.ngrok-free.app' to ALLOWED_HOSTS.
Traceback (most recent call last):
  File "/home/sohan/whatsapp-campaign/venv/lib/python3.10/site-packages/django/core/handlers/exception.py", line 55, in inner
    response = get_response(request)
  File "/home/sohan/whatsapp-campaign/venv/lib/python3.10/site-packages/django/utils/deprecation.py", line 133, in __call__
    response = self.process_request(request)
  File "/home/sohan/whatsapp-campaign/venv/lib/python3.10/site-packages/django/middleware/common.py", line 48, in process_request
    host = request.get_host()
  File "/home/sohan/whatsapp-campaign/venv/lib/python3.10/site-packages/django/http/request.py", line 150, in get_host
    raise DisallowedHost(msg)
django.core.exceptions.DisallowedHost: Invalid HTTP_HOST header: '96893e799632.ngrok-free.app'. You may need to add '96893e799632.ngrok-free.app' to ALLOWED_HOSTS.
[WARNING] 2025-09-10 10:15:32,252 log Bad Request: /api/webhook/whatsapp/
[WARNING] 2025-09-10 10:15:32,253 basehttp "POST /api/webhook/whatsapp/ HTTP/1.1" 400 74405
[ERROR] 2025-09-10 10:16:00,476 exception Invalid HTTP_HOST header: '96893e799632.ngrok-free.app'. You may need to add '96893e799632.ngrok-free.app' to ALLOWED_HOSTS.
Traceback (most recent call last):
  File "/home/sohan/whatsapp-campaign/venv/lib/python3.10/site-packages/django/core/handlers/exception.py", line 55, in inner
    response = get_response(request)
  File "/home/sohan/whatsapp-campaign/venv/lib/python3.10/site-packages/django/utils/deprecation.py", line 133, in __call__
    response = self.process_request(request)
  File "/home/sohan/whatsapp-campaign/venv/lib/python3.10/site-packages/django/middleware/common.py", line 48, in process_request
    host = request.get_host()
  File "/home/sohan/whatsapp-campaign/venv/lib/python3.10/site-packages/django/http/request.py", line 150, in get_host
    raise DisallowedHost(msg)
django.core.exceptions.DisallowedHost: Invalid HTTP_HOST header: '96893e799632.ngrok-free.app'. You may need to add '96893e799632.ngrok-free.app' to ALLOWED_HOSTS.
[WARNING] 2025-09-10 10:16:00,529 log Bad Request: /api/webhook/whatsapp/
[WARNING] 2025-09-10 10:16:00,530 basehttp "POST /api/webhook/whatsapp/ HTTP/1.1" 400 74405
[ERROR] 2025-09-10 10:23:14,392 exception Invalid HTTP_HOST header: '96893e799632.ngrok-free.app'. You may need to add '96893e799632.ngrok-free.app' to ALLOWED_HOSTS.
Traceback (most recent call last):
  File "/home/sohan/whatsapp-campaign/venv/lib/python3.10/site-packages/django/core/handlers/exception.py", line 55, in inner
    response = get_response(request)
  File "/home/sohan/whatsapp-campaign/venv/lib/python3.10/site-packages/django/utils/deprecation.py", line 133, in __call__
    response = self.process_request(request)
  File "/home/sohan/whatsapp-campaign/venv/lib/python3.10/site-packages/django/middleware/common.py", line 48, in process_request
    host = request.get_host()
  File "/home/sohan/whatsapp-campaign/venv/lib/python3.10/site-packages/django/http/request.py", line 150, in get_host
    raise DisallowedHost(msg)
django.core.exceptions.DisallowedHost: Invalid HTTP_HOST header: '96893e799632.ngrok-free.app'. You may need to add '96893e799632.ngrok-free.app' to ALLOWED_HOSTS.
[WARNING] 2025-09-10 10:23:14,438 log Bad Request: /api/webhook/whatsapp/
[WARNING] 2025-09-10 10:23:14,439 basehttp "POST /api/webhook/whatsapp/ HTTP/1.1" 400 74415
[ERROR] 2025-09-10 10:27:53,606 exception Invalid HTTP_HOST header: '96893e799632.ngrok-free.app'. You may need to add '96893e799632.ngrok-free.app' to ALLOWED_HOSTS.
Traceback (most recent call last):
  File "/home/sohan/whatsapp-campaign/venv/lib/python3.10/site-packages/django/core/handlers/exception.py", line 55, in inner
    response = get_response(request)
  File "/home/sohan/whatsapp-campaign/venv/lib/python3.10/site-packages/django/utils/deprecation.py", line 133, in __call__
    response = self.process_request(request)
  File "/home/sohan/whatsapp-campaign/venv/lib/python3.10/site-packages/django/middleware/common.py", line 48, in process_request
    host = request.get_host()
  File "/home/sohan/whatsapp-campaign/venv/lib/python3.10/site-packages/django/http/request.py", line 150, in get_host
    raise DisallowedHost(msg)
django.core.exceptions.DisallowedHost: Invalid HTTP_HOST header: '96893e799632.ngrok-free.app'. You may need to add '96893e799632.ngrok-free.app' to ALLOWED_HOSTS.
[WARNING] 2025-09-10 10:27:53,661 log Bad Request: /api/webhook/whatsapp/
[WARNING] 2025-09-10 10:27:53,661 basehttp "POST /api/webhook/whatsapp/ HTTP/1.1" 400 74412
[ERROR] 2025-09-10 10:27:55,169 exception Invalid HTTP_HOST header: '96893e799632.ngrok-free.app'. You may need to add '96893e799632.ngrok-free.app' to ALLOWED_HOSTS.
Traceback (most recent call last):
  File "/home/sohan/whatsapp-campaign/venv/lib/python3.10/site-packages/django/core/handlers/exception.py", line 55, in inner
    response = get_response(request)
  File "/home/sohan/whatsapp-campaign/venv/lib/python3.10/site-packages/django/utils/deprecation.py", line 133, in __call__
    response = self.process_request(request)
  File "/home/sohan/whatsapp-campaign/venv/lib/python3.10/site-packages/django/middleware/common.py", line 48, in process_request
    host = request.get_host()
  File "/home/sohan/whatsapp-campaign/venv/lib/python3.10/site-packages/django/http/request.py", line 150, in get_host
    raise DisallowedHost(msg)
django.core.exceptions.DisallowedHost: Invalid HTTP_HOST header: '96893e799632.ngrok-free.app'. You may need to add '96893e799632.ngrok-free.app' to ALLOWED_HOSTS.
[WARNING] 2025-09-10 10:27:55,220 log Bad Request: /api/webhook/whatsapp/
[WARNING] 2025-09-10 10:27:55,220 basehttp "POST /api/webhook/whatsapp/ HTTP/1.1" 400 74404
[ERROR] 2025-09-10 10:27:58,182 exception Invalid HTTP_HOST header: '96893e799632.ngrok-free.app'. You may need to add '96893e799632.ngrok-free.app' to ALLOWED_HOSTS.
Traceback (most recent call last):
  File "/home/sohan/whatsapp-campaign/venv/lib/python3.10/site-packages/django/core/handlers/exception.py", line 55, in inner
    response = get_response(request)
  File "/home/sohan/whatsapp-campaign/venv/lib/python3.10/site-packages/django/utils/deprecation.py", line 133, in __call__
    response = self.process_request(request)
  File "/home/sohan/whatsapp-campaign/venv/lib/python3.10/site-packages/django/middleware/common.py", line 48, in process_request
    host = request.get_host()
  File "/home/sohan/whatsapp-campaign/venv/lib/python3.10/site-packages/django/http/request.py", line 150, in get_host
    raise DisallowedHost(msg)
django.core.exceptions.DisallowedHost: Invalid HTTP_HOST header: '96893e799632.ngrok-free.app'. You may need to add '96893e799632.ngrok-free.app' to ALLOWED_HOSTS.
[WARNING] 2025-09-10 10:27:58,232 log Bad Request: /api/webhook/whatsapp/
[WARNING] 2025-09-10 10:27:58,232 basehttp "POST /api/webhook/whatsapp/ HTTP/1.1" 400 74413
[ERROR] 2025-09-10 10:28:21,803 exception Invalid HTTP_HOST header: '96893e799632.ngrok-free.app'. You may need to add '96893e799632.ngrok-free.app' to ALLOWED_HOSTS.
Traceback (most recent call last):
  File "/home/sohan/whatsapp-campaign/venv/lib/python3.10/site-packages/django/core/handlers/exception.py", line 55, in inner
    response = get_response(request)
  File "/home/sohan/whatsapp-campaign/venv/lib/python3.10/site-packages/django/utils/deprecation.py", line 133, in __call__
    response = self.process_request(request)
  File "/home/sohan/whatsapp-campaign/venv/lib/python3.10/site-packages/django/middleware/common.py", line 48, in process_request
    host = request.get_host()
  File "/home/sohan/whatsapp-campaign/venv/lib/python3.10/site-packages/django/http/request.py", line 150, in get_host
    raise DisallowedHost(msg)
django.core.exceptions.DisallowedHost: Invalid HTTP_HOST header: '96893e799632.ngrok-free.app'. You may need to add '96893e799632.ngrok-free.app' to ALLOWED_HOSTS.
[WARNING] 2025-09-10 10:28:21,855 log Bad Request: /api/webhook/whatsapp/
[WARNING] 2025-09-10 10:28:21,855 basehttp "POST /api/webhook/whatsapp/ HTTP/1.1" 400 74407
[ERROR] 2025-09-10 10:35:04,509 exception Invalid HTTP_HOST header: '96893e799632.ngrok-free.app'. You may need to add '96893e799632.ngrok-free.app' to ALLOWED_HOSTS.
Traceback (most recent call last):
  File "/home/sohan/whatsapp-campaign/venv/lib/python3.10/site-packages/django/core/handlers/exception.py", line 55, in inner
    response = get_response(request)
  File "/home/sohan/whatsapp-campaign/venv/lib/python3.10/site-packages/django/utils/deprecation.py", line 133, in __call__
    response = self.process_request(request)
  File "/home/sohan/whatsapp-campaign/venv/lib/python3.10/site-packages/django/middleware/common.py", line 48, in process_request
    host = request.get_host()
  File "/home/sohan/whatsapp-campaign/venv/lib/python3.10/site-packages/django/http/request.py", line 150, in get_host
    raise DisallowedHost(msg)
django.core.exceptions.DisallowedHost: Invalid HTTP_HOST header: '96893e799632.ngrok-free.app'. You may need to add '96893e799632.ngrok-free.app' to ALLOWED_HOSTS.
[WARNING] 2025-09-10 10:35:04,574 log Bad Request: /api/webhook/whatsapp/
[WARNING] 2025-09-10 10:35:04,577 basehttp "POST /api/webhook/whatsapp/ HTTP/1.1" 400 74416
[ERROR] 2025-09-10 11:00:45,086 exception Invalid HTTP_HOST header: '96893e799632.ngrok-free.app'. You may need to add '96893e799632.ngrok-free.app' to ALLOWED_HOSTS.
Traceback (most recent call last):
  File "/home/sohan/whatsapp-campaign/venv/lib/python3.10/site-packages/django/core/handlers/exception.py", line 55, in inner
    response = get_response(request)
  File "/home/sohan/whatsapp-campaign/venv/lib/python3.10/site-packages/django/utils/deprecation.py", line 133, in __call__
    response = self.process_request(request)
  File "/home/sohan/whatsapp-campaign/venv/lib/python3.10/site-packages/django/middleware/common.py", line 48, in process_request
    host = request.get_host()
  File "/home/sohan/whatsapp-campaign/venv/lib/python3.10/site-packages/django/http/request.py", line 150, in get_host
    raise DisallowedHost(msg)
django.core.exceptions.DisallowedHost: Invalid HTTP_HOST header: '96893e799632.ngrok-free.app'. You may need to add '96893e799632.ngrok-free.app' to ALLOWED_HOSTS.
[WARNING] 2025-09-10 11:00:45,139 log Bad Request: /api/webhook/whatsapp/
[WARNING] 2025-09-10 11:00:45,139 basehttp "POST /api/webhook/whatsapp/ HTTP/1.1" 400 74403
[ERROR] 2025-09-10 11:00:46,638 exception Invalid HTTP_HOST header: '96893e799632.ngrok-free.app'. You may need to add '96893e799632.ngrok-free.app' to ALLOWED_HOSTS.
Traceback (most recent call last):
  File "/home/sohan/whatsapp-campaign/venv/lib/python3.10/site-packages/django/core/handlers/exception.py", line 55, in inner
    response = get_response(request)
  File "/home/sohan/whatsapp-campaign/venv/lib/python3.10/site-packages/django/utils/deprecation.py", line 133, in __call__
    response = self.process_request(request)
  File "/home/sohan/whatsapp-campaign/venv/lib/python3.10/site-packages/django/middleware/common.py", line 48, in process_request
    host = request.get_host()
  File "/home/sohan/whatsapp-campaign/venv/lib/python3.10/site-packages/django/http/request.py", line 150, in get_host
    raise DisallowedHost(msg)
django.core.exceptions.DisallowedHost: Invalid HTTP_HOST header: '96893e799632.ngrok-free.app'. You may need to add '96893e799632.ngrok-free.app' to ALLOWED_HOSTS.
[WARNING] 2025-09-10 11:00:46,681 log Bad Request: /api/webhook/whatsapp/
[WARNING] 2025-09-10 11:00:46,682 basehttp "POST /api/webhook/whatsapp/ HTTP/1.1" 400 74404
[ERROR] 2025-09-10 11:00:49,424 exception Invalid HTTP_HOST header: '96893e799632.ngrok-free.app'. You may need to add '96893e799632.ngrok-free.app' to ALLOWED_HOSTS.
Traceback (most recent call last):
  File "/home/sohan/whatsapp-campaign/venv/lib/python3.10/site-packages/django/core/handlers/exception.py", line 55, in inner
    response = get_response(request)
  File "/home/sohan/whatsapp-campaign/venv/lib/python3.10/site-packages/django/utils/deprecation.py", line 133, in __call__
    response = self.process_request(request)
  File "/home/sohan/whatsapp-campaign/venv/lib/python3.10/site-packages/django/middleware/common.py", line 48, in process_request
    host = request.get_host()
  File "/home/sohan/whatsapp-campaign/venv/lib/python3.10/site-packages/django/http/request.py", line 150, in get_host
    raise DisallowedHost(msg)
django.core.exceptions.DisallowedHost: Invalid HTTP_HOST header: '96893e799632.ngrok-free.app'. You may need to add '96893e799632.ngrok-free.app' to ALLOWED_HOSTS.
[WARNING] 2025-09-10 11:00:49,469 log Bad Request: /api/webhook/whatsapp/
[WARNING] 2025-09-10 11:00:49,470 basehttp "POST /api/webhook/whatsapp/ HTTP/1.1" 400 74409
[ERROR] 2025-09-10 11:01:16,933 exception Invalid HTTP_HOST header: '96893e799632.ngrok-free.app'. You may need to add '96893e799632.ngrok-free.app' to ALLOWED_HOSTS.
Traceback (most recent call last):
  File "/home/sohan/whatsapp-campaign/venv/lib/python3.10/site-packages/django/core/handlers/exception.py", line 55, in inner
    response = get_response(request)
  File "/home/sohan/whatsapp-campaign/venv/lib/python3.10/site-packages/django/utils/deprecation.py", line 133, in __call__
    response = self.process_request(request)
  File "/home/sohan/whatsapp-campaign/venv/lib/python3.10/site-packages/django/middleware/common.py", line 48, in process_request
    host = request.get_host()
  File "/home/sohan/whatsapp-campaign/venv/lib/python3.10/site-packages/django/http/request.py", line 150, in get_host
    raise DisallowedHost(msg)
django.core.exceptions.DisallowedHost: Invalid HTTP_HOST header: '96893e799632.ngrok-free.app'. You may need to add '96893e799632.ngrok-free.app' to ALLOWED_HOSTS.
[WARNING] 2025-09-10 11:01:16,984 log Bad Request: /api/webhook/whatsapp/
[WARNING] 2025-09-10 11:01:16,984 basehttp "POST /api/webhook/whatsapp/ HTTP/1.1" 400 74408
[ERROR] 2025-09-10 11:07:43,755 exception Invalid HTTP_HOST header: '96893e799632.ngrok-free.app'. You may need to add '96893e799632.ngrok-free.app' to ALLOWED_HOSTS.
Traceback (most recent call last):
  File "/home/sohan/whatsapp-campaign/venv/lib/python3.10/site-packages/django/core/handlers/exception.py", line 55, in inner
    response = get_response(request)
  File "/home/sohan/whatsapp-campaign/venv/lib/python3.10/site-packages/django/utils/deprecation.py", line 133, in __call__
    response = self.process_request(request)
  File "/home/sohan/whatsapp-campaign/venv/lib/python3.10/site-packages/django/middleware/common.py", line 48, in process_request
    host = request.get_host()
  File "/home/sohan/whatsapp-campaign/venv/lib/python3.10/site-packages/django/http/request.py", line 150, in get_host
    raise DisallowedHost(msg)
django.core.exceptions.DisallowedHost: Invalid HTTP_HOST header: '96893e799632.ngrok-free.app'. You may need to add '96893e799632.ngrok-free.app' to ALLOWED_HOSTS.
[WARNING] 2025-09-10 11:07:43,789 log Bad Request: /api/webhook/whatsapp/
[WARNING] 2025-09-10 11:07:43,790 basehttp "POST /api/webhook/whatsapp/ HTTP/1.1" 400 74417
[ERROR] 2025-09-10 11:38:45,283 exception Invalid HTTP_HOST header: '96893e799632.ngrok-free.app'. You may need to add '96893e799632.ngrok-free.app' to ALLOWED_HOSTS.
Traceback (most recent call last):
  File "/home/sohan/whatsapp-campaign/venv/lib/python3.10/site-packages/django/core/handlers/exception.py", line 55, in inner
    response = get_response(request)
  File "/home/sohan/whatsapp-campaign/venv/lib/python3.10/site-packages/django/utils/deprecation.py", line 133, in __call__
    response = self.process_request(request)
  File "/home/sohan/whatsapp-campaign/venv/lib/python3.10/site-packages/django/middleware/common.py", line 48, in process_request
    host = request.get_host()
  File "/home/sohan/whatsapp-campaign/venv/lib/python3.10/site-packages/django/http/request.py", line 150, in get_host
    raise DisallowedHost(msg)
django.core.exceptions.DisallowedHost: Invalid HTTP_HOST header: '96893e799632.ngrok-free.app'. You may need to add '96893e799632.ngrok-free.app' to ALLOWED_HOSTS.
[WARNING] 2025-09-10 11:38:45,350 log Bad Request: /api/webhook/whatsapp/
[WARNING] 2025-09-10 11:38:45,352 basehttp "POST /api/webhook/whatsapp/ HTTP/1.1" 400 74413
[ERROR] 2025-09-10 11:38:46,652 exception Invalid HTTP_HOST header: '96893e799632.ngrok-free.app'. You may need to add '96893e799632.ngrok-free.app' to ALLOWED_HOSTS.
Traceback (most recent call last):
  File "/home/sohan/whatsapp-campaign/venv/lib/python3.10/site-packages/django/core/handlers/exception.py", line 55, in inner
    response = get_response(request)
  File "/home/sohan/whatsapp-campaign/venv/lib/python3.10/site-packages/django/utils/deprecation.py", line 133, in __call__
    response = self.process_request(request)
  File "/home/sohan/whatsapp-campaign/venv/lib/python3.10/site-packages/django/middleware/common.py", line 48, in process_request
    host = request.get_host()
  File "/home/sohan/whatsapp-campaign/venv/lib/python3.10/site-packages/django/http/request.py", line 150, in get_host
    raise DisallowedHost(msg)
django.core.exceptions.DisallowedHost: Invalid HTTP_HOST header: '96893e799632.ngrok-free.app'. You may need to add '96893e799632.ngrok-free.app' to ALLOWED_HOSTS.
[WARNING] 2025-09-10 11:38:46,688 log Bad Request: /api/webhook/whatsapp/
[WARNING] 2025-09-10 11:38:46,689 basehttp "POST /api/webhook/whatsapp/ HTTP/1.1" 400 74418
[ERROR] 2025-09-10 11:38:49,221 exception Invalid HTTP_HOST header: '96893e799632.ngrok-free.app'. You may need to add '96893e799632.ngrok-free.app' to ALLOWED_HOSTS.
Traceback (most recent call last):
  File "/home/sohan/whatsapp-campaign/venv/lib/python3.10/site-packages/django/core/handlers/exception.py", line 55, in inner
    response = get_response(request)
  File "/home/sohan/whatsapp-campaign/venv/lib/python3.10/site-packages/django/utils/deprecation.py", line 133, in __call__
    response = self.process_request(request)
  File "/home/sohan/whatsapp-campaign/venv/lib/python3.10/site-packages/django/middleware/common.py", line 48, in process_request
    host = request.get_host()
  File "/home/sohan/whatsapp-campaign/venv/lib/python3.10/site-packages/django/http/request.py", line 150, in get_host
    raise DisallowedHost(msg)
django.core.exceptions.DisallowedHost: Invalid HTTP_HOST header: '96893e799632.ngrok-free.app'. You may need to add '96893e799632.ngrok-free.app' to ALLOWED_HOSTS.
[WARNING] 2025-09-10 11:38:49,275 log Bad Request: /api/webhook/whatsapp/
[WARNING] 2025-09-10 11:38:49,275 basehttp "POST /api/webhook/whatsapp/ HTTP/1.1" 400 74411
[ERROR] 2025-09-10 11:41:42,565 exception Invalid HTTP_HOST header: '96893e799632.ngrok-free.app'. You may need to add '96893e799632.ngrok-free.app' to ALLOWED_HOSTS.
Traceback (most recent call last):
  File "/home/sohan/whatsapp-campaign/venv/lib/python3.10/site-packages/django/core/handlers/exception.py", line 55, in inner
    response = get_response(request)
  File "/home/sohan/whatsapp-campaign/venv/lib/python3.10/site-packages/django/utils/deprecation.py", line 133, in __call__
    response = self.process_request(request)
  File "/home/sohan/whatsapp-campaign/venv/lib/python3.10/site-packages/django/middleware/common.py", line 48, in process_request
    host = request.get_host()
  File "/home/sohan/whatsapp-campaign/venv/lib/python3.10/site-packages/django/http/request.py", line 150, in get_host
    raise DisallowedHost(msg)
django.core.exceptions.DisallowedHost: Invalid HTTP_HOST header: '96893e799632.ngrok-free.app'. You may need to add '96893e799632.ngrok-free.app' to ALLOWED_HOSTS.
[WARNING] 2025-09-10 11:41:42,613 log Bad Request: /api/webhook/whatsapp/
[WARNING] 2025-09-10 11:41:42,614 basehttp "POST /api/webhook/whatsapp/ HTTP/1.1" 400 74412
[ERROR] 2025-09-10 11:41:43,885 exception Invalid HTTP_HOST header: '96893e799632.ngrok-free.app'. You may need to add '96893e799632.ngrok-free.app' to ALLOWED_HOSTS.
Traceback (most recent call last):
  File "/home/sohan/whatsapp-campaign/venv/lib/python3.10/site-packages/django/core/handlers/exception.py", line 55, in inner
    response = get_response(request)
  File "/home/sohan/whatsapp-campaign/venv/lib/python3.10/site-packages/django/utils/deprecation.py", line 133, in __call__
    response = self.process_request(request)
  File "/home/sohan/whatsapp-campaign/venv/lib/python3.10/site-packages/django/middleware/common.py", line 48, in process_request
    host = request.get_host()
  File "/home/sohan/whatsapp-campaign/venv/lib/python3.10/site-packages/django/http/request.py", line 150, in get_host
    raise DisallowedHost(msg)
django.core.exceptions.DisallowedHost: Invalid HTTP_HOST header: '96893e799632.ngrok-free.app'. You may need to add '96893e799632.ngrok-free.app' to ALLOWED_HOSTS.
[WARNING] 2025-09-10 11:41:43,943 log Bad Request: /api/webhook/whatsapp/
[WARNING] 2025-09-10 11:41:43,944 basehttp "POST /api/webhook/whatsapp/ HTTP/1.1" 400 74409
[ERROR] 2025-09-10 11:41:46,558 exception Invalid HTTP_HOST header: '96893e799632.ngrok-free.app'. You may need to add '96893e799632.ngrok-free.app' to ALLOWED_HOSTS.
Traceback (most recent call last):
  File "/home/sohan/whatsapp-campaign/venv/lib/python3.10/site-packages/django/core/handlers/exception.py", line 55, in inner
    response = get_response(request)
  File "/home/sohan/whatsapp-campaign/venv/lib/python3.10/site-packages/django/utils/deprecation.py", line 133, in __call__
    response = self.process_request(request)
  File "/home/sohan/whatsapp-campaign/venv/lib/python3.10/site-packages/django/middleware/common.py", line 48, in process_request
    host = request.get_host()
  File "/home/sohan/whatsapp-campaign/venv/lib/python3.10/site-packages/django/http/request.py", line 150, in get_host
    raise DisallowedHost(msg)
django.core.exceptions.DisallowedHost: Invalid HTTP_HOST header: '96893e799632.ngrok-free.app'. You may need to add '96893e799632.ngrok-free.app' to ALLOWED_HOSTS.
[WARNING] 2025-09-10 11:41:46,606 log Bad Request: /api/webhook/whatsapp/
[WARNING] 2025-09-10 11:41:46,607 basehttp "POST /api/webhook/whatsapp/ HTTP/1.1" 400 74411
[ERROR] 2025-09-10 11:42:10,466 exception Invalid HTTP_HOST header: '96893e799632.ngrok-free.app'. You may need to add '96893e799632.ngrok-free.app' to ALLOWED_HOSTS.
Traceback (most recent call last):
  File "/home/sohan/whatsapp-campaign/venv/lib/python3.10/site-packages/django/core/handlers/exception.py", line 55, in inner
    response = get_response(request)
  File "/home/sohan/whatsapp-campaign/venv/lib/python3.10/site-packages/django/utils/deprecation.py", line 133, in __call__
    response = self.process_request(request)
  File "/home/sohan/whatsapp-campaign/venv/lib/python3.10/site-packages/django/middleware/common.py", line 48, in process_request
    host = request.get_host()
  File "/home/sohan/whatsapp-campaign/venv/lib/python3.10/site-packages/django/http/request.py", line 150, in get_host
    raise DisallowedHost(msg)
django.core.exceptions.DisallowedHost: Invalid HTTP_HOST header: '96893e799632.ngrok-free.app'. You may need to add '96893e799632.ngrok-free.app' to ALLOWED_HOSTS.
[WARNING] 2025-09-10 11:42:10,499 log Bad Request: /api/webhook/whatsapp/
[WARNING] 2025-09-10 11:42:10,500 basehttp "POST /api/webhook/whatsapp/ HTTP/1.1" 400 74411
[ERROR] 2025-09-10 11:48:05,559 exception Invalid HTTP_HOST header: '96893e799632.ngrok-free.app'. You may need to add '96893e799632.ngrok-free.app' to ALLOWED_HOSTS.
Traceback (most recent call last):
  File "/home/sohan/whatsapp-campaign/venv/lib/python3.10/site-packages/django/core/handlers/exception.py", line 55, in inner
    response = get_response(request)
  File "/home/sohan/whatsapp-campaign/venv/lib/python3.10/site-packages/django/utils/deprecation.py", line 133, in __call__
    response = self.process_request(request)
  File "/home/sohan/whatsapp-campaign/venv/lib/python3.10/site-packages/django/middleware/common.py", line 48, in process_request
    host = request.get_host()
  File "/home/sohan/whatsapp-campaign/venv/lib/python3.10/site-packages/django/http/request.py", line 150, in get_host
    raise DisallowedHost(msg)
django.core.exceptions.DisallowedHost: Invalid HTTP_HOST header: '96893e799632.ngrok-free.app'. You may need to add '96893e799632.ngrok-free.app' to ALLOWED_HOSTS.
[WARNING] 2025-09-10 11:48:05,614 log Bad Request: /api/webhook/whatsapp/
[WARNING] 2025-09-10 11:48:05,614 basehttp "POST /api/webhook/whatsapp/ HTTP/1.1" 400 74410
[ERROR] 2025-09-10 12:02:53,153 exception Invalid HTTP_HOST header: '96893e799632.ngrok-free.app'. You may need to add '96893e799632.ngrok-free.app' to ALLOWED_HOSTS.
Traceback (most recent call last):
  File "/home/sohan/whatsapp-campaign/venv/lib/python3.10/site-packages/django/core/handlers/exception.py", line 55, in inner
    response = get_response(request)
  File "/home/sohan/whatsapp-campaign/venv/lib/python3.10/site-packages/django/utils/deprecation.py", line 133, in __call__
    response = self.process_request(request)
  File "/home/sohan/whatsapp-campaign/venv/lib/python3.10/site-packages/django/middleware/common.py", line 48, in process_request
    host = request.get_host()
  File "/home/sohan/whatsapp-campaign/venv/lib/python3.10/site-packages/django/http/request.py", line 150, in get_host
    raise DisallowedHost(msg)
django.core.exceptions.DisallowedHost: Invalid HTTP_HOST header: '96893e799632.ngrok-free.app'. You may need to add '96893e799632.ngrok-free.app' to ALLOWED_HOSTS.
[WARNING] 2025-09-10 12:02:53,205 log Bad Request: /api/webhook/whatsapp/
[WARNING] 2025-09-10 12:02:53,205 basehttp "POST /api/webhook/whatsapp/ HTTP/1.1" 400 74406
[ERROR] 2025-09-10 12:43:10,531 exception Invalid HTTP_HOST header: '96893e799632.ngrok-free.app'. You may need to add '96893e799632.ngrok-free.app' to ALLOWED_HOSTS.
Traceback (most recent call last):
  File "/home/sohan/whatsapp-campaign/venv/lib/python3.10/site-packages/django/core/handlers/exception.py", line 55, in inner
    response = get_response(request)
  File "/home/sohan/whatsapp-campaign/venv/lib/python3.10/site-packages/django/utils/deprecation.py", line 133, in __call__
    response = self.process_request(request)
  File "/home/sohan/whatsapp-campaign/venv/lib/python3.10/site-packages/django/middleware/common.py", line 48, in process_request
    host = request.get_host()
  File "/home/sohan/whatsapp-campaign/venv/lib/python3.10/site-packages/django/http/request.py", line 150, in get_host
    raise DisallowedHost(msg)
django.core.exceptions.DisallowedHost: Invalid HTTP_HOST header: '96893e799632.ngrok-free.app'. You may need to add '96893e799632.ngrok-free.app' to ALLOWED_HOSTS.
[WARNING] 2025-09-10 12:43:10,553 log Bad Request: /api/webhook/whatsapp/
[WARNING] 2025-09-10 12:43:10,553 basehttp "POST /api/webhook/whatsapp/ HTTP/1.1" 400 74413
[INFO] 2025-09-10 13:19:45,187 basehttp "GET /api/stats/ HTTP/1.1" 200 210
[INFO] 2025-09-10 13:19:45,215 basehttp "GET /api/campaigns/ HTTP/1.1" 200 756
[INFO] 2025-09-10 13:19:56,617 autoreload Watching for file changes with StatReloader
[INFO] 2025-09-10 13:21:16,095 views User logged in: campaign_user
[INFO] 2025-09-10 13:21:16,489 basehttp "POST /api/auth/login/ HTTP/1.1" 200 307
[INFO] 2025-09-10 13:21:23,312 basehttp "GET /api/campaigns/ HTTP/1.1" 200 756
[INFO] 2025-09-10 13:21:23,332 basehttp "GET /api/campaigns/4/ HTTP/1.1" 200 627
[INFO] 2025-09-10 13:21:23,345 basehttp "GET /api/campaigns/4/statistics/ HTTP/1.1" 200 305
[INFO] 2025-09-10 13:21:23,367 basehttp "GET /api/campaigns/4/messages/ HTTP/1.1" 200 52
[INFO] 2025-09-10 13:22:03,915 basehttp "POST /api/validate-file/ HTTP/1.1" 200 218
[INFO] 2025-09-10 13:22:07,583 views Campaign created: 5, processing file: 5
[INFO] 2025-09-10 13:22:07,589 basehttp "POST /api/campaigns/ HTTP/1.1" 201 702
[INFO] 2025-09-10 13:23:33,121 autoreload /home/sohan/whatsapp-campaign/campaigns/whatsapp_360_client.py changed, reloading.
[INFO] 2025-09-10 13:23:33,789 autoreload Watching for file changes with StatReloader
[INFO] 2025-09-10 13:29:10,178 autoreload Watching for file changes with StatReloader
[INFO] 2025-09-10 13:30:26,698 views User logged in: campaign_user
[INFO] 2025-09-10 13:30:26,798 basehttp "POST /api/auth/login/ HTTP/1.1" 200 307
[INFO] 2025-09-10 13:30:56,837 basehttp "POST /api/validate-file/ HTTP/1.1" 200 216
[INFO] 2025-09-10 13:31:09,466 views Campaign created: 6, processing file: 6
[INFO] 2025-09-10 13:31:09,476 basehttp "POST /api/campaigns/ HTTP/1.1" 201 691
[INFO] 2025-09-10 13:33:01,836 basehttp "GET /admin/campaigns/uploadedfile/ HTTP/1.1" 200 17391
[INFO] 2025-09-10 13:33:01,859 basehttp "GET /static/admin/css/base.css HTTP/1.1" 304 0
[INFO] 2025-09-10 13:33:01,861 basehttp "GET /static/admin/css/dark_mode.css HTTP/1.1" 304 0
[INFO] 2025-09-10 13:33:01,865 basehttp "GET /static/admin/css/nav_sidebar.css HTTP/1.1" 304 0
[INFO] 2025-09-10 13:33:01,865 basehttp "GET /static/admin/js/theme.js HTTP/1.1" 304 0
[INFO] 2025-09-10 13:33:01,865 basehttp "GET /static/admin/css/changelists.css HTTP/1.1" 304 0
[INFO] 2025-09-10 13:33:01,865 basehttp "GET /static/admin/js/nav_sidebar.js HTTP/1.1" 304 0
[INFO] 2025-09-10 13:33:01,868 basehttp "GET /static/admin/js/jquery.init.js HTTP/1.1" 304 0
[INFO] 2025-09-10 13:33:01,869 basehttp "GET /static/admin/js/vendor/jquery/jquery.js HTTP/1.1" 304 0
[INFO] 2025-09-10 13:33:01,870 basehttp "GET /static/admin/js/admin/RelatedObjectLookups.js HTTP/1.1" 304 0
[INFO] 2025-09-10 13:33:01,871 basehttp "GET /static/admin/js/core.js HTTP/1.1" 304 0
[INFO] 2025-09-10 13:33:01,876 basehttp "GET /admin/jsi18n/ HTTP/1.1" 200 3343
[INFO] 2025-09-10 13:33:01,900 basehttp "GET /static/admin/js/actions.js HTTP/1.1" 304 0
[INFO] 2025-09-10 13:33:01,909 basehttp "GET /static/admin/js/urlify.js HTTP/1.1" 304 0
[INFO] 2025-09-10 13:33:01,911 basehttp "GET /static/admin/js/prepopulate.js HTTP/1.1" 304 0
[INFO] 2025-09-10 13:33:01,913 basehttp "GET /static/admin/js/vendor/xregexp/xregexp.js HTTP/1.1" 304 0
[INFO] 2025-09-10 13:33:01,914 basehttp "GET /static/admin/js/filters.js HTTP/1.1" 304 0
[INFO] 2025-09-10 13:33:01,918 basehttp "GET /static/admin/css/responsive.css HTTP/1.1" 304 0
[INFO] 2025-09-10 13:33:01,971 basehttp "GET /static/admin/img/search.svg HTTP/1.1" 200 458
[INFO] 2025-09-10 13:33:01,974 basehttp "GET /static/admin/img/tooltag-add.svg HTTP/1.1" 200 331
[INFO] 2025-09-10 13:33:01,975 basehttp "GET /static/admin/img/icon-addlink.svg HTTP/1.1" 200 331
[INFO] 2025-09-10 13:33:01,975 basehttp "GET /static/admin/img/sorting-icons.svg HTTP/1.1" 200 1097
[INFO] 2025-09-10 13:33:03,079 basehttp "GET /admin/campaigns/message/ HTTP/1.1" 200 12412
[INFO] 2025-09-10 13:33:03,115 basehttp "GET /admin/jsi18n/ HTTP/1.1" 200 3343
[INFO] 2025-09-10 13:33:05,224 basehttp "GET /admin/campaigns/uploadedfile/ HTTP/1.1" 200 17391
[INFO] 2025-09-10 13:33:05,278 basehttp "GET /admin/jsi18n/ HTTP/1.1" 200 3343
[INFO] 2025-09-10 13:33:07,819 basehttp "GET /admin/campaigns/webhooklog/ HTTP/1.1" 200 11650
[INFO] 2025-09-10 13:33:07,866 basehttp "GET /admin/jsi18n/ HTTP/1.1" 200 3343
[WARNING] 2025-09-10 13:33:07,927 log Not Found: /favicon.ico
[INFO] 2025-09-10 13:33:09,316 basehttp "GET /admin/campaigns/uploadedfile/ HTTP/1.1" 200 17391
[INFO] 2025-09-10 13:33:09,362 basehttp "GET /admin/jsi18n/ HTTP/1.1" 200 3343
[INFO] 2025-09-10 13:33:11,853 basehttp "GET /admin/campaigns/message/ HTTP/1.1" 200 12412
[INFO] 2025-09-10 13:33:11,898 basehttp "GET /admin/jsi18n/ HTTP/1.1" 200 3343
[WARNING] 2025-09-10 13:33:11,974 log Not Found: /favicon.ico
[INFO] 2025-09-10 13:33:12,786 basehttp "GET /admin/campaigns/campaign/ HTTP/1.1" 200 17090
[INFO] 2025-09-10 13:33:12,832 basehttp "GET /admin/jsi18n/ HTTP/1.1" 200 3343
[INFO] 2025-09-10 13:33:17,910 basehttp "GET /admin/campaigns/uploadedfile/ HTTP/1.1" 200 17391
[INFO] 2025-09-10 13:33:17,964 basehttp "GET /admin/jsi18n/ HTTP/1.1" 200 3343
[INFO] 2025-09-10 13:33:24,602 basehttp "GET /admin/campaigns/uploadedfile/6/change/ HTTP/1.1" 200 20591
[INFO] 2025-09-10 13:33:24,665 basehttp "GET /admin/jsi18n/ HTTP/1.1" 200 3343
[INFO] 2025-09-10 13:33:24,670 basehttp "GET /static/admin/css/forms.css HTTP/1.1" 200 9047
[INFO] 2025-09-10 13:33:24,686 basehttp "GET /static/admin/css/widgets.css HTTP/1.1" 200 11900
[INFO] 2025-09-10 13:33:24,704 basehttp "GET /static/admin/img/icon-viewlink.svg HTTP/1.1" 200 581
[INFO] 2025-09-10 13:33:24,706 basehttp "GET /static/admin/js/change_form.js HTTP/1.1" 200 606
[INFO] 2025-09-10 13:33:24,707 basehttp "GET /static/admin/js/prepopulate_init.js HTTP/1.1" 200 586
[INFO] 2025-09-10 13:33:24,751 basehttp "GET /static/admin/img/icon-changelink.svg HTTP/1.1" 200 380
[WARNING] 2025-09-10 13:33:24,806 log Not Found: /favicon.ico
[INFO] 2025-09-10 13:33:33,178 basehttp "GET /media/uploads/2025/09/10/test_contacts.csv HTTP/1.1" 200 104
[ERROR] 2025-09-10 13:39:15,798 exception Invalid HTTP_HOST header: '96893e799632.ngrok-free.app'. You may need to add '96893e799632.ngrok-free.app' to ALLOWED_HOSTS.
Traceback (most recent call last):
  File "/home/sohan/whatsapp-campaign/venv/lib/python3.10/site-packages/django/core/handlers/exception.py", line 55, in inner
    response = get_response(request)
  File "/home/sohan/whatsapp-campaign/venv/lib/python3.10/site-packages/django/utils/deprecation.py", line 133, in __call__
    response = self.process_request(request)
  File "/home/sohan/whatsapp-campaign/venv/lib/python3.10/site-packages/django/middleware/common.py", line 48, in process_request
    host = request.get_host()
  File "/home/sohan/whatsapp-campaign/venv/lib/python3.10/site-packages/django/http/request.py", line 150, in get_host
    raise DisallowedHost(msg)
django.core.exceptions.DisallowedHost: Invalid HTTP_HOST header: '96893e799632.ngrok-free.app'. You may need to add '96893e799632.ngrok-free.app' to ALLOWED_HOSTS.
[WARNING] 2025-09-10 13:39:15,845 log Bad Request: /webhook/whatsapp/
[WARNING] 2025-09-10 13:39:15,846 basehttp "POST /webhook/whatsapp/ HTTP/1.1" 400 74259
[INFO] 2025-09-10 13:49:27,749 whatsapp_360_client Sending WhatsApp message to 917702828811 using template sample_template_txt
[INFO] 2025-09-10 13:49:29,723 whatsapp_360_client Message sent successfully. Message ID: wamid.HBgMOTE3NzAyODI4ODExFQIAERgSQjMxQkY1NUNGOUQ4MjA1RjMxAA==
[INFO] 2025-09-10 13:50:34,517 tasks Processing file: test_contacts.csv
[INFO] 2025-09-10 13:50:34,952 tasks File processed: 2 valid, 0 invalid rows
[INFO] 2025-09-10 13:52:32,454 whatsapp_360_client Sending WhatsApp message to 917702828811 using template sample_template_txt
[INFO] 2025-09-10 13:52:34,098 whatsapp_360_client Message sent successfully. Message ID: wamid.HBgMOTE3NzAyODI4ODExFQIAERgSMTI2M0U3QzQ0MzVEMkE4NTIzAA==
[INFO] 2025-09-10 13:52:34,629 tasks Processing file: test.csv
[INFO] 2025-09-10 13:52:35,106 tasks File processed: 2 valid, 0 invalid rows
[ERROR] 2025-09-10 13:52:35,233 tasks Error sending message 1: name 'SimpleRateLimiter' is not defined
[INFO] 2025-09-10 13:56:10,206 whatsapp_360_client Sending WhatsApp message to 917702828811 using template sample_template_txt
[INFO] 2025-09-10 13:56:11,676 whatsapp_360_client Message sent successfully. Message ID: wamid.HBgMOTE3NzAyODI4ODExFQIAERgSMjNBMEIwNTM2NENEMUU2RjkzAA==
[INFO] 2025-09-10 14:08:08,670 autoreload Watching for file changes with StatReloader
[INFO] 2025-09-10 14:08:19,841 basehttp "GET /admin/campaigns/message/ HTTP/1.1" 200 15460
[INFO] 2025-09-10 14:08:19,924 basehttp "GET /admin/jsi18n/ HTTP/1.1" 200 3343
[INFO] 2025-09-10 14:08:21,896 basehttp "GET /admin/campaigns/campaign/ HTTP/1.1" 200 17092
[INFO] 2025-09-10 14:08:21,929 basehttp "GET /admin/jsi18n/ HTTP/1.1" 200 3343
[INFO] 2025-09-10 14:08:53,802 tasks Starting campaign: 6
[INFO] 2025-09-10 14:08:53,820 tasks Initiated sending for campaign 6
[ERROR] 2025-09-10 14:08:54,040 tasks Error sending message 1: name 'SimpleRateLimiter' is not defined
[INFO] 2025-09-10 14:09:31,214 basehttp "GET /admin/campaigns/campaign/ HTTP/1.1" 200 17092
[INFO] 2025-09-10 14:09:31,254 basehttp "GET /admin/jsi18n/ HTTP/1.1" 200 3343
[WARNING] 2025-09-10 14:09:31,361 log Not Found: /favicon.ico
[ERROR] 2025-09-10 14:09:54,165 tasks Error sending message 1: name 'SimpleRateLimiter' is not defined
[WARNING] 2025-09-10 14:10:11,561 log Not Found: /webhook/whatsapp/
[WARNING] 2025-09-10 14:10:11,561 basehttp "POST /webhook/whatsapp/ HTTP/1.1" 404 2619
[WARNING] 2025-09-10 14:10:12,730 log Not Found: /webhook/whatsapp/
[WARNING] 2025-09-10 14:10:12,731 basehttp "POST /webhook/whatsapp/ HTTP/1.1" 404 2619
[WARNING] 2025-09-10 14:10:15,770 log Not Found: /webhook/whatsapp/
[WARNING] 2025-09-10 14:10:15,771 basehttp "POST /webhook/whatsapp/ HTTP/1.1" 404 2619
[WARNING] 2025-09-10 14:10:34,282 log Not Found: /webhook/whatsapp/
[WARNING] 2025-09-10 14:10:34,284 basehttp "POST /webhook/whatsapp/ HTTP/1.1" 404 2619
[WARNING] 2025-09-10 14:10:39,790 log Not Found: /webhook/whatsapp/
[WARNING] 2025-09-10 14:10:39,791 basehttp "POST /webhook/whatsapp/ HTTP/1.1" 404 2619
[INFO] 2025-09-10 14:10:55,453 tasks Sending message to +917702828811
[INFO] 2025-09-10 14:10:55,461 whatsapp_360_client Sending WhatsApp message to 917702828811 using template sample_template_txt
[INFO] 2025-09-10 14:10:58,036 whatsapp_360_client Message sent successfully. Message ID: wamid.HBgMOTE3NzAyODI4ODExFQIAERgSMkQxRjM5NzM3OTMzQjA2QTY4AA==
[INFO] 2025-09-10 14:10:58,236 tasks Message sent successfully to +917702828811, Message ID: wamid.HBgMOTE3NzAyODI4ODExFQIAERgSMkQxRjM5NzM3OTMzQjA2QTY4AA==
[WARNING] 2025-09-10 14:10:59,426 log Not Found: /webhook/whatsapp/
[WARNING] 2025-09-10 14:10:59,428 basehttp "POST /webhook/whatsapp/ HTTP/1.1" 404 2619
[WARNING] 2025-09-10 14:11:00,812 log Not Found: /webhook/whatsapp/
[WARNING] 2025-09-10 14:11:00,814 basehttp "POST /webhook/whatsapp/ HTTP/1.1" 404 2619
[WARNING] 2025-09-10 14:11:02,033 log Not Found: /webhook/whatsapp/
[WARNING] 2025-09-10 14:11:02,034 basehttp "POST /webhook/whatsapp/ HTTP/1.1" 404 2619
[WARNING] 2025-09-10 14:11:04,884 log Not Found: /webhook/whatsapp/
[WARNING] 2025-09-10 14:11:04,885 basehttp "POST /webhook/whatsapp/ HTTP/1.1" 404 2619
[WARNING] 2025-09-10 14:11:29,392 log Not Found: /webhook/whatsapp/
[WARNING] 2025-09-10 14:11:29,394 basehttp "POST /webhook/whatsapp/ HTTP/1.1" 404 2619
[INFO] 2025-09-10 14:11:39,628 basehttp "GET /admin/campaigns/message/ HTTP/1.1" 200 15482
[INFO] 2025-09-10 14:11:39,711 basehttp "GET /admin/jsi18n/ HTTP/1.1" 200 3343
[INFO] 2025-09-10 14:18:29,526 autoreload Watching for file changes with StatReloader
[INFO] 2025-09-10 14:20:30,120 webhook_handler Received webhook: {
  "object": "whatsapp_business_account",
  "entry": [
    {
      "id": "114374441730441",
      "changes": [
        {
          "value": {
            "messaging_product": "whatsapp",
            "metadata": {
              "display_phone_number": "917996002222",
              "phone_number_id": "114392571729051"
            },
            "statuses": [
              {
                "id": "wamid.HBgMOTE3NzAyODI4ODExFQIAERgSMjNBMEIwNTM2NENEMUU2RjkzAA==",
                "status": "failed",
                "timestamp": "1757512572",
                "recipient_id": "917702828811",
                "errors": [
                  {
                    "code": 131049,
                    "title": "This message was not delivered to maintain healthy ecosystem engagement.",
                    "message": "This message was not delivered to maintain healthy ecosystem engagement.",
                    "error_data": {
                      "details": "In order to maintain a healthy ecosystem engagement, the message failed to be delivered."
                    },
                    "href": "https://developers.facebook.com/docs/whatsapp/cloud-api/support/error-codes/"
                  }
                ]
              }
            ]
          },
          "field": "messages"
        }
      ]
    }
  ]
}
[INFO] 2025-09-10 14:20:30,182 basehttp "POST /api/webhook/whatsapp/ HTTP/1.1" 200 22
[INFO] 2025-09-10 14:21:22,253 autoreload /home/sohan/whatsapp-campaign/campaigns/tasks.py changed, reloading.
[INFO] 2025-09-10 14:21:23,028 autoreload Watching for file changes with StatReloader
[INFO] 2025-09-10 14:22:50,614 autoreload Watching for file changes with StatReloader
[INFO] 2025-09-10 14:23:07,398 tasks Sending message to +919538095601
[INFO] 2025-09-10 14:23:07,404 whatsapp_360_client Sending WhatsApp message to 919538095601 using template sample_template_txt
[INFO] 2025-09-10 14:23:09,163 whatsapp_360_client Message sent successfully. Message ID: wamid.HBgMOTE5NTM4MDk1NjAxFQIAERgSMUMxNTJDQzQyNjgwMjYxMDI3AA==
[INFO] 2025-09-10 14:23:09,382 tasks Message sent successfully to +919538095601, Message ID: wamid.HBgMOTE5NTM4MDk1NjAxFQIAERgSMUMxNTJDQzQyNjgwMjYxMDI3AA==
[INFO] 2025-09-10 14:23:11,862 webhook_handler Received webhook: {
  "object": "whatsapp_business_account",
  "entry": [
    {
      "id": "114374441730441",
      "changes": [
        {
          "value": {
            "messaging_product": "whatsapp",
            "metadata": {
              "display_phone_number": "917996002222",
              "phone_number_id": "114392571729051"
            },
            "statuses": [
              {
                "id": "wamid.HBgMOTE5NTM4MDk1NjAxFQIAERgSMUMxNTJDQzQyNjgwMjYxMDI3AA==",
                "status": "failed",
                "timestamp": "1757514190",
                "recipient_id": "919538095601",
                "errors": [
                  {
                    "code": 131049,
                    "title": "This message was not delivered to maintain healthy ecosystem engagement.",
                    "message": "This message was not delivered to maintain healthy ecosystem engagement.",
                    "error_data": {
                      "details": "In order to maintain a healthy ecosystem engagement, the message failed to be delivered."
                    },
                    "href": "https://developers.facebook.com/docs/whatsapp/cloud-api/support/error-codes/"
                  }
                ]
              }
            ]
          },
          "field": "messages"
        }
      ]
    }
  ]
}
[INFO] 2025-09-10 14:23:11,920 basehttp "POST /api/webhook/whatsapp/ HTTP/1.1" 200 22
[INFO] 2025-09-10 14:23:31,983 basehttp "GET /admin/campaigns/message/ HTTP/1.1" 200 15508
[INFO] 2025-09-10 14:23:32,014 basehttp "GET /admin/jsi18n/ HTTP/1.1" 200 3343
[INFO] 2025-09-10 14:24:24,082 basehttp "GET /api/stats/ HTTP/1.1" 200 224
[INFO] 2025-09-10 14:24:24,109 basehttp "GET /api/campaigns/ HTTP/1.1" 200 1232
[INFO] 2025-09-10 14:25:05,938 basehttp "GET /admin/campaigns/webhooklog/ HTTP/1.1" 200 14401
[INFO] 2025-09-10 14:25:05,989 basehttp "GET /admin/jsi18n/ HTTP/1.1" 200 3343
[INFO] 2025-09-10 14:25:06,091 basehttp "GET /static/admin/img/icon-yes.svg HTTP/1.1" 200 436
[INFO] 2025-09-10 14:25:11,818 basehttp "GET /admin/campaigns/webhooklog/2/change/ HTTP/1.1" 200 15882
[INFO] 2025-09-10 14:25:11,880 basehttp "GET /admin/jsi18n/ HTTP/1.1" 200 3343
[INFO] 2025-09-10 14:32:13,231 webhook_handler Received webhook: {
  "object": "whatsapp_business_account",
  "entry": [
    {
      "id": "114374441730441",
      "changes": [
        {
          "value": {
            "messaging_product": "whatsapp",
            "metadata": {
              "display_phone_number": "917996002222",
              "phone_number_id": "114392571729051"
            },
            "contacts": [
              {
                "profile": {
                  "name": "919654297000"
                },
                "wa_id": "919654297000"
              }
            ],
            "messages": [
              {
                "from": "919654297000",
                "id": "wamid.HBgMOTE5NjU0Mjk3MDAwFQIAEhgSMTAwN0U2MDE0NUEwNjNBNzRCAA==",
                "timestamp": "1757161375",
                "errors": [
                  {
                    "code": 131051,
                    "title": "Message type unknown",
                    "message": "Message type unknown",
                    "error_data": {
                      "details": "Message type is currently not supported."
                    }
                  }
                ],
                "type": "unsupported"
              }
            ]
          },
          "field": "messages"
        }
      ]
    }
  ]
}
[INFO] 2025-09-10 14:32:13,235 basehttp "POST /api/webhook/whatsapp/ HTTP/1.1" 200 22
[INFO] 2025-09-10 14:32:33,841 basehttp "GET /admin/campaigns/webhooklog/ HTTP/1.1" 200 14842
[INFO] 2025-09-10 14:32:33,893 basehttp "GET /admin/jsi18n/ HTTP/1.1" 200 3343
[WARNING] 2025-09-10 14:32:33,943 log Not Found: /favicon.ico
[INFO] 2025-09-10 14:32:37,698 basehttp "GET /admin/campaigns/webhooklog/3/change/ HTTP/1.1" 200 15755
[INFO] 2025-09-10 14:32:37,753 basehttp "GET /admin/jsi18n/ HTTP/1.1" 200 3343
[INFO] 2025-09-10 14:33:37,010 basehttp "GET /admin/campaigns/webhooklog/ HTTP/1.1" 200 14842
[INFO] 2025-09-10 14:33:37,077 basehttp "GET /admin/jsi18n/ HTTP/1.1" 200 3343
[INFO] 2025-09-10 14:34:35,482 autoreload Watching for file changes with StatReloader
[INFO] 2025-09-10 14:35:11,246 views User logged in: campaign_user
[INFO] 2025-09-10 14:35:11,376 basehttp "POST /api/auth/login/ HTTP/1.1" 200 307
[INFO] 2025-09-10 14:35:16,762 basehttp "GET /api/campaigns/ HTTP/1.1" 200 1232
[INFO] 2025-09-10 14:35:16,785 basehttp "GET /api/campaigns/6/ HTTP/1.1" 200 1132
[INFO] 2025-09-10 14:35:16,799 basehttp "GET /api/campaigns/6/statistics/ HTTP/1.1" 200 340
[INFO] 2025-09-10 14:35:16,978 basehttp "GET /api/campaigns/6/messages/ HTTP/1.1" 200 535
[INFO] 2025-09-10 14:35:49,654 basehttp "POST /api/validate-file/ HTTP/1.1" 200 216
[INFO] 2025-09-10 14:35:53,210 views Campaign created: 8, processing file: 8
[INFO] 2025-09-10 14:35:53,215 basehttp "POST /api/campaigns/ HTTP/1.1" 201 699
[INFO] 2025-09-10 14:36:49,272 basehttp "GET /admin/campaigns/campaign/ HTTP/1.1" 200 17616
[INFO] 2025-09-10 14:36:49,314 basehttp "GET /admin/jsi18n/ HTTP/1.1" 200 3343
[INFO] 2025-09-10 14:47:05,025 webhook_handler Received webhook: {
  "object": "whatsapp_business_account",
  "entry": [
    {
      "id": "114374441730441",
      "changes": [
        {
          "value": {
            "messaging_product": "whatsapp",
            "metadata": {
              "display_phone_number": "917996002222",
              "phone_number_id": "114392571729051"
            },
            "statuses": [
              {
                "id": "wamid.HBgMOTE5NDQ1MzkyNDU0FQIAERgSMTA5NTlGRDU4RDVBRThDNUQ3AA==",
                "status": "sent",
                "timestamp": "1757067915",
                "recipient_id": "919445392454",
                "conversation": {
                  "id": "d6cedea161270a1a61792ad6b355e346",
                  "expiration_timestamp": "1757067915",
                  "origin": {
                    "type": "marketing"
                  }
                },
                "pricing": {
                  "billable": true,
                  "pricing_model": "PMP",
                  "category": "marketing",
                  "type": "regular"
                }
              }
            ]
          },
          "field": "messages"
        }
      ]
    }
  ]
}
[INFO] 2025-09-10 14:47:05,031 basehttp "POST /api/webhook/whatsapp/ HTTP/1.1" 200 22
[INFO] 2025-09-10 15:13:41,591 basehttp "GET /admin/campaigns/webhooklog/ HTTP/1.1" 200 15283
[INFO] 2025-09-10 15:13:41,632 basehttp "GET /admin/jsi18n/ HTTP/1.1" 200 3343
[INFO] 2025-09-10 15:13:45,967 basehttp "GET /admin/campaigns/webhooklog/4/change/ HTTP/1.1" 200 15751
[INFO] 2025-09-10 15:13:46,005 basehttp "GET /admin/jsi18n/ HTTP/1.1" 200 3343
[INFO] 2025-09-10 15:20:31,084 autoreload /home/sohan/whatsapp-campaign/whatsapp_campaign/celery.py changed, reloading.
[INFO] 2025-09-10 15:20:31,650 autoreload Watching for file changes with StatReloader
[INFO] 2025-09-10 15:31:52,408 webhook_handler Received webhook: {
  "object": "whatsapp_business_account",
  "entry": [
    {
      "id": "114374441730441",
      "changes": [
        {
          "value": {
            "messaging_product": "whatsapp",
            "metadata": {
              "display_phone_number": "917996002222",
              "phone_number_id": "114392571729051"
            },
            "statuses": [
              {
                "id": "wamid.HBgMOTE3NzAyODI4ODExFQIAERgSN0UyQkFFOEEyRkI2ODMxN0MxAA==",
                "status": "failed",
                "timestamp": "1757002578",
                "recipient_id": "917702828811",
                "errors": [
                  {
                    "code": 131049,
                    "title": "This message was not delivered to maintain healthy ecosystem engagement.",
                    "message": "This message was not delivered to maintain healthy ecosystem engagement.",
                    "error_data": {
                      "details": "In order to maintain a healthy ecosystem engagement, the message failed to be delivered."
                    },
                    "href": "https://developers.facebook.com/docs/whatsapp/cloud-api/support/error-codes/"
                  }
                ]
              }
            ]
          },
          "field": "messages"
        }
      ]
    }
  ]
}
[INFO] 2025-09-10 15:31:52,490 basehttp "POST /api/webhook/whatsapp/ HTTP/1.1" 200 22
[INFO] 2025-09-10 15:34:33,001 webhook_handler Received webhook: {
  "object": "whatsapp_business_account",
  "entry": [
    {
      "id": "114374441730441",
      "changes": [
        {
          "value": {
            "messaging_product": "whatsapp",
            "metadata": {
              "display_phone_number": "917996002222",
              "phone_number_id": "114392571729051"
            },
            "statuses": [
              {
                "id": "wamid.HBgMOTE3NzAyODI4ODExFQIAERgSQjMxQkY1NUNGOUQ4MjA1RjMxAA==",
                "status": "sent",
                "timestamp": "1757512170",
                "recipient_id": "917702828811",
                "conversation": {
                  "id": "ee9cde9ee547d56f66872f0350b9dafd",
                  "expiration_timestamp": "1757512170",
                  "origin": {
                    "type": "marketing"
                  }
                },
                "pricing": {
                  "billable": true,
                  "pricing_model": "PMP",
                  "category": "marketing",
                  "type": "regular"
                }
              }
            ]
          },
          "field": "messages"
        }
      ]
    }
  ]
}
[INFO] 2025-09-10 15:34:33,010 basehttp "POST /api/webhook/whatsapp/ HTTP/1.1" 200 22
[INFO] 2025-09-10 15:40:17,869 webhook_handler Received webhook: {
  "object": "whatsapp_business_account",
  "entry": [
    {
      "id": "114374441730441",
      "changes": [
        {
          "value": {
            "messaging_product": "whatsapp",
            "metadata": {
              "display_phone_number": "917996002222",
              "phone_number_id": "114392571729051"
            },
            "statuses": [
              {
                "id": "wamid.HBgMOTE3NzAyODI4ODExFQIAERgSMTI2M0U3QzQ0MzVEMkE4NTIzAA==",
                "status": "failed",
                "timestamp": "1757512354",
                "recipient_id": "917702828811",
                "errors": [
                  {
                    "code": 131049,
                    "title": "This message was not delivered to maintain healthy ecosystem engagement.",
                    "message": "This message was not delivered to maintain healthy ecosystem engagement.",
                    "error_data": {
                      "details": "In order to maintain a healthy ecosystem engagement, the message failed to be delivered."
                    },
                    "href": "https://developers.facebook.com/docs/whatsapp/cloud-api/support/error-codes/"
                  }
                ]
              }
            ]
          },
          "field": "messages"
        }
      ]
    }
  ]
}
[INFO] 2025-09-10 15:40:17,886 basehttp "POST /api/webhook/whatsapp/ HTTP/1.1" 200 22
[INFO] 2025-09-10 15:50:43,360 webhook_handler Received webhook: {
  "object": "whatsapp_business_account",
  "entry": [
    {
      "id": "114374441730441",
      "changes": [
        {
          "value": {
            "messaging_product": "whatsapp",
            "metadata": {
              "display_phone_number": "917996002222",
              "phone_number_id": "114392571729051"
            },
            "statuses": [
              {
                "id": "wamid.HBgMOTE3NzAyODI4ODExFQIAERgSQjMxQkY1NUNGOUQ4MjA1RjMxAA==",
                "status": "delivered",
                "timestamp": "1757512172",
                "recipient_id": "917702828811",
                "conversation": {
                  "id": "ee9cde9ee547d56f66872f0350b9dafd",
                  "origin": {
                    "type": "marketing"
                  }
                },
                "pricing": {
                  "billable": true,
                  "pricing_model": "PMP",
                  "category": "marketing",
                  "type": "regular"
                }
              }
            ]
          },
          "field": "messages"
        }
      ]
    }
  ]
}
[INFO] 2025-09-10 15:50:43,376 basehttp "POST /api/webhook/whatsapp/ HTTP/1.1" 200 22
[INFO] 2025-09-10 15:52:37,639 webhook_handler Received webhook: {
  "object": "whatsapp_business_account",
  "entry": [
    {
      "id": "114374441730441",
      "changes": [
        {
          "value": {
            "messaging_product": "whatsapp",
            "metadata": {
              "display_phone_number": "917996002222",
              "phone_number_id": "114392571729051"
            },
            "statuses": [
              {
                "id": "wamid.HBgMOTE3NzAyODI4ODExFQIAERgSQjMxQkY1NUNGOUQ4MjA1RjMxAA==",
                "status": "read",
                "timestamp": "1757512373",
                "recipient_id": "917702828811"
              }
            ]
          },
          "field": "messages"
        }
      ]
    }
  ]
}
[INFO] 2025-09-10 15:52:37,644 basehttp "POST /api/webhook/whatsapp/ HTTP/1.1" 200 22
[INFO] 2025-09-10 15:59:05,156 webhook_handler Received webhook: {
  "object": "whatsapp_business_account",
  "entry": [
    {
      "id": "114374441730441",
      "changes": [
        {
          "value": {
            "messaging_product": "whatsapp",
            "metadata": {
              "display_phone_number": "917996002222",
              "phone_number_id": "114392571729051"
            },
            "statuses": [
              {
                "id": "wamid.HBgMOTE3NzAyODI4ODExFQIAERgSMkQxRjM5NzM3OTMzQjA2QTY4AA==",
                "status": "failed",
                "timestamp": "1757513458",
                "recipient_id": "917702828811",
                "errors": [
                  {
                    "code": 131049,
                    "title": "This message was not delivered to maintain healthy ecosystem engagement.",
                    "message": "This message was not delivered to maintain healthy ecosystem engagement.",
                    "error_data": {
                      "details": "In order to maintain a healthy ecosystem engagement, the message failed to be delivered."
                    },
                    "href": "https://developers.facebook.com/docs/whatsapp/cloud-api/support/error-codes/"
                  }
                ]
              }
            ]
          },
          "field": "messages"
        }
      ]
    }
  ]
}
[INFO] 2025-09-10 15:59:05,162 basehttp "POST /api/webhook/whatsapp/ HTTP/1.1" 200 22
[INFO] 2025-09-10 16:17:31,421 webhook_handler Received webhook: {
  "object": "whatsapp_business_account",
  "entry": [
    {
      "id": "114374441730441",
      "changes": [
        {
          "value": {
            "messaging_product": "whatsapp",
            "metadata": {
              "display_phone_number": "917996002222",
              "phone_number_id": "114392571729051"
            },
            "statuses": [
              {
                "id": "wamid.HBgMOTE3NzAyODI4ODExFQIAERgSQjhCMDdBMkE2MjAyNTg3NjlCAA==",
                "status": "failed",
                "timestamp": "1757521049",
                "recipient_id": "917702828811",
                "errors": [
                  {
                    "code": 131049,
                    "title": "This message was not delivered to maintain healthy ecosystem engagement.",
                    "message": "This message was not delivered to maintain healthy ecosystem engagement.",
                    "error_data": {
                      "details": "In order to maintain a healthy ecosystem engagement, the message failed to be delivered."
                    },
                    "href": "https://developers.facebook.com/docs/whatsapp/cloud-api/support/error-codes/"
                  }
                ]
              }
            ]
          },
          "field": "messages"
        }
      ]
    }
  ]
}
[INFO] 2025-09-10 16:17:31,437 basehttp "POST /api/webhook/whatsapp/ HTTP/1.1" 200 22
[INFO] 2025-09-10 16:18:50,658 webhook_handler Received webhook: {
  "object": "whatsapp_business_account",
  "entry": [
    {
      "id": "114374441730441",
      "changes": [
        {
          "value": {
            "messaging_product": "whatsapp",
            "metadata": {
              "display_phone_number": "917996002222",
              "phone_number_id": "114392571729051"
            },
            "statuses": [
              {
                "id": "wamid.HBgMOTE5NDc0ODE2NTk0FQIAERgSODUwNDNCQkQ5NUY2QTExNTYyAA==",
                "status": "sent",
                "timestamp": "1757521129",
                "recipient_id": "919474816594",
                "conversation": {
                  "id": "4b4c124014c550670743e98c4c51f06e",
                  "expiration_timestamp": "1757521129",
                  "origin": {
                    "type": "marketing"
                  }
                },
                "pricing": {
                  "billable": true,
                  "pricing_model": "PMP",
                  "category": "marketing",
                  "type": "regular"
                }
              }
            ]
          },
          "field": "messages"
        }
      ]
    }
  ]
}
[INFO] 2025-09-10 16:18:50,673 basehttp "POST /api/webhook/whatsapp/ HTTP/1.1" 200 22
[INFO] 2025-09-10 16:18:53,496 webhook_handler Received webhook: {
  "object": "whatsapp_business_account",
  "entry": [
    {
      "id": "114374441730441",
      "changes": [
        {
          "value": {
            "messaging_product": "whatsapp",
            "metadata": {
              "display_phone_number": "917996002222",
              "phone_number_id": "114392571729051"
            },
            "statuses": [
              {
                "id": "wamid.HBgMOTE5NDc0ODE2NTk0FQIAERgSODUwNDNCQkQ5NUY2QTExNTYyAA==",
                "status": "delivered",
                "timestamp": "1757521131",
                "recipient_id": "919474816594",
                "conversation": {
                  "id": "4b4c124014c550670743e98c4c51f06e",
                  "origin": {
                    "type": "marketing"
                  }
                },
                "pricing": {
                  "billable": true,
                  "pricing_model": "PMP",
                  "category": "marketing",
                  "type": "regular"
                }
              }
            ]
          },
          "field": "messages"
        }
      ]
    }
  ]
}
[INFO] 2025-09-10 16:18:53,510 basehttp "POST /api/webhook/whatsapp/ HTTP/1.1" 200 22
[INFO] 2025-09-10 16:35:04,392 webhook_handler Received webhook: {
  "object": "whatsapp_business_account",
  "entry": [
    {
      "id": "114374441730441",
      "changes": [
        {
          "value": {
            "messaging_product": "whatsapp",
            "metadata": {
              "display_phone_number": "917996002222",
              "phone_number_id": "114392571729051"
            },
            "statuses": [
              {
                "id": "wamid.HBgMOTE3NzAyODI4ODExFQIAERgSQkYwM0M2REFDQjFBRTNBODgzAA==",
                "status": "delivered",
                "timestamp": "1757325292",
                "recipient_id": "917702828811",
                "conversation": {
                  "id": "2559da0f5bc3e28f5a086e3d2775d6bc",
                  "origin": {
                    "type": "marketing"
                  }
                },
                "pricing": {
                  "billable": true,
                  "pricing_model": "PMP",
                  "category": "marketing",
                  "type": "regular"
                }
              }
            ]
          },
          "field": "messages"
        }
      ]
    }
  ]
}
[INFO] 2025-09-10 16:35:04,533 basehttp "POST /api/webhook/whatsapp/ HTTP/1.1" 200 22
[INFO] 2025-09-10 16:43:36,362 webhook_handler Received webhook: {
  "object": "whatsapp_business_account",
  "entry": [
    {
      "id": "114374441730441",
      "changes": [
        {
          "value": {
            "messaging_product": "whatsapp",
            "metadata": {
              "display_phone_number": "917996002222",
              "phone_number_id": "114392571729051"
            },
            "statuses": [
              {
                "id": "wamid.HBgMOTE5NDc0ODE2NTk0FQIAERgSODUwNDNCQkQ5NUY2QTExNTYyAA==",
                "status": "read",
                "timestamp": "1757522615",
                "recipient_id": "919474816594"
              }
            ]
          },
          "field": "messages"
        }
      ]
    }
  ]
}
[INFO] 2025-09-10 16:43:36,384 basehttp "POST /api/webhook/whatsapp/ HTTP/1.1" 200 22
[INFO] 2025-09-10 16:44:42,302 basehttp "GET /admin/campaigns/webhooklog/ HTTP/1.1" 200 20155
[INFO] 2025-09-10 16:44:42,479 basehttp "GET /admin/jsi18n/ HTTP/1.1" 200 3343
[INFO] 2025-09-10 16:44:42,550 basehttp "GET /static/admin/js/actions.js HTTP/1.1" 200 7872
[INFO] 2025-09-10 16:44:42,551 basehttp "GET /static/admin/js/filters.js HTTP/1.1" 200 978
[INFO] 2025-09-10 16:44:42,551 basehttp "GET /static/admin/js/urlify.js HTTP/1.1" 200 7887
[INFO] 2025-09-10 16:44:42,551 basehttp "GET /static/admin/js/prepopulate.js HTTP/1.1" 200 1531
[INFO] 2025-09-10 16:44:42,551 basehttp "GET /static/admin/js/jquery.init.js HTTP/1.1" 200 347
[WARNING] 2025-09-10 16:44:42,921 log Not Found: /favicon.ico
[INFO] 2025-09-10 16:44:50,788 basehttp "GET /admin/campaigns/webhooklog/15/change/ HTTP/1.1" 200 15363
[INFO] 2025-09-10 16:44:50,892 basehttp "GET /admin/jsi18n/ HTTP/1.1" 200 3343
[INFO] 2025-09-10 17:30:45,071 webhook_handler Received webhook: {
  "object": "whatsapp_business_account",
  "entry": [
    {
      "id": "114374441730441",
      "changes": [
        {
          "value": {
            "messaging_product": "whatsapp",
            "metadata": {
              "display_phone_number": "917996002222",
              "phone_number_id": "114392571729051"
            },
            "statuses": [
              {
                "id": "wamid.HBgMOTE3NzAyODI4ODExFQIAERgSOTUyRDM5MEY5QjcxNDk2NzY3AA==",
                "status": "failed",
                "timestamp": "1757525443",
                "recipient_id": "917702828811",
                "errors": [
                  {
                    "code": 131049,
                    "title": "This message was not delivered to maintain healthy ecosystem engagement.",
                    "message": "This message was not delivered to maintain healthy ecosystem engagement.",
                    "error_data": {
                      "details": "In order to maintain a healthy ecosystem engagement, the message failed to be delivered."
                    },
                    "href": "https://developers.facebook.com/docs/whatsapp/cloud-api/support/error-codes/"
                  }
                ]
              }
            ]
          },
          "field": "messages"
        }
      ]
    }
  ]
}
[INFO] 2025-09-10 17:30:45,088 basehttp "POST /api/webhook/whatsapp/ HTTP/1.1" 200 22
[INFO] 2025-09-10 17:31:34,741 webhook_handler Received webhook: {
  "object": "whatsapp_business_account",
  "entry": [
    {
      "id": "114374441730441",
      "changes": [
        {
          "value": {
            "messaging_product": "whatsapp",
            "metadata": {
              "display_phone_number": "917996002222",
              "phone_number_id": "114392571729051"
            },
            "statuses": [
              {
                "id": "wamid.HBgMOTE5NDc0ODE2NTk0FQIAERgSQzBCNTMzQTZDOTcyMjg0Q0UzAA==",
                "status": "sent",
                "timestamp": "1757525493",
                "recipient_id": "919474816594",
                "conversation": {
                  "id": "776fe764fbbb79bbc6da4979147a53ec",
                  "expiration_timestamp": "1757525493",
                  "origin": {
                    "type": "marketing"
                  }
                },
                "pricing": {
                  "billable": true,
                  "pricing_model": "PMP",
                  "category": "marketing",
                  "type": "regular"
                }
              }
            ]
          },
          "field": "messages"
        }
      ]
    }
  ]
}
[INFO] 2025-09-10 17:31:34,746 basehttp "POST /api/webhook/whatsapp/ HTTP/1.1" 200 22
[INFO] 2025-09-10 17:31:36,083 webhook_handler Received webhook: {
  "object": "whatsapp_business_account",
  "entry": [
    {
      "id": "114374441730441",
      "changes": [
        {
          "value": {
            "messaging_product": "whatsapp",
            "metadata": {
              "display_phone_number": "917996002222",
              "phone_number_id": "114392571729051"
            },
            "statuses": [
              {
                "id": "wamid.HBgMOTE5NDc0ODE2NTk0FQIAERgSQzBCNTMzQTZDOTcyMjg0Q0UzAA==",
                "status": "delivered",
                "timestamp": "1757525494",
                "recipient_id": "919474816594",
                "conversation": {
                  "id": "776fe764fbbb79bbc6da4979147a53ec",
                  "origin": {
                    "type": "marketing"
                  }
                },
                "pricing": {
                  "billable": true,
                  "pricing_model": "PMP",
                  "category": "marketing",
                  "type": "regular"
                }
              }
            ]
          },
          "field": "messages"
        }
      ]
    }
  ]
}
[INFO] 2025-09-10 17:31:36,098 basehttp "POST /api/webhook/whatsapp/ HTTP/1.1" 200 22
[INFO] 2025-09-10 17:31:40,497 webhook_handler Received webhook: {
  "object": "whatsapp_business_account",
  "entry": [
    {
      "id": "114374441730441",
      "changes": [
        {
          "value": {
            "messaging_product": "whatsapp",
            "metadata": {
              "display_phone_number": "917996002222",
              "phone_number_id": "114392571729051"
            },
            "statuses": [
              {
                "id": "wamid.HBgMOTE5NDc0ODE2NTk0FQIAERgSQzBCNTMzQTZDOTcyMjg0Q0UzAA==",
                "status": "read",
                "timestamp": "1757525499",
                "recipient_id": "919474816594"
              }
            ]
          },
          "field": "messages"
        }
      ]
    }
  ]
}
[INFO] 2025-09-10 17:31:40,502 basehttp "POST /api/webhook/whatsapp/ HTTP/1.1" 200 22
[INFO] 2025-09-10 17:32:53,804 webhook_handler Received webhook: {
  "object": "whatsapp_business_account",
  "entry": [
    {
      "id": "114374441730441",
      "changes": [
        {
          "value": {
            "messaging_product": "whatsapp",
            "metadata": {
              "display_phone_number": "917996002222",
              "phone_number_id": "114392571729051"
            },
            "statuses": [
              {
                "id": "wamid.HBgMOTE5NDc0ODE2NTk0FQIAEhgJNTQ3Njc3OTI3AA==",
                "status": "captured",
                "timestamp": "1757525569",
                "recipient_id": "919474816594",
                "type": "payment",
                "payment": {
                  "reference_id": "1009252",
                  "amount": {
                    "value": 400,
                    "offset": 100
                  },
                  "currency": "INR",
                  "transaction": {
                    "id": "order_RFyy4iDWviebjo",
                    "pg_transaction_id": "pay_RFyy6EEzeqoORQ",
                    "type": "razorpay",
                    "status": "success",
                    "created_timestamp": 1757525568,
                    "updated_timestamp": 1757525568,
                    "amount": {
                      "value": 400,
                      "offset": 100
                    },
                    "currency": "INR",
                    "method": {
                      "type": "upi"
                    }
                  }
                }
              }
            ]
          },
          "field": "messages"
        }
      ]
    }
  ]
}
[INFO] 2025-09-10 17:32:53,822 basehttp "POST /api/webhook/whatsapp/ HTTP/1.1" 200 22
[INFO] 2025-09-10 18:12:14,681 views User logged in: campaign_user
[INFO] 2025-09-10 18:12:14,813 basehttp "POST /api/auth/login/ HTTP/1.1" 200 307
[INFO] 2025-09-10 18:12:23,256 basehttp "GET /api/campaigns/ HTTP/1.1" 200 1467
[INFO] 2025-09-10 18:12:23,277 basehttp "GET /api/campaigns/8/ HTTP/1.1" 200 624
[INFO] 2025-09-10 18:12:23,297 basehttp "GET /api/campaigns/8/statistics/ HTTP/1.1" 200 307
[INFO] 2025-09-10 18:12:23,325 basehttp "GET /api/campaigns/8/messages/ HTTP/1.1" 200 52
[INFO] 2025-09-10 18:13:26,129 basehttp "GET /api/campaigns/ HTTP/1.1" 200 1467
[INFO] 2025-09-10 18:13:26,154 basehttp "GET /api/campaigns/8/ HTTP/1.1" 200 624
[INFO] 2025-09-10 18:13:26,171 basehttp "GET /api/campaigns/8/statistics/ HTTP/1.1" 200 307
[INFO] 2025-09-10 18:13:26,197 basehttp "GET /api/campaigns/8/messages/ HTTP/1.1" 200 52
[INFO] 2025-09-10 18:20:18,664 views User logged in: campaign_user
[INFO] 2025-09-10 18:20:19,084 basehttp "POST /api/auth/login/ HTTP/1.1" 200 307
[INFO] 2025-09-10 18:20:22,364 basehttp "GET /api/campaigns/ HTTP/1.1" 200 1467
[INFO] 2025-09-10 18:20:22,393 basehttp "GET /api/campaigns/8/ HTTP/1.1" 200 624
[INFO] 2025-09-10 18:20:22,411 basehttp "GET /api/campaigns/8/statistics/ HTTP/1.1" 200 307
[INFO] 2025-09-10 18:20:22,455 basehttp "GET /api/campaigns/8/messages/ HTTP/1.1" 200 52
[INFO] 2025-09-10 18:29:05,573 basehttp "GET /admin/campaigns/campaign/ HTTP/1.1" 200 17616
[INFO] 2025-09-10 18:29:05,625 basehttp "GET /admin/jsi18n/ HTTP/1.1" 200 3343
[INFO] 2025-09-10 18:29:05,628 basehttp "GET /static/admin/js/filters.js HTTP/1.1" 200 978
[INFO] 2025-09-10 18:30:36,047 webhook_handler Received webhook: {
  "object": "whatsapp_business_account",
  "entry": [
    {
      "id": "114374441730441",
      "changes": [
        {
          "value": {
            "messaging_product": "whatsapp",
            "metadata": {
              "display_phone_number": "917996002222",
              "phone_number_id": "114392571729051"
            },
            "statuses": [
              {
                "id": "wamid.HBgMOTE5NDc0ODE2NTk0FQIAERgSOTQ4QjJFQjc3NzZBODUzOUVGAA==",
                "status": "delivered",
                "timestamp": "1757005586",
                "recipient_id": "919474816594",
                "conversation": {
                  "id": "2edb8fa69e30ebcac684b2580f87b67d",
                  "origin": {
                    "type": "marketing"
                  }
                },
                "pricing": {
                  "billable": true,
                  "pricing_model": "PMP",
                  "category": "marketing",
                  "type": "regular"
                }
              }
            ]
          },
          "field": "messages"
        }
      ]
    }
  ]
}
[INFO] 2025-09-10 18:30:36,064 basehttp "POST /api/webhook/whatsapp/ HTTP/1.1" 200 22
[INFO] 2025-09-10 18:30:47,835 basehttp "GET /admin/campaigns/webhooklog/ HTTP/1.1" 200 22819
[INFO] 2025-09-10 18:30:47,887 basehttp "GET /admin/jsi18n/ HTTP/1.1" 200 3343
[INFO] 2025-09-10 18:30:51,054 basehttp "GET /admin/campaigns/webhooklog/21/change/ HTTP/1.1" 200 15700
[INFO] 2025-09-10 18:30:51,112 basehttp "GET /admin/jsi18n/ HTTP/1.1" 200 3343
[INFO] 2025-09-10 18:32:19,737 webhook_handler Received webhook: {
  "object": "whatsapp_business_account",
  "entry": [
    {
      "id": "114374441730441",
      "changes": [
        {
          "value": {
            "messaging_product": "whatsapp",
            "metadata": {
              "display_phone_number": "917996002222",
              "phone_number_id": "114392571729051"
            },
            "statuses": [
              {
                "id": "wamid.HBgMOTE5NDQ1MzkyNDU0FQIAERgSMTA5NTlGRDU4RDVBRThDNUQ3AA==",
                "status": "read",
                "timestamp": "1757067926",
                "recipient_id": "919445392454"
              }
            ]
          },
          "field": "messages"
        }
      ]
    }
  ]
}
[INFO] 2025-09-10 18:32:19,755 basehttp "POST /api/webhook/whatsapp/ HTTP/1.1" 200 22
[INFO] 2025-09-10 18:33:26,213 basehttp "GET /admin/campaigns/webhooklog/ HTTP/1.1" 200 23263
[INFO] 2025-09-10 18:33:26,246 basehttp "GET /admin/jsi18n/ HTTP/1.1" 200 3343
[INFO] 2025-09-10 18:33:29,038 basehttp "GET /admin/campaigns/webhooklog/22/change/ HTTP/1.1" 200 15363
[INFO] 2025-09-10 18:33:29,091 basehttp "GET /admin/jsi18n/ HTTP/1.1" 200 3343
[INFO] 2025-09-10 18:50:33,376 webhook_handler Received webhook: {
  "object": "whatsapp_business_account",
  "entry": [
    {
      "id": "114374441730441",
      "changes": [
        {
          "value": {
            "messaging_product": "whatsapp",
            "metadata": {
              "display_phone_number": "917996002222",
              "phone_number_id": "114392571729051"
            },
            "statuses": [
              {
                "id": "wamid.HBgMOTE5NDQ1MzkyNDU0FQIAERgSMTA5NTlGRDU4RDVBRThDNUQ3AA==",
                "status": "delivered",
                "timestamp": "1757067915",
                "recipient_id": "919445392454",
                "conversation": {
                  "id": "d6cedea161270a1a61792ad6b355e346",
                  "origin": {
                    "type": "marketing"
                  }
                },
                "pricing": {
                  "billable": true,
                  "pricing_model": "PMP",
                  "category": "marketing",
                  "type": "regular"
                }
              }
            ]
          },
          "field": "messages"
        }
      ]
    }
  ]
}
[INFO] 2025-09-10 18:50:33,394 basehttp "POST /api/webhook/whatsapp/ HTTP/1.1" 200 22
[INFO] 2025-09-10 18:53:28,034 webhook_handler Received webhook: {
  "object": "whatsapp_business_account",
  "entry": [
    {
      "id": "114374441730441",
      "changes": [
        {
          "value": {
            "messaging_product": "whatsapp",
            "metadata": {
              "display_phone_number": "917996002222",
              "phone_number_id": "114392571729051"
            },
            "statuses": [
              {
                "id": "wamid.HBgMOTE5NDc0ODE2NTk0FQIAERgSOTQ4QjJFQjc3NzZBODUzOUVGAA==",
                "status": "read",
                "timestamp": "1757005602",
                "recipient_id": "919474816594"
              }
            ]
          },
          "field": "messages"
        }
      ]
    }
  ]
}
[INFO] 2025-09-10 18:53:28,040 basehttp "POST /api/webhook/whatsapp/ HTTP/1.1" 200 22
[INFO] 2025-09-10 18:53:54,715 webhook_handler Received webhook: {
  "object": "whatsapp_business_account",
  "entry": [
    {
      "id": "114374441730441",
      "changes": [
        {
          "value": {
            "messaging_product": "whatsapp",
            "metadata": {
              "display_phone_number": "917996002222",
              "phone_number_id": "114392571729051"
            },
            "statuses": [
              {
                "id": "wamid.HBgMOTE4MDk1NjQwMDAwFQIAERgSQ0ZDODVCNTNGM0E2NTQ0NDUwAA==",
                "status": "delivered",
                "timestamp": "1757067611",
                "recipient_id": "918095640000",
                "conversation": {
                  "id": "12432a6d34d70069575c225ccfa1167c",
                  "origin": {
                    "type": "marketing"
                  }
                },
                "pricing": {
                  "billable": true,
                  "pricing_model": "PMP",
                  "category": "marketing",
                  "type": "regular"
                }
              }
            ]
          },
          "field": "messages"
        }
      ]
    }
  ]
}
[INFO] 2025-09-10 18:53:54,719 basehttp "POST /api/webhook/whatsapp/ HTTP/1.1" 200 22
[INFO] 2025-09-10 18:55:28,472 webhook_handler Received webhook: {
  "object": "whatsapp_business_account",
  "entry": [
    {
      "id": "114374441730441",
      "changes": [
        {
          "value": {
            "messaging_product": "whatsapp",
            "metadata": {
              "display_phone_number": "917996002222",
              "phone_number_id": "114392571729051"
            },
            "statuses": [
              {
                "id": "wamid.HBgMOTE3NzAyODI4ODExFQIAERgSOTZBRURCOTEyQjVBQzFDNzRCAA==",
                "status": "failed",
                "timestamp": "1757002384",
                "recipient_id": "917702828811",
                "errors": [
                  {
                    "code": 131049,
                    "title": "This message was not delivered to maintain healthy ecosystem engagement.",
                    "message": "This message was not delivered to maintain healthy ecosystem engagement.",
                    "error_data": {
                      "details": "In order to maintain a healthy ecosystem engagement, the message failed to be delivered."
                    },
                    "href": "https://developers.facebook.com/docs/whatsapp/cloud-api/support/error-codes/"
                  }
                ]
              }
            ]
          },
          "field": "messages"
        }
      ]
    }
  ]
}
[INFO] 2025-09-10 18:55:28,490 basehttp "POST /api/webhook/whatsapp/ HTTP/1.1" 200 22
[INFO] 2025-09-10 18:57:10,592 webhook_handler Received webhook: {
  "object": "whatsapp_business_account",
  "entry": [
    {
      "id": "114374441730441",
      "changes": [
        {
          "value": {
            "messaging_product": "whatsapp",
            "metadata": {
              "display_phone_number": "917996002222",
              "phone_number_id": "114392571729051"
            },
            "statuses": [
              {
                "id": "wamid.HBgMOTE5NzMxNDM2ODQ1FQIAERgSNTM3NjI3RjIxNjlGQzNEQjY2AA==",
                "status": "failed",
                "timestamp": "1757066792",
                "recipient_id": "919731436845",
                "errors": [
                  {
                    "code": 131049,
                    "title": "This message was not delivered to maintain healthy ecosystem engagement.",
                    "message": "This message was not delivered to maintain healthy ecosystem engagement.",
                    "error_data": {
                      "details": "In order to maintain a healthy ecosystem engagement, the message failed to be delivered."
                    },
                    "href": "https://developers.facebook.com/docs/whatsapp/cloud-api/support/error-codes/"
                  }
                ]
              }
            ]
          },
          "field": "messages"
        }
      ]
    }
  ]
}
[INFO] 2025-09-10 18:57:10,606 basehttp "POST /api/webhook/whatsapp/ HTTP/1.1" 200 22
[INFO] 2025-09-10 19:06:30,187 views User logged in: campaign_user
[INFO] 2025-09-10 19:06:30,301 basehttp "POST /api/auth/login/ HTTP/1.1" 200 307
[INFO] 2025-09-10 19:11:42,427 webhook_handler Received webhook: {
  "object": "whatsapp_business_account",
  "entry": [
    {
      "id": "114374441730441",
      "changes": [
        {
          "value": {
            "messaging_product": "whatsapp",
            "metadata": {
              "display_phone_number": "917996002222",
              "phone_number_id": "114392571729051"
            },
            "statuses": [
              {
                "id": "wamid.HBgMOTE5NzMxNDM2ODQ1FQIAERgSN0VFNzc2OTMyQkI5RUEwN0MyAA==",
                "status": "delivered",
                "timestamp": "1757003331",
                "recipient_id": "919731436845",
                "conversation": {
                  "id": "c9cb06792b6d94bececcf7494553528d",
                  "origin": {
                    "type": "marketing"
                  }
                },
                "pricing": {
                  "billable": true,
                  "pricing_model": "PMP",
                  "category": "marketing",
                  "type": "regular"
                }
              }
            ]
          },
          "field": "messages"
        }
      ]
    }
  ]
}
[INFO] 2025-09-10 19:11:42,448 basehttp "POST /api/webhook/whatsapp/ HTTP/1.1" 200 22
[INFO] 2025-09-10 19:19:19,567 webhook_handler Received webhook: {
  "object": "whatsapp_business_account",
  "entry": [
    {
      "id": "114374441730441",
      "changes": [
        {
          "value": {
            "messaging_product": "whatsapp",
            "metadata": {
              "display_phone_number": "917996002222",
              "phone_number_id": "114392571729051"
            },
            "statuses": [
              {
                "id": "wamid.HBgMOTE5NDc0ODE2NTk0FQIAERgSOTQ4QjJFQjc3NzZBODUzOUVGAA==",
                "status": "sent",
                "timestamp": "1757005584",
                "recipient_id": "919474816594",
                "conversation": {
                  "id": "2edb8fa69e30ebcac684b2580f87b67d",
                  "expiration_timestamp": "1757005584",
                  "origin": {
                    "type": "marketing"
                  }
                },
                "pricing": {
                  "billable": true,
                  "pricing_model": "PMP",
                  "category": "marketing",
                  "type": "regular"
                }
              }
            ]
          },
          "field": "messages"
        }
      ]
    }
  ]
}
[INFO] 2025-09-10 19:19:19,595 basehttp "POST /api/webhook/whatsapp/ HTTP/1.1" 200 22
[INFO] 2025-09-10 19:19:20,528 webhook_handler Received webhook: {
  "object": "whatsapp_business_account",
  "entry": [
    {
      "id": "114374441730441",
      "changes": [
        {
          "value": {
            "messaging_product": "whatsapp",
            "metadata": {
              "display_phone_number": "917996002222",
              "phone_number_id": "114392571729051"
            },
            "statuses": [
              {
                "id": "wamid.HBgMOTE5NDc0ODE2NTk0FQIAERgSMTI5MTlDNDU4MzU4NjQyMTI1AA==",
                "status": "sent",
                "timestamp": "1757002509",
                "recipient_id": "919474816594",
                "conversation": {
                  "id": "c3faee8f0389d0a10c9b27e8e437d648",
                  "expiration_timestamp": "1757002509",
                  "origin": {
                    "type": "marketing"
                  }
                },
                "pricing": {
                  "billable": true,
                  "pricing_model": "PMP",
                  "category": "marketing",
                  "type": "regular"
                }
              }
            ]
          },
          "field": "messages"
        }
      ]
    }
  ]
}
[INFO] 2025-09-10 19:19:20,550 basehttp "POST /api/webhook/whatsapp/ HTTP/1.1" 200 22
[INFO] 2025-09-10 19:22:13,048 webhook_handler Received webhook: {
  "object": "whatsapp_business_account",
  "entry": [
    {
      "id": "114374441730441",
      "changes": [
        {
          "value": {
            "messaging_product": "whatsapp",
            "metadata": {
              "display_phone_number": "917996002222",
              "phone_number_id": "114392571729051"
            },
            "statuses": [
              {
                "id": "wamid.HBgMOTE5NDQ1MzkyNDU0FQIAERgSRTEyQTExRTUzNzA5RDY4NEMxAA==",
                "status": "read",
                "timestamp": "1757002767",
                "recipient_id": "919445392454"
              }
            ]
          },
          "field": "messages"
        }
      ]
    }
  ]
}
[INFO] 2025-09-10 19:22:13,068 basehttp "POST /api/webhook/whatsapp/ HTTP/1.1" 200 22
[INFO] 2025-09-10 19:24:07,238 basehttp "GET /api/campaigns/ HTTP/1.1" 200 1467
[INFO] 2025-09-10 19:24:07,272 basehttp "GET /api/campaigns/8/ HTTP/1.1" 200 624
[INFO] 2025-09-10 19:24:07,288 basehttp "GET /api/campaigns/8/statistics/ HTTP/1.1" 200 307
[INFO] 2025-09-10 19:24:07,327 basehttp "GET /api/campaigns/8/messages/ HTTP/1.1" 200 52
[INFO] 2025-09-10 19:24:35,887 webhook_handler Received webhook: {
  "object": "whatsapp_business_account",
  "entry": [
    {
      "id": "114374441730441",
      "changes": [
        {
          "value": {
            "messaging_product": "whatsapp",
            "metadata": {
              "display_phone_number": "917996002222",
              "phone_number_id": "114392571729051"
            },
            "statuses": [
              {
                "id": "wamid.HBgMOTE5NDc0ODE2NTk0FQIAERgSMTI5MTlDNDU4MzU4NjQyMTI1AA==",
                "status": "delivered",
                "timestamp": "1757002511",
                "recipient_id": "919474816594",
                "conversation": {
                  "id": "c3faee8f0389d0a10c9b27e8e437d648",
                  "origin": {
                    "type": "marketing"
                  }
                },
                "pricing": {
                  "billable": true,
                  "pricing_model": "PMP",
                  "category": "marketing",
                  "type": "regular"
                }
              }
            ]
          },
          "field": "messages"
        }
      ]
    }
  ]
}
[INFO] 2025-09-10 19:24:35,894 basehttp "POST /api/webhook/whatsapp/ HTTP/1.1" 200 22
[INFO] 2025-09-10 19:24:37,555 webhook_handler Received webhook: {
  "object": "whatsapp_business_account",
  "entry": [
    {
      "id": "114374441730441",
      "changes": [
        {
          "value": {
            "messaging_product": "whatsapp",
            "metadata": {
              "display_phone_number": "917996002222",
              "phone_number_id": "114392571729051"
            },
            "statuses": [
              {
                "id": "wamid.HBgMOTE4MDk1NjQwMDAwFQIAERgSQ0ZDODVCNTNGM0E2NTQ0NDUwAA==",
                "status": "sent",
                "timestamp": "1757067610",
                "recipient_id": "918095640000",
                "conversation": {
                  "id": "12432a6d34d70069575c225ccfa1167c",
                  "expiration_timestamp": "1757067610",
                  "origin": {
                    "type": "marketing"
                  }
                },
                "pricing": {
                  "billable": true,
                  "pricing_model": "PMP",
                  "category": "marketing",
                  "type": "regular"
                }
              }
            ]
          },
          "field": "messages"
        }
      ]
    }
  ]
}
[INFO] 2025-09-10 19:24:37,559 basehttp "POST /api/webhook/whatsapp/ HTTP/1.1" 200 22
[INFO] 2025-09-10 19:31:07,591 basehttp "GET /api/campaigns/ HTTP/1.1" 200 1467
[INFO] 2025-09-10 19:31:07,649 basehttp "GET /api/campaigns/8/ HTTP/1.1" 200 624
[INFO] 2025-09-10 19:31:07,672 basehttp "GET /api/campaigns/8/statistics/ HTTP/1.1" 200 307
[INFO] 2025-09-10 19:31:07,713 basehttp "GET /api/campaigns/8/messages/ HTTP/1.1" 200 52
[INFO] 2025-09-10 19:31:11,619 basehttp "GET /api/campaigns/ HTTP/1.1" 200 1467
[INFO] 2025-09-10 19:31:11,653 basehttp "GET /api/campaigns/8/ HTTP/1.1" 200 624
[INFO] 2025-09-10 19:31:11,674 basehttp "GET /api/campaigns/8/statistics/ HTTP/1.1" 200 307
[INFO] 2025-09-10 19:31:11,710 basehttp "GET /api/campaigns/8/messages/ HTTP/1.1" 200 52
[INFO] 2025-09-10 19:31:29,497 basehttp "GET /api/stats/ HTTP/1.1" 200 224
[INFO] 2025-09-10 19:31:29,561 basehttp "GET /api/campaigns/ HTTP/1.1" 200 1467
[INFO] 2025-09-10 19:32:05,223 basehttp "POST /api/validate-file/ HTTP/1.1" 200 216
[INFO] 2025-09-10 19:32:08,432 views Campaign created: 9, processing file: 9
[INFO] 2025-09-10 19:32:08,441 basehttp "POST /api/campaigns/ HTTP/1.1" 201 699
[INFO] 2025-09-10 19:32:09,602 tasks Processing file: test_contacts.csv
[INFO] 2025-09-10 19:32:11,124 tasks File processed: 2 valid, 0 invalid rows
[INFO] 2025-09-10 19:32:19,376 basehttp "POST /api/validate-file/ HTTP/1.1" 200 216
[INFO] 2025-09-10 19:32:22,088 views Campaign created: 10, processing file: 10
[INFO] 2025-09-10 19:32:22,096 basehttp "POST /api/campaigns/ HTTP/1.1" 201 701
[INFO] 2025-09-10 19:32:22,448 tasks Processing file: test_contacts.csv
[INFO] 2025-09-10 19:32:23,350 tasks File processed: 2 valid, 0 invalid rows
[INFO] 2025-09-10 19:33:35,340 webhook_handler Received webhook: {
  "object": "whatsapp_business_account",
  "entry": [
    {
      "id": "114374441730441",
      "changes": [
        {
          "value": {
            "messaging_product": "whatsapp",
            "metadata": {
              "display_phone_number": "917996002222",
              "phone_number_id": "114392571729051"
            },
            "statuses": [
              {
                "id": "wamid.HBgMOTE5NDQ1MzkyNDU0FQIAERgSRTEyQTExRTUzNzA5RDY4NEMxAA==",
                "status": "sent",
                "timestamp": "1757002695",
                "recipient_id": "919445392454",
                "conversation": {
                  "id": "99b4426c72e7b793d572bb579b1f80f0",
                  "expiration_timestamp": "1757002695",
                  "origin": {
                    "type": "marketing"
                  }
                },
                "pricing": {
                  "billable": true,
                  "pricing_model": "PMP",
                  "category": "marketing",
                  "type": "regular"
                }
              }
            ]
          },
          "field": "messages"
        }
      ]
    }
  ]
}
[INFO] 2025-09-10 19:33:35,347 basehttp "POST /api/webhook/whatsapp/ HTTP/1.1" 200 22
[INFO] 2025-09-10 19:39:25,999 webhook_handler Received webhook: {
  "object": "whatsapp_business_account",
  "entry": [
    {
      "id": "114374441730441",
      "changes": [
        {
          "value": {
            "messaging_product": "whatsapp",
            "metadata": {
              "display_phone_number": "917996002222",
              "phone_number_id": "114392571729051"
            },
            "statuses": [
              {
                "id": "wamid.HBgMOTE5NDQ1MzkyNDU0FQIAERgSRTEyQTExRTUzNzA5RDY4NEMxAA==",
                "status": "delivered",
                "timestamp": "1757002695",
                "recipient_id": "919445392454",
                "conversation": {
                  "id": "99b4426c72e7b793d572bb579b1f80f0",
                  "origin": {
                    "type": "marketing"
                  }
                },
                "pricing": {
                  "billable": true,
                  "pricing_model": "PMP",
                  "category": "marketing",
                  "type": "regular"
                }
              }
            ]
          },
          "field": "messages"
        }
      ]
    }
  ]
}
[INFO] 2025-09-10 19:39:26,003 basehttp "POST /api/webhook/whatsapp/ HTTP/1.1" 200 22
[INFO] 2025-09-10 19:39:59,976 webhook_handler Received webhook: {
  "object": "whatsapp_business_account",
  "entry": [
    {
      "id": "114374441730441",
      "changes": [
        {
          "value": {
            "messaging_product": "whatsapp",
            "metadata": {
              "display_phone_number": "917996002222",
              "phone_number_id": "114392571729051"
            },
            "statuses": [
              {
                "id": "wamid.HBgMOTE3NzAyODI4ODExFQIAERgSQkYwM0M2REFDQjFBRTNBODgzAA==",
                "status": "read",
                "timestamp": "1757325307",
                "recipient_id": "917702828811"
              }
            ]
          },
          "field": "messages"
        }
      ]
    }
  ]
}
[INFO] 2025-09-10 19:39:59,991 basehttp "POST /api/webhook/whatsapp/ HTTP/1.1" 200 22
[INFO] 2025-09-10 19:43:52,861 basehttp "GET /admin/campaigns/campaign/ HTTP/1.1" 200 18667
[INFO] 2025-09-10 19:43:52,990 basehttp "GET /static/admin/js/jquery.init.js HTTP/1.1" 200 347
[INFO] 2025-09-10 19:43:53,030 basehttp "GET /static/admin/css/changelists.css HTTP/1.1" 200 6566
[INFO] 2025-09-10 19:43:53,031 basehttp "GET /static/admin/js/filters.js HTTP/1.1" 200 978
[INFO] 2025-09-10 19:43:53,093 basehttp "GET /static/admin/css/nav_sidebar.css HTTP/1.1" 200 2694
[INFO] 2025-09-10 19:43:53,094 basehttp "GET /static/admin/css/dark_mode.css HTTP/1.1" 200 2929
[INFO] 2025-09-10 19:43:53,118 basehttp "GET /static/admin/css/base.css HTTP/1.1" 200 21207
[INFO] 2025-09-10 19:43:53,175 basehttp "GET /static/admin/css/responsive.css HTTP/1.1" 200 18533
[INFO] 2025-09-10 19:43:53,214 basehttp "GET /static/admin/js/vendor/jquery/jquery.js HTTP/1.1" 304 0
[INFO] 2025-09-10 19:43:53,233 basehttp "GET /static/admin/js/core.js HTTP/1.1" 304 0
[INFO] 2025-09-10 19:43:53,273 basehttp "GET /static/admin/js/admin/RelatedObjectLookups.js HTTP/1.1" 304 0
[INFO] 2025-09-10 19:43:53,300 basehttp "GET /admin/jsi18n/ HTTP/1.1" 200 3343
[INFO] 2025-09-10 19:43:53,332 basehttp "GET /static/admin/js/vendor/xregexp/xregexp.js HTTP/1.1" 304 0
[INFO] 2025-09-10 19:43:53,364 basehttp "GET /static/admin/img/search.svg HTTP/1.1" 200 458
[INFO] 2025-09-10 19:43:53,440 basehttp "GET /static/admin/js/nav_sidebar.js HTTP/1.1" 304 0
[INFO] 2025-09-10 19:43:53,441 basehttp "GET /static/admin/js/theme.js HTTP/1.1" 304 0
[INFO] 2025-09-10 19:43:53,471 basehttp "GET /static/admin/img/icon-addlink.svg HTTP/1.1" 200 331
[INFO] 2025-09-10 19:43:53,477 basehttp "GET /static/admin/img/tooltag-add.svg HTTP/1.1" 200 331
[INFO] 2025-09-10 19:43:53,479 basehttp "GET /static/admin/img/sorting-icons.svg HTTP/1.1" 200 1097
[WARNING] 2025-09-10 19:43:53,562 log Not Found: /favicon.ico
[INFO] 2025-09-10 19:45:53,499 views User logged in: campaign_user
[INFO] 2025-09-10 19:45:53,661 basehttp "POST /api/auth/login/ HTTP/1.1" 200 307
[INFO] 2025-09-10 19:45:55,784 basehttp "GET /api/campaigns/ HTTP/1.1" 200 1942
[INFO] 2025-09-10 19:45:56,020 basehttp "GET /api/campaigns/10/ HTTP/1.1" 200 1092
[INFO] 2025-09-10 19:45:56,042 basehttp "GET /api/campaigns/10/statistics/ HTTP/1.1" 200 339
[INFO] 2025-09-10 19:45:56,083 basehttp "GET /api/campaigns/10/messages/ HTTP/1.1" 200 489
[INFO] 2025-09-10 19:46:20,714 basehttp "GET /api/campaigns/ HTTP/1.1" 200 1942
[INFO] 2025-09-10 19:46:20,744 basehttp "GET /api/campaigns/10/ HTTP/1.1" 200 1092
[INFO] 2025-09-10 19:46:20,760 basehttp "GET /api/campaigns/10/statistics/ HTTP/1.1" 200 339
[INFO] 2025-09-10 19:46:21,075 views Campaign started: 10
[INFO] 2025-09-10 19:46:21,102 basehttp "POST /api/campaigns/10/start/ HTTP/1.1" 200 1166
[INFO] 2025-09-10 19:46:21,144 tasks Starting campaign: 10
[INFO] 2025-09-10 19:46:22,206 basehttp "GET /api/campaigns/ HTTP/1.1" 200 1942
[INFO] 2025-09-10 19:46:22,249 basehttp "GET /api/campaigns/10/ HTTP/1.1" 200 1117
[INFO] 2025-09-10 19:46:22,280 basehttp "GET /api/campaigns/10/statistics/ HTTP/1.1" 200 364
[INFO] 2025-09-10 19:46:22,281 tasks Found 2 messages to send
[INFO] 2025-09-10 19:46:22,627 basehttp "GET /api/campaigns/10/messages/ HTTP/1.1" 200 489
[INFO] 2025-09-10 19:46:22,965 tasks Scheduled message 7 with 0s delay
[INFO] 2025-09-10 19:46:22,982 tasks Scheduled message 8 with 2s delay
[INFO] 2025-09-10 19:46:26,513 tasks Sending message to +919538095601
[INFO] 2025-09-10 19:46:26,531 whatsapp_360_client Sending WhatsApp message to 919538095601 using template sample_template_txt
[INFO] 2025-09-10 19:46:30,784 tasks Sending message to +917702828811
[INFO] 2025-09-10 19:46:31,291 whatsapp_360_client Sending WhatsApp message to 917702828811 using template sample_template_txt
[INFO] 2025-09-10 19:46:33,575 whatsapp_360_client Message sent successfully. Message ID: wamid.HBgMOTE5NTM4MDk1NjAxFQIAERgSOEQ0MDUxNTQ2ODZEQUFEN0JCAA==
[INFO] 2025-09-10 19:46:34,254 tasks Message sent successfully to +919538095601, Message ID: wamid.HBgMOTE5NTM4MDk1NjAxFQIAERgSOEQ0MDUxNTQ2ODZEQUFEN0JCAA==
[INFO] 2025-09-10 19:46:34,951 webhook_handler Received webhook: {
  "object": "whatsapp_business_account",
  "entry": [
    {
      "id": "114374441730441",
      "changes": [
        {
          "value": {
            "messaging_product": "whatsapp",
            "metadata": {
              "display_phone_number": "917996002222",
              "phone_number_id": "114392571729051"
            },
            "statuses": [
              {
                "id": "wamid.HBgMOTE5NTM4MDk1NjAxFQIAERgSOEQ0MDUxNTQ2ODZEQUFEN0JCAA==",
                "status": "sent",
                "timestamp": "1757533593",
                "recipient_id": "919538095601",
                "conversation": {
                  "id": "db9211b4521eb34f8a0e7e80d0f66aed",
                  "expiration_timestamp": "1757533593",
                  "origin": {
                    "type": "marketing"
                  }
                },
                "pricing": {
                  "billable": true,
                  "pricing_model": "PMP",
                  "category": "marketing",
                  "type": "regular"
                }
              }
            ]
          },
          "field": "messages"
        }
      ]
    }
  ]
}
[INFO] 2025-09-10 19:46:34,963 basehttp "POST /api/webhook/whatsapp/ HTTP/1.1" 200 22
[INFO] 2025-09-10 19:46:37,933 whatsapp_360_client Message sent successfully. Message ID: wamid.HBgMOTE3NzAyODI4ODExFQIAERgSRkMwQjYyNDI4NzY5RDRBNUY0AA==
[INFO] 2025-09-10 19:46:38,667 tasks Message sent successfully to +917702828811, Message ID: wamid.HBgMOTE3NzAyODI4ODExFQIAERgSRkMwQjYyNDI4NzY5RDRBNUY0AA==
[INFO] 2025-09-10 19:46:39,310 webhook_handler Received webhook: {
  "object": "whatsapp_business_account",
  "entry": [
    {
      "id": "114374441730441",
      "changes": [
        {
          "value": {
            "messaging_product": "whatsapp",
            "metadata": {
              "display_phone_number": "917996002222",
              "phone_number_id": "114392571729051"
            },
            "statuses": [
              {
                "id": "wamid.HBgMOTE3NzAyODI4ODExFQIAERgSRkMwQjYyNDI4NzY5RDRBNUY0AA==",
                "status": "failed",
                "timestamp": "1757533598",
                "recipient_id": "917702828811",
                "errors": [
                  {
                    "code": 131049,
                    "title": "This message was not delivered to maintain healthy ecosystem engagement.",
                    "message": "This message was not delivered to maintain healthy ecosystem engagement.",
                    "error_data": {
                      "details": "In order to maintain a healthy ecosystem engagement, the message failed to be delivered."
                    },
                    "href": "https://developers.facebook.com/docs/whatsapp/cloud-api/support/error-codes/"
                  }
                ]
              }
            ]
          },
          "field": "messages"
        }
      ]
    }
  ]
}
[INFO] 2025-09-10 19:46:39,315 basehttp "POST /api/webhook/whatsapp/ HTTP/1.1" 200 22
[INFO] 2025-09-10 19:47:37,369 webhook_handler Received webhook: {
  "object": "whatsapp_business_account",
  "entry": [
    {
      "id": "114374441730441",
      "changes": [
        {
          "value": {
            "messaging_product": "whatsapp",
            "metadata": {
              "display_phone_number": "917996002222",
              "phone_number_id": "114392571729051"
            },
            "statuses": [
              {
                "id": "wamid.HBgMOTE5NzMxNDM2ODQ1FQIAERgSN0VFNzc2OTMyQkI5RUEwN0MyAA==",
                "status": "read",
                "timestamp": "1757003346",
                "recipient_id": "919731436845"
              }
            ]
          },
          "field": "messages"
        }
      ]
    }
  ]
}
[INFO] 2025-09-10 19:47:37,375 basehttp "POST /api/webhook/whatsapp/ HTTP/1.1" 200 22
[INFO] 2025-09-10 19:48:23,763 webhook_handler Received webhook: {
  "object": "whatsapp_business_account",
  "entry": [
    {
      "id": "114374441730441",
      "changes": [
        {
          "value": {
            "messaging_product": "whatsapp",
            "metadata": {
              "display_phone_number": "917996002222",
              "phone_number_id": "114392571729051"
            },
            "statuses": [
              {
                "id": "wamid.HBgMOTE5NzMxNDM2ODQ1FQIAERgSNzE4Qjg4QTk4QzFBMTcwQUQyAA==",
                "status": "failed",
                "timestamp": "1757005566",
                "recipient_id": "919731436845",
                "errors": [
                  {
                    "code": 131049,
                    "title": "This message was not delivered to maintain healthy ecosystem engagement.",
                    "message": "This message was not delivered to maintain healthy ecosystem engagement.",
                    "error_data": {
                      "details": "In order to maintain a healthy ecosystem engagement, the message failed to be delivered."
                    },
                    "href": "https://developers.facebook.com/docs/whatsapp/cloud-api/support/error-codes/"
                  }
                ]
              }
            ]
          },
          "field": "messages"
        }
      ]
    }
  ]
}
[INFO] 2025-09-10 19:48:23,781 basehttp "POST /api/webhook/whatsapp/ HTTP/1.1" 200 22
[INFO] 2025-09-10 19:48:54,253 basehttp "GET /admin/campaigns/campaign/ HTTP/1.1" 200 18667
[INFO] 2025-09-10 19:48:54,355 basehttp "GET /admin/jsi18n/ HTTP/1.1" 200 3343
[WARNING] 2025-09-10 19:48:54,461 log Not Found: /favicon.ico
[INFO] 2025-09-10 19:48:59,898 basehttp "GET /admin/campaigns/campaign/ HTTP/1.1" 200 18667
[INFO] 2025-09-10 19:48:59,942 basehttp "GET /admin/jsi18n/ HTTP/1.1" 200 3343
[INFO] 2025-09-10 19:49:13,520 basehttp "GET /admin/campaigns/campaign/10/change/ HTTP/1.1" 200 18926
[INFO] 2025-09-10 19:49:13,567 basehttp "GET /admin/jsi18n/ HTTP/1.1" 200 3343
[INFO] 2025-09-10 19:49:13,580 basehttp "GET /static/admin/css/forms.css HTTP/1.1" 200 9047
[INFO] 2025-09-10 19:49:13,634 basehttp "GET /static/admin/css/widgets.css HTTP/1.1" 200 11900
[INFO] 2025-09-10 19:49:13,689 basehttp "GET /static/admin/img/icon-viewlink.svg HTTP/1.1" 200 581
[INFO] 2025-09-10 19:49:13,689 basehttp "GET /static/admin/img/icon-changelink.svg HTTP/1.1" 200 380
[INFO] 2025-09-10 19:49:13,690 basehttp "GET /static/admin/js/change_form.js HTTP/1.1" 200 606
[INFO] 2025-09-10 19:49:13,692 basehttp "GET /static/admin/js/prepopulate_init.js HTTP/1.1" 200 586
[INFO] 2025-09-10 19:49:25,675 basehttp "GET /admin/campaigns/message/ HTTP/1.1" 200 17504
[INFO] 2025-09-10 19:49:25,725 basehttp "GET /admin/jsi18n/ HTTP/1.1" 200 3343
[INFO] 2025-09-10 19:49:45,397 basehttp "GET /admin/campaigns/message/5/change/ HTTP/1.1" 200 23090
[INFO] 2025-09-10 19:49:45,436 basehttp "GET /admin/jsi18n/ HTTP/1.1" 200 3343
[INFO] 2025-09-10 19:49:57,701 basehttp "GET /admin/campaigns/message/ HTTP/1.1" 200 17504
[INFO] 2025-09-11 05:32:02,880 autoreload Watching for file changes with StatReloader
[INFO] 2025-09-11 05:32:28,587 views User logged in: campaign_user
[INFO] 2025-09-11 05:32:28,757 basehttp "POST /api/auth/login/ HTTP/1.1" 200 307
[INFO] 2025-09-11 05:32:36,323 basehttp "GET /api/campaigns/ HTTP/1.1" 200 1944
[INFO] 2025-09-11 05:32:36,450 basehttp "GET /api/campaigns/10/ HTTP/1.1" 200 1165
[INFO] 2025-09-11 05:32:36,479 basehttp "GET /api/campaigns/10/statistics/ HTTP/1.1" 200 364
[INFO] 2025-09-11 05:32:36,858 basehttp "GET /api/campaigns/10/messages/ HTTP/1.1" 200 535
[INFO] 2025-09-11 06:52:53,592 basehttp "POST /api/validate-file/ HTTP/1.1" 200 216
[INFO] 2025-09-11 06:52:58,752 views Campaign created: 11, processing file: 11
[INFO] 2025-09-11 06:52:58,760 basehttp "POST /api/campaigns/ HTTP/1.1" 201 693
[INFO] 2025-09-11 06:53:19,290 basehttp "GET /api/campaigns/ HTTP/1.1" 200 2180
[INFO] 2025-09-11 06:53:19,335 basehttp "GET /api/campaigns/10/ HTTP/1.1" 200 1165
[INFO] 2025-09-11 06:53:19,357 basehttp "GET /api/campaigns/10/statistics/ HTTP/1.1" 200 364
[INFO] 2025-09-11 06:53:19,450 basehttp "GET /api/campaigns/10/messages/ HTTP/1.1" 200 535
[INFO] 2025-09-11 06:53:23,356 basehttp "GET /api/campaigns/ HTTP/1.1" 200 2180
[INFO] 2025-09-11 06:53:23,377 basehttp "GET /api/campaigns/11/ HTTP/1.1" 200 618
[INFO] 2025-09-11 06:53:23,394 basehttp "GET /api/campaigns/11/statistics/ HTTP/1.1" 200 308
[INFO] 2025-09-11 06:53:23,418 basehttp "GET /api/campaigns/11/messages/ HTTP/1.1" 200 52
[INFO] 2025-09-11 06:53:24,798 basehttp "GET /api/campaigns/ HTTP/1.1" 200 2180
[INFO] 2025-09-11 06:53:24,934 basehttp "GET /api/campaigns/ HTTP/1.1" 200 2180
[INFO] 2025-09-11 06:53:24,965 basehttp "GET /api/campaigns/11/ HTTP/1.1" 200 618
[INFO] 2025-09-11 06:53:24,987 basehttp "GET /api/campaigns/11/statistics/ HTTP/1.1" 200 308
[INFO] 2025-09-11 06:53:25,016 basehttp "GET /api/campaigns/11/messages/ HTTP/1.1" 200 52
[INFO] 2025-09-11 06:53:30,322 basehttp "GET /api/campaigns/ HTTP/1.1" 200 2180
[INFO] 2025-09-11 06:53:30,360 basehttp "GET /api/campaigns/10/ HTTP/1.1" 200 1165
[INFO] 2025-09-11 06:53:30,384 basehttp "GET /api/campaigns/10/statistics/ HTTP/1.1" 200 364
[INFO] 2025-09-11 06:53:30,466 basehttp "GET /api/campaigns/10/messages/ HTTP/1.1" 200 535
[INFO] 2025-09-11 06:54:09,901 basehttp "GET /api/campaigns/ HTTP/1.1" 200 2180
[INFO] 2025-09-11 06:54:09,938 basehttp "GET /api/campaigns/10/ HTTP/1.1" 200 1165
[INFO] 2025-09-11 06:54:09,959 basehttp "GET /api/campaigns/10/statistics/ HTTP/1.1" 200 364
[INFO] 2025-09-11 06:54:10,030 basehttp "GET /api/campaigns/10/messages/ HTTP/1.1" 200 535
[INFO] 2025-09-11 06:54:48,021 basehttp "GET /api/campaigns/ HTTP/1.1" 200 2180
[INFO] 2025-09-11 06:54:48,073 basehttp "GET /api/campaigns/10/ HTTP/1.1" 200 1165
[INFO] 2025-09-11 06:54:48,104 basehttp "GET /api/campaigns/10/statistics/ HTTP/1.1" 200 364
[INFO] 2025-09-11 06:54:48,190 basehttp "GET /api/campaigns/10/messages/ HTTP/1.1" 200 535
[INFO] 2025-09-11 06:55:01,482 basehttp "GET /api/campaigns/ HTTP/1.1" 200 2180
[INFO] 2025-09-11 06:55:01,525 basehttp "GET /api/campaigns/10/ HTTP/1.1" 200 1165
[INFO] 2025-09-11 06:55:01,544 basehttp "GET /api/campaigns/10/statistics/ HTTP/1.1" 200 364
[INFO] 2025-09-11 06:55:01,618 basehttp "GET /api/campaigns/10/messages/ HTTP/1.1" 200 535
[INFO] 2025-09-11 06:57:27,142 views User logged in: campaign_user
[INFO] 2025-09-11 06:57:27,342 basehttp "POST /api/auth/login/ HTTP/1.1" 200 307
[INFO] 2025-09-11 06:57:33,807 basehttp "GET /api/campaigns/ HTTP/1.1" 200 2180
[INFO] 2025-09-11 06:57:33,829 basehttp "GET /api/campaigns/11/ HTTP/1.1" 200 618
[INFO] 2025-09-11 06:57:33,849 basehttp "GET /api/campaigns/11/statistics/ HTTP/1.1" 200 308
[INFO] 2025-09-11 06:57:33,877 basehttp "GET /api/campaigns/11/messages/ HTTP/1.1" 200 52
[WARNING] 2025-09-11 07:09:16,859 log Not Found: /login
[WARNING] 2025-09-11 07:09:16,934 basehttp "POST /login HTTP/1.1" 404 2570
[INFO] 2025-09-11 07:52:47,039 autoreload Watching for file changes with StatReloader
[INFO] 2025-09-11 10:36:45,265 tasks Processing file: test_contacts.csv
[INFO] 2025-09-11 10:36:46,939 tasks File processed: 2 valid, 0 invalid rows
[INFO] 2025-09-11 10:39:09,195 views User logged in: campaign_user
[INFO] 2025-09-11 10:39:09,404 basehttp "POST /api/auth/login/ HTTP/1.1" 200 307
[INFO] 2025-09-11 10:40:02,837 basehttp "GET /api/campaigns/ HTTP/1.1" 200 2182
[INFO] 2025-09-11 10:40:02,904 basehttp "GET /api/campaigns/11/ HTTP/1.1" 200 1085
[INFO] 2025-09-11 10:40:02,923 basehttp "GET /api/campaigns/11/statistics/ HTTP/1.1" 200 339
[INFO] 2025-09-11 10:40:02,954 basehttp "GET /api/campaigns/11/messages/ HTTP/1.1" 200 490
[INFO] 2025-09-11 15:11:44,379 basehttp "GET /api/campaigns/ HTTP/1.1" 200 2182
[INFO] 2025-09-11 15:11:44,480 basehttp "GET /api/campaigns/11/ HTTP/1.1" 200 1085
[INFO] 2025-09-11 15:11:44,511 basehttp "GET /api/campaigns/11/statistics/ HTTP/1.1" 200 339
[INFO] 2025-09-11 15:11:44,655 basehttp "GET /api/campaigns/ HTTP/1.1" 200 2182
[INFO] 2025-09-11 15:11:44,696 basehttp "GET /api/campaigns/11/ HTTP/1.1" 200 1085
[INFO] 2025-09-11 15:11:44,714 basehttp "GET /api/campaigns/11/statistics/ HTTP/1.1" 200 339
[INFO] 2025-09-11 15:11:44,736 basehttp "GET /api/campaigns/11/messages/ HTTP/1.1" 200 490
[INFO] 2025-09-11 15:16:26,153 basehttp "GET /api/campaigns/ HTTP/1.1" 200 2182
[INFO] 2025-09-11 15:16:26,259 basehttp "GET /api/campaigns/11/ HTTP/1.1" 200 1085
[INFO] 2025-09-11 15:16:26,272 basehttp "GET /api/campaigns/11/statistics/ HTTP/1.1" 200 339
[INFO] 2025-09-11 15:16:26,825 views Campaign started: 11
[INFO] 2025-09-11 15:16:26,850 basehttp "POST /api/campaigns/11/start/ HTTP/1.1" 200 1159
[INFO] 2025-09-11 15:16:27,501 tasks Starting campaign: 11
[INFO] 2025-09-11 15:16:27,554 tasks Found 2 messages to send
[INFO] 2025-09-11 15:16:27,612 tasks Scheduled message 9 with 0s delay
[INFO] 2025-09-11 15:16:27,613 tasks Scheduled message 10 with 2s delay
[INFO] 2025-09-11 15:16:28,100 basehttp "GET /api/campaigns/ HTTP/1.1" 200 2182
[INFO] 2025-09-11 15:16:28,130 basehttp "GET /api/campaigns/11/ HTTP/1.1" 200 1110
[INFO] 2025-09-11 15:16:28,145 basehttp "GET /api/campaigns/11/statistics/ HTTP/1.1" 200 364
[INFO] 2025-09-11 15:16:28,380 basehttp "GET /api/campaigns/11/messages/ HTTP/1.1" 200 490
[INFO] 2025-09-11 15:16:29,433 tasks Sending message to +917702828811
[INFO] 2025-09-11 15:16:29,451 whatsapp_360_client Sending WhatsApp message to 917702828811 using template sample_template_txt
[INFO] 2025-09-11 15:16:31,814 tasks Sending message to +919538095601
[INFO] 2025-09-11 15:16:31,816 whatsapp_360_client Sending WhatsApp message to 919538095601 using template sample_template_txt
[INFO] 2025-09-11 15:16:31,837 whatsapp_360_client Message sent successfully. Message ID: wamid.HBgMOTE3NzAyODI4ODExFQIAERgSNzY0MjAzRkYxN0JBNzQ5MkU1AA==
[INFO] 2025-09-11 15:16:32,754 tasks Message sent successfully to +917702828811, Message ID: wamid.HBgMOTE3NzAyODI4ODExFQIAERgSNzY0MjAzRkYxN0JBNzQ5MkU1AA==
[INFO] 2025-09-11 15:16:33,619 whatsapp_360_client Message sent successfully. Message ID: wamid.HBgMOTE5NTM4MDk1NjAxFQIAERgSM0NFMTYxRjY0NjIzRDI2MDRDAA==
[ERROR] 2025-09-11 15:16:33,970 exception Invalid HTTP_HOST header: 'c4d3f4228631.ngrok-free.app'. You may need to add 'c4d3f4228631.ngrok-free.app' to ALLOWED_HOSTS.
Traceback (most recent call last):
  File "/home/sohan/whatsapp-campaign/venv/lib/python3.10/site-packages/django/core/handlers/exception.py", line 55, in inner
    response = get_response(request)
  File "/home/sohan/whatsapp-campaign/venv/lib/python3.10/site-packages/django/utils/deprecation.py", line 133, in __call__
    response = self.process_request(request)
  File "/home/sohan/whatsapp-campaign/venv/lib/python3.10/site-packages/django/middleware/common.py", line 48, in process_request
    host = request.get_host()
  File "/home/sohan/whatsapp-campaign/venv/lib/python3.10/site-packages/django/http/request.py", line 150, in get_host
    raise DisallowedHost(msg)
django.core.exceptions.DisallowedHost: Invalid HTTP_HOST header: 'c4d3f4228631.ngrok-free.app'. You may need to add 'c4d3f4228631.ngrok-free.app' to ALLOWED_HOSTS.
[INFO] 2025-09-11 15:16:34,354 tasks Message sent successfully to +919538095601, Message ID: wamid.HBgMOTE5NTM4MDk1NjAxFQIAERgSM0NFMTYxRjY0NjIzRDI2MDRDAA==
[WARNING] 2025-09-11 15:16:34,427 log Bad Request: /api/webhook/whatsapp/
[WARNING] 2025-09-11 15:16:34,428 basehttp "POST /api/webhook/whatsapp/ HTTP/1.1" 400 74442
[ERROR] 2025-09-11 15:16:35,721 exception Invalid HTTP_HOST header: 'c4d3f4228631.ngrok-free.app'. You may need to add 'c4d3f4228631.ngrok-free.app' to ALLOWED_HOSTS.
Traceback (most recent call last):
  File "/home/sohan/whatsapp-campaign/venv/lib/python3.10/site-packages/django/core/handlers/exception.py", line 55, in inner
    response = get_response(request)
  File "/home/sohan/whatsapp-campaign/venv/lib/python3.10/site-packages/django/utils/deprecation.py", line 133, in __call__
    response = self.process_request(request)
  File "/home/sohan/whatsapp-campaign/venv/lib/python3.10/site-packages/django/middleware/common.py", line 48, in process_request
    host = request.get_host()
  File "/home/sohan/whatsapp-campaign/venv/lib/python3.10/site-packages/django/http/request.py", line 150, in get_host
    raise DisallowedHost(msg)
django.core.exceptions.DisallowedHost: Invalid HTTP_HOST header: 'c4d3f4228631.ngrok-free.app'. You may need to add 'c4d3f4228631.ngrok-free.app' to ALLOWED_HOSTS.
[WARNING] 2025-09-11 15:16:35,770 log Bad Request: /api/webhook/whatsapp/
[WARNING] 2025-09-11 15:16:35,771 basehttp "POST /api/webhook/whatsapp/ HTTP/1.1" 400 74437
[ERROR] 2025-09-11 15:16:36,002 exception Invalid HTTP_HOST header: 'c4d3f4228631.ngrok-free.app'. You may need to add 'c4d3f4228631.ngrok-free.app' to ALLOWED_HOSTS.
Traceback (most recent call last):
  File "/home/sohan/whatsapp-campaign/venv/lib/python3.10/site-packages/django/core/handlers/exception.py", line 55, in inner
    response = get_response(request)
  File "/home/sohan/whatsapp-campaign/venv/lib/python3.10/site-packages/django/utils/deprecation.py", line 133, in __call__
    response = self.process_request(request)
  File "/home/sohan/whatsapp-campaign/venv/lib/python3.10/site-packages/django/middleware/common.py", line 48, in process_request
    host = request.get_host()
  File "/home/sohan/whatsapp-campaign/venv/lib/python3.10/site-packages/django/http/request.py", line 150, in get_host
    raise DisallowedHost(msg)
django.core.exceptions.DisallowedHost: Invalid HTTP_HOST header: 'c4d3f4228631.ngrok-free.app'. You may need to add 'c4d3f4228631.ngrok-free.app' to ALLOWED_HOSTS.
[WARNING] 2025-09-11 15:16:36,052 log Bad Request: /api/webhook/whatsapp/
[WARNING] 2025-09-11 15:16:36,053 basehttp "POST /api/webhook/whatsapp/ HTTP/1.1" 400 74440
[ERROR] 2025-09-11 15:16:36,352 exception Invalid HTTP_HOST header: 'c4d3f4228631.ngrok-free.app'. You may need to add 'c4d3f4228631.ngrok-free.app' to ALLOWED_HOSTS.
Traceback (most recent call last):
  File "/home/sohan/whatsapp-campaign/venv/lib/python3.10/site-packages/django/core/handlers/exception.py", line 55, in inner
    response = get_response(request)
  File "/home/sohan/whatsapp-campaign/venv/lib/python3.10/site-packages/django/utils/deprecation.py", line 133, in __call__
    response = self.process_request(request)
  File "/home/sohan/whatsapp-campaign/venv/lib/python3.10/site-packages/django/middleware/common.py", line 48, in process_request
    host = request.get_host()
  File "/home/sohan/whatsapp-campaign/venv/lib/python3.10/site-packages/django/http/request.py", line 150, in get_host
    raise DisallowedHost(msg)
django.core.exceptions.DisallowedHost: Invalid HTTP_HOST header: 'c4d3f4228631.ngrok-free.app'. You may need to add 'c4d3f4228631.ngrok-free.app' to ALLOWED_HOSTS.
[WARNING] 2025-09-11 15:16:36,409 log Bad Request: /api/webhook/whatsapp/
[WARNING] 2025-09-11 15:16:36,410 basehttp "POST /api/webhook/whatsapp/ HTTP/1.1" 400 74440
[ERROR] 2025-09-11 15:16:37,026 exception Invalid HTTP_HOST header: 'c4d3f4228631.ngrok-free.app'. You may need to add 'c4d3f4228631.ngrok-free.app' to ALLOWED_HOSTS.
Traceback (most recent call last):
  File "/home/sohan/whatsapp-campaign/venv/lib/python3.10/site-packages/django/core/handlers/exception.py", line 55, in inner
    response = get_response(request)
  File "/home/sohan/whatsapp-campaign/venv/lib/python3.10/site-packages/django/utils/deprecation.py", line 133, in __call__
    response = self.process_request(request)
  File "/home/sohan/whatsapp-campaign/venv/lib/python3.10/site-packages/django/middleware/common.py", line 48, in process_request
    host = request.get_host()
  File "/home/sohan/whatsapp-campaign/venv/lib/python3.10/site-packages/django/http/request.py", line 150, in get_host
    raise DisallowedHost(msg)
django.core.exceptions.DisallowedHost: Invalid HTTP_HOST header: 'c4d3f4228631.ngrok-free.app'. You may need to add 'c4d3f4228631.ngrok-free.app' to ALLOWED_HOSTS.
[WARNING] 2025-09-11 15:16:37,077 log Bad Request: /api/webhook/whatsapp/
[WARNING] 2025-09-11 15:16:37,078 basehttp "POST /api/webhook/whatsapp/ HTTP/1.1" 400 74432
[ERROR] 2025-09-11 15:16:37,411 exception Invalid HTTP_HOST header: 'c4d3f4228631.ngrok-free.app'. You may need to add 'c4d3f4228631.ngrok-free.app' to ALLOWED_HOSTS.
Traceback (most recent call last):
  File "/home/sohan/whatsapp-campaign/venv/lib/python3.10/site-packages/django/core/handlers/exception.py", line 55, in inner
    response = get_response(request)
  File "/home/sohan/whatsapp-campaign/venv/lib/python3.10/site-packages/django/utils/deprecation.py", line 133, in __call__
    response = self.process_request(request)
  File "/home/sohan/whatsapp-campaign/venv/lib/python3.10/site-packages/django/middleware/common.py", line 48, in process_request
    host = request.get_host()
  File "/home/sohan/whatsapp-campaign/venv/lib/python3.10/site-packages/django/http/request.py", line 150, in get_host
    raise DisallowedHost(msg)
django.core.exceptions.DisallowedHost: Invalid HTTP_HOST header: 'c4d3f4228631.ngrok-free.app'. You may need to add 'c4d3f4228631.ngrok-free.app' to ALLOWED_HOSTS.
[WARNING] 2025-09-11 15:16:37,469 log Bad Request: /api/webhook/whatsapp/
[WARNING] 2025-09-11 15:16:37,470 basehttp "POST /api/webhook/whatsapp/ HTTP/1.1" 400 74426
[ERROR] 2025-09-11 15:16:37,547 exception Invalid HTTP_HOST header: 'c4d3f4228631.ngrok-free.app'. You may need to add 'c4d3f4228631.ngrok-free.app' to ALLOWED_HOSTS.
Traceback (most recent call last):
  File "/home/sohan/whatsapp-campaign/venv/lib/python3.10/site-packages/django/core/handlers/exception.py", line 55, in inner
    response = get_response(request)
  File "/home/sohan/whatsapp-campaign/venv/lib/python3.10/site-packages/django/utils/deprecation.py", line 133, in __call__
    response = self.process_request(request)
  File "/home/sohan/whatsapp-campaign/venv/lib/python3.10/site-packages/django/middleware/common.py", line 48, in process_request
    host = request.get_host()
  File "/home/sohan/whatsapp-campaign/venv/lib/python3.10/site-packages/django/http/request.py", line 150, in get_host
    raise DisallowedHost(msg)
django.core.exceptions.DisallowedHost: Invalid HTTP_HOST header: 'c4d3f4228631.ngrok-free.app'. You may need to add 'c4d3f4228631.ngrok-free.app' to ALLOWED_HOSTS.
[WARNING] 2025-09-11 15:16:37,597 log Bad Request: /api/webhook/whatsapp/
[WARNING] 2025-09-11 15:16:37,598 basehttp "POST /api/webhook/whatsapp/ HTTP/1.1" 400 74437
[ERROR] 2025-09-11 15:16:38,081 exception Invalid HTTP_HOST header: 'c4d3f4228631.ngrok-free.app'. You may need to add 'c4d3f4228631.ngrok-free.app' to ALLOWED_HOSTS.
Traceback (most recent call last):
  File "/home/sohan/whatsapp-campaign/venv/lib/python3.10/site-packages/django/core/handlers/exception.py", line 55, in inner
    response = get_response(request)
  File "/home/sohan/whatsapp-campaign/venv/lib/python3.10/site-packages/django/utils/deprecation.py", line 133, in __call__
    response = self.process_request(request)
  File "/home/sohan/whatsapp-campaign/venv/lib/python3.10/site-packages/django/middleware/common.py", line 48, in process_request
    host = request.get_host()
  File "/home/sohan/whatsapp-campaign/venv/lib/python3.10/site-packages/django/http/request.py", line 150, in get_host
    raise DisallowedHost(msg)
django.core.exceptions.DisallowedHost: Invalid HTTP_HOST header: 'c4d3f4228631.ngrok-free.app'. You may need to add 'c4d3f4228631.ngrok-free.app' to ALLOWED_HOSTS.
[WARNING] 2025-09-11 15:16:38,162 log Bad Request: /api/webhook/whatsapp/
[WARNING] 2025-09-11 15:16:38,163 basehttp "POST /api/webhook/whatsapp/ HTTP/1.1" 400 74434
[ERROR] 2025-09-11 15:16:38,750 exception Invalid HTTP_HOST header: 'c4d3f4228631.ngrok-free.app'. You may need to add 'c4d3f4228631.ngrok-free.app' to ALLOWED_HOSTS.
Traceback (most recent call last):
  File "/home/sohan/whatsapp-campaign/venv/lib/python3.10/site-packages/django/core/handlers/exception.py", line 55, in inner
    response = get_response(request)
  File "/home/sohan/whatsapp-campaign/venv/lib/python3.10/site-packages/django/utils/deprecation.py", line 133, in __call__
    response = self.process_request(request)
  File "/home/sohan/whatsapp-campaign/venv/lib/python3.10/site-packages/django/middleware/common.py", line 48, in process_request
    host = request.get_host()
  File "/home/sohan/whatsapp-campaign/venv/lib/python3.10/site-packages/django/http/request.py", line 150, in get_host
    raise DisallowedHost(msg)
django.core.exceptions.DisallowedHost: Invalid HTTP_HOST header: 'c4d3f4228631.ngrok-free.app'. You may need to add 'c4d3f4228631.ngrok-free.app' to ALLOWED_HOSTS.
[WARNING] 2025-09-11 15:16:38,801 log Bad Request: /api/webhook/whatsapp/
[WARNING] 2025-09-11 15:16:38,801 basehttp "POST /api/webhook/whatsapp/ HTTP/1.1" 400 74441
[ERROR] 2025-09-11 15:16:39,378 exception Invalid HTTP_HOST header: 'c4d3f4228631.ngrok-free.app'. You may need to add 'c4d3f4228631.ngrok-free.app' to ALLOWED_HOSTS.
Traceback (most recent call last):
  File "/home/sohan/whatsapp-campaign/venv/lib/python3.10/site-packages/django/core/handlers/exception.py", line 55, in inner
    response = get_response(request)
  File "/home/sohan/whatsapp-campaign/venv/lib/python3.10/site-packages/django/utils/deprecation.py", line 133, in __call__
    response = self.process_request(request)
  File "/home/sohan/whatsapp-campaign/venv/lib/python3.10/site-packages/django/middleware/common.py", line 48, in process_request
    host = request.get_host()
  File "/home/sohan/whatsapp-campaign/venv/lib/python3.10/site-packages/django/http/request.py", line 150, in get_host
    raise DisallowedHost(msg)
django.core.exceptions.DisallowedHost: Invalid HTTP_HOST header: 'c4d3f4228631.ngrok-free.app'. You may need to add 'c4d3f4228631.ngrok-free.app' to ALLOWED_HOSTS.
[WARNING] 2025-09-11 15:16:39,398 log Bad Request: /api/webhook/whatsapp/
[WARNING] 2025-09-11 15:16:39,398 basehttp "POST /api/webhook/whatsapp/ HTTP/1.1" 400 74434
[ERROR] 2025-09-11 15:16:39,823 exception Invalid HTTP_HOST header: 'c4d3f4228631.ngrok-free.app'. You may need to add 'c4d3f4228631.ngrok-free.app' to ALLOWED_HOSTS.
Traceback (most recent call last):
  File "/home/sohan/whatsapp-campaign/venv/lib/python3.10/site-packages/django/core/handlers/exception.py", line 55, in inner
    response = get_response(request)
  File "/home/sohan/whatsapp-campaign/venv/lib/python3.10/site-packages/django/utils/deprecation.py", line 133, in __call__
    response = self.process_request(request)
  File "/home/sohan/whatsapp-campaign/venv/lib/python3.10/site-packages/django/middleware/common.py", line 48, in process_request
    host = request.get_host()
  File "/home/sohan/whatsapp-campaign/venv/lib/python3.10/site-packages/django/http/request.py", line 150, in get_host
    raise DisallowedHost(msg)
django.core.exceptions.DisallowedHost: Invalid HTTP_HOST header: 'c4d3f4228631.ngrok-free.app'. You may need to add 'c4d3f4228631.ngrok-free.app' to ALLOWED_HOSTS.
[WARNING] 2025-09-11 15:16:39,873 log Bad Request: /api/webhook/whatsapp/
[WARNING] 2025-09-11 15:16:39,873 basehttp "POST /api/webhook/whatsapp/ HTTP/1.1" 400 74434
[ERROR] 2025-09-11 15:16:40,233 exception Invalid HTTP_HOST header: 'c4d3f4228631.ngrok-free.app'. You may need to add 'c4d3f4228631.ngrok-free.app' to ALLOWED_HOSTS.
Traceback (most recent call last):
  File "/home/sohan/whatsapp-campaign/venv/lib/python3.10/site-packages/django/core/handlers/exception.py", line 55, in inner
    response = get_response(request)
  File "/home/sohan/whatsapp-campaign/venv/lib/python3.10/site-packages/django/utils/deprecation.py", line 133, in __call__
    response = self.process_request(request)
  File "/home/sohan/whatsapp-campaign/venv/lib/python3.10/site-packages/django/middleware/common.py", line 48, in process_request
    host = request.get_host()
  File "/home/sohan/whatsapp-campaign/venv/lib/python3.10/site-packages/django/http/request.py", line 150, in get_host
    raise DisallowedHost(msg)
django.core.exceptions.DisallowedHost: Invalid HTTP_HOST header: 'c4d3f4228631.ngrok-free.app'. You may need to add 'c4d3f4228631.ngrok-free.app' to ALLOWED_HOSTS.
[WARNING] 2025-09-11 15:16:40,292 log Bad Request: /api/webhook/whatsapp/
[WARNING] 2025-09-11 15:16:40,293 basehttp "POST /api/webhook/whatsapp/ HTTP/1.1" 400 74442
[ERROR] 2025-09-11 15:16:45,797 exception Invalid HTTP_HOST header: 'c4d3f4228631.ngrok-free.app'. You may need to add 'c4d3f4228631.ngrok-free.app' to ALLOWED_HOSTS.
Traceback (most recent call last):
  File "/home/sohan/whatsapp-campaign/venv/lib/python3.10/site-packages/django/core/handlers/exception.py", line 55, in inner
    response = get_response(request)
  File "/home/sohan/whatsapp-campaign/venv/lib/python3.10/site-packages/django/utils/deprecation.py", line 133, in __call__
    response = self.process_request(request)
  File "/home/sohan/whatsapp-campaign/venv/lib/python3.10/site-packages/django/middleware/common.py", line 48, in process_request
    host = request.get_host()
  File "/home/sohan/whatsapp-campaign/venv/lib/python3.10/site-packages/django/http/request.py", line 150, in get_host
    raise DisallowedHost(msg)
django.core.exceptions.DisallowedHost: Invalid HTTP_HOST header: 'c4d3f4228631.ngrok-free.app'. You may need to add 'c4d3f4228631.ngrok-free.app' to ALLOWED_HOSTS.
[WARNING] 2025-09-11 15:16:45,850 log Bad Request: /api/webhook/whatsapp/
[WARNING] 2025-09-11 15:16:45,851 basehttp "POST /api/webhook/whatsapp/ HTTP/1.1" 400 74432
[ERROR] 2025-09-11 15:16:50,228 exception Invalid HTTP_HOST header: 'c4d3f4228631.ngrok-free.app'. You may need to add 'c4d3f4228631.ngrok-free.app' to ALLOWED_HOSTS.
Traceback (most recent call last):
  File "/home/sohan/whatsapp-campaign/venv/lib/python3.10/site-packages/django/core/handlers/exception.py", line 55, in inner
    response = get_response(request)
  File "/home/sohan/whatsapp-campaign/venv/lib/python3.10/site-packages/django/utils/deprecation.py", line 133, in __call__
    response = self.process_request(request)
  File "/home/sohan/whatsapp-campaign/venv/lib/python3.10/site-packages/django/middleware/common.py", line 48, in process_request
    host = request.get_host()
  File "/home/sohan/whatsapp-campaign/venv/lib/python3.10/site-packages/django/http/request.py", line 150, in get_host
    raise DisallowedHost(msg)
django.core.exceptions.DisallowedHost: Invalid HTTP_HOST header: 'c4d3f4228631.ngrok-free.app'. You may need to add 'c4d3f4228631.ngrok-free.app' to ALLOWED_HOSTS.
[WARNING] 2025-09-11 15:16:50,261 log Bad Request: /api/webhook/whatsapp/
[WARNING] 2025-09-11 15:16:50,261 basehttp "POST /api/webhook/whatsapp/ HTTP/1.1" 400 74434
[ERROR] 2025-09-11 15:16:53,330 exception Invalid HTTP_HOST header: 'c4d3f4228631.ngrok-free.app'. You may need to add 'c4d3f4228631.ngrok-free.app' to ALLOWED_HOSTS.
Traceback (most recent call last):
  File "/home/sohan/whatsapp-campaign/venv/lib/python3.10/site-packages/django/core/handlers/exception.py", line 55, in inner
    response = get_response(request)
  File "/home/sohan/whatsapp-campaign/venv/lib/python3.10/site-packages/django/utils/deprecation.py", line 133, in __call__
    response = self.process_request(request)
  File "/home/sohan/whatsapp-campaign/venv/lib/python3.10/site-packages/django/middleware/common.py", line 48, in process_request
    host = request.get_host()
  File "/home/sohan/whatsapp-campaign/venv/lib/python3.10/site-packages/django/http/request.py", line 150, in get_host
    raise DisallowedHost(msg)
django.core.exceptions.DisallowedHost: Invalid HTTP_HOST header: 'c4d3f4228631.ngrok-free.app'. You may need to add 'c4d3f4228631.ngrok-free.app' to ALLOWED_HOSTS.
[WARNING] 2025-09-11 15:16:53,362 log Bad Request: /api/webhook/whatsapp/
[WARNING] 2025-09-11 15:16:53,362 basehttp "POST /api/webhook/whatsapp/ HTTP/1.1" 400 74431
[ERROR] 2025-09-11 15:16:55,930 exception Invalid HTTP_HOST header: 'c4d3f4228631.ngrok-free.app'. You may need to add 'c4d3f4228631.ngrok-free.app' to ALLOWED_HOSTS.
Traceback (most recent call last):
  File "/home/sohan/whatsapp-campaign/venv/lib/python3.10/site-packages/django/core/handlers/exception.py", line 55, in inner
    response = get_response(request)
  File "/home/sohan/whatsapp-campaign/venv/lib/python3.10/site-packages/django/utils/deprecation.py", line 133, in __call__
    response = self.process_request(request)
  File "/home/sohan/whatsapp-campaign/venv/lib/python3.10/site-packages/django/middleware/common.py", line 48, in process_request
    host = request.get_host()
  File "/home/sohan/whatsapp-campaign/venv/lib/python3.10/site-packages/django/http/request.py", line 150, in get_host
    raise DisallowedHost(msg)
django.core.exceptions.DisallowedHost: Invalid HTTP_HOST header: 'c4d3f4228631.ngrok-free.app'. You may need to add 'c4d3f4228631.ngrok-free.app' to ALLOWED_HOSTS.
[WARNING] 2025-09-11 15:16:55,947 log Bad Request: /api/webhook/whatsapp/
[WARNING] 2025-09-11 15:16:55,948 basehttp "POST /api/webhook/whatsapp/ HTTP/1.1" 400 74434
[ERROR] 2025-09-11 15:20:08,219 exception Invalid HTTP_HOST header: 'c4d3f4228631.ngrok-free.app'. You may need to add 'c4d3f4228631.ngrok-free.app' to ALLOWED_HOSTS.
Traceback (most recent call last):
  File "/home/sohan/whatsapp-campaign/venv/lib/python3.10/site-packages/django/core/handlers/exception.py", line 55, in inner
    response = get_response(request)
  File "/home/sohan/whatsapp-campaign/venv/lib/python3.10/site-packages/django/utils/deprecation.py", line 133, in __call__
    response = self.process_request(request)
  File "/home/sohan/whatsapp-campaign/venv/lib/python3.10/site-packages/django/middleware/common.py", line 48, in process_request
    host = request.get_host()
  File "/home/sohan/whatsapp-campaign/venv/lib/python3.10/site-packages/django/http/request.py", line 150, in get_host
    raise DisallowedHost(msg)
django.core.exceptions.DisallowedHost: Invalid HTTP_HOST header: 'c4d3f4228631.ngrok-free.app'. You may need to add 'c4d3f4228631.ngrok-free.app' to ALLOWED_HOSTS.
[WARNING] 2025-09-11 15:20:08,279 log Bad Request: /api/webhook/whatsapp/
[WARNING] 2025-09-11 15:20:08,280 basehttp "POST /api/webhook/whatsapp/ HTTP/1.1" 400 74437
[ERROR] 2025-09-11 15:21:38,690 exception Invalid HTTP_HOST header: 'c4d3f4228631.ngrok-free.app'. You may need to add 'c4d3f4228631.ngrok-free.app' to ALLOWED_HOSTS.
Traceback (most recent call last):
  File "/home/sohan/whatsapp-campaign/venv/lib/python3.10/site-packages/django/core/handlers/exception.py", line 55, in inner
    response = get_response(request)
  File "/home/sohan/whatsapp-campaign/venv/lib/python3.10/site-packages/django/utils/deprecation.py", line 133, in __call__
    response = self.process_request(request)
  File "/home/sohan/whatsapp-campaign/venv/lib/python3.10/site-packages/django/middleware/common.py", line 48, in process_request
    host = request.get_host()
  File "/home/sohan/whatsapp-campaign/venv/lib/python3.10/site-packages/django/http/request.py", line 150, in get_host
    raise DisallowedHost(msg)
django.core.exceptions.DisallowedHost: Invalid HTTP_HOST header: 'c4d3f4228631.ngrok-free.app'. You may need to add 'c4d3f4228631.ngrok-free.app' to ALLOWED_HOSTS.
[WARNING] 2025-09-11 15:21:38,709 log Bad Request: /api/webhook/whatsapp/
[WARNING] 2025-09-11 15:21:38,709 basehttp "POST /api/webhook/whatsapp/ HTTP/1.1" 400 74434
[ERROR] 2025-09-11 15:28:05,095 exception Invalid HTTP_HOST header: 'c4d3f4228631.ngrok-free.app'. You may need to add 'c4d3f4228631.ngrok-free.app' to ALLOWED_HOSTS.
Traceback (most recent call last):
  File "/home/sohan/whatsapp-campaign/venv/lib/python3.10/site-packages/django/core/handlers/exception.py", line 55, in inner
    response = get_response(request)
  File "/home/sohan/whatsapp-campaign/venv/lib/python3.10/site-packages/django/utils/deprecation.py", line 133, in __call__
    response = self.process_request(request)
  File "/home/sohan/whatsapp-campaign/venv/lib/python3.10/site-packages/django/middleware/common.py", line 48, in process_request
    host = request.get_host()
  File "/home/sohan/whatsapp-campaign/venv/lib/python3.10/site-packages/django/http/request.py", line 150, in get_host
    raise DisallowedHost(msg)
django.core.exceptions.DisallowedHost: Invalid HTTP_HOST header: 'c4d3f4228631.ngrok-free.app'. You may need to add 'c4d3f4228631.ngrok-free.app' to ALLOWED_HOSTS.
[WARNING] 2025-09-11 15:28:05,154 log Bad Request: /api/webhook/whatsapp/
[WARNING] 2025-09-11 15:28:05,154 basehttp "POST /api/webhook/whatsapp/ HTTP/1.1" 400 74437
[ERROR] 2025-09-11 15:28:06,763 exception Invalid HTTP_HOST header: 'c4d3f4228631.ngrok-free.app'. You may need to add 'c4d3f4228631.ngrok-free.app' to ALLOWED_HOSTS.
Traceback (most recent call last):
  File "/home/sohan/whatsapp-campaign/venv/lib/python3.10/site-packages/django/core/handlers/exception.py", line 55, in inner
    response = get_response(request)
  File "/home/sohan/whatsapp-campaign/venv/lib/python3.10/site-packages/django/utils/deprecation.py", line 133, in __call__
    response = self.process_request(request)
  File "/home/sohan/whatsapp-campaign/venv/lib/python3.10/site-packages/django/middleware/common.py", line 48, in process_request
    host = request.get_host()
  File "/home/sohan/whatsapp-campaign/venv/lib/python3.10/site-packages/django/http/request.py", line 150, in get_host
    raise DisallowedHost(msg)
django.core.exceptions.DisallowedHost: Invalid HTTP_HOST header: 'c4d3f4228631.ngrok-free.app'. You may need to add 'c4d3f4228631.ngrok-free.app' to ALLOWED_HOSTS.
[WARNING] 2025-09-11 15:28:06,821 log Bad Request: /api/webhook/whatsapp/
[WARNING] 2025-09-11 15:28:06,823 basehttp "POST /api/webhook/whatsapp/ HTTP/1.1" 400 74443
[ERROR] 2025-09-11 15:28:08,264 exception Invalid HTTP_HOST header: 'c4d3f4228631.ngrok-free.app'. You may need to add 'c4d3f4228631.ngrok-free.app' to ALLOWED_HOSTS.
Traceback (most recent call last):
  File "/home/sohan/whatsapp-campaign/venv/lib/python3.10/site-packages/django/core/handlers/exception.py", line 55, in inner
    response = get_response(request)
  File "/home/sohan/whatsapp-campaign/venv/lib/python3.10/site-packages/django/utils/deprecation.py", line 133, in __call__
    response = self.process_request(request)
  File "/home/sohan/whatsapp-campaign/venv/lib/python3.10/site-packages/django/middleware/common.py", line 48, in process_request
    host = request.get_host()
  File "/home/sohan/whatsapp-campaign/venv/lib/python3.10/site-packages/django/http/request.py", line 150, in get_host
    raise DisallowedHost(msg)
django.core.exceptions.DisallowedHost: Invalid HTTP_HOST header: 'c4d3f4228631.ngrok-free.app'. You may need to add 'c4d3f4228631.ngrok-free.app' to ALLOWED_HOSTS.
[WARNING] 2025-09-11 15:28:08,318 log Bad Request: /api/webhook/whatsapp/
[WARNING] 2025-09-11 15:28:08,318 basehttp "POST /api/webhook/whatsapp/ HTTP/1.1" 400 74437
[ERROR] 2025-09-11 15:28:11,224 exception Invalid HTTP_HOST header: 'c4d3f4228631.ngrok-free.app'. You may need to add 'c4d3f4228631.ngrok-free.app' to ALLOWED_HOSTS.
Traceback (most recent call last):
  File "/home/sohan/whatsapp-campaign/venv/lib/python3.10/site-packages/django/core/handlers/exception.py", line 55, in inner
    response = get_response(request)
  File "/home/sohan/whatsapp-campaign/venv/lib/python3.10/site-packages/django/utils/deprecation.py", line 133, in __call__
    response = self.process_request(request)
  File "/home/sohan/whatsapp-campaign/venv/lib/python3.10/site-packages/django/middleware/common.py", line 48, in process_request
    host = request.get_host()
  File "/home/sohan/whatsapp-campaign/venv/lib/python3.10/site-packages/django/http/request.py", line 150, in get_host
    raise DisallowedHost(msg)
django.core.exceptions.DisallowedHost: Invalid HTTP_HOST header: 'c4d3f4228631.ngrok-free.app'. You may need to add 'c4d3f4228631.ngrok-free.app' to ALLOWED_HOSTS.
[WARNING] 2025-09-11 15:28:11,289 log Bad Request: /api/webhook/whatsapp/
[WARNING] 2025-09-11 15:28:11,290 basehttp "POST /api/webhook/whatsapp/ HTTP/1.1" 400 74444
[ERROR] 2025-09-11 15:28:35,637 exception Invalid HTTP_HOST header: 'c4d3f4228631.ngrok-free.app'. You may need to add 'c4d3f4228631.ngrok-free.app' to ALLOWED_HOSTS.
Traceback (most recent call last):
  File "/home/sohan/whatsapp-campaign/venv/lib/python3.10/site-packages/django/core/handlers/exception.py", line 55, in inner
    response = get_response(request)
  File "/home/sohan/whatsapp-campaign/venv/lib/python3.10/site-packages/django/utils/deprecation.py", line 133, in __call__
    response = self.process_request(request)
  File "/home/sohan/whatsapp-campaign/venv/lib/python3.10/site-packages/django/middleware/common.py", line 48, in process_request
    host = request.get_host()
  File "/home/sohan/whatsapp-campaign/venv/lib/python3.10/site-packages/django/http/request.py", line 150, in get_host
    raise DisallowedHost(msg)
django.core.exceptions.DisallowedHost: Invalid HTTP_HOST header: 'c4d3f4228631.ngrok-free.app'. You may need to add 'c4d3f4228631.ngrok-free.app' to ALLOWED_HOSTS.
[WARNING] 2025-09-11 15:28:35,691 log Bad Request: /api/webhook/whatsapp/
[WARNING] 2025-09-11 15:28:35,692 basehttp "POST /api/webhook/whatsapp/ HTTP/1.1" 400 74440
[ERROR] 2025-09-11 15:31:45,405 exception Invalid HTTP_HOST header: 'c4d3f4228631.ngrok-free.app'. You may need to add 'c4d3f4228631.ngrok-free.app' to ALLOWED_HOSTS.
Traceback (most recent call last):
  File "/home/sohan/whatsapp-campaign/venv/lib/python3.10/site-packages/django/core/handlers/exception.py", line 55, in inner
    response = get_response(request)
  File "/home/sohan/whatsapp-campaign/venv/lib/python3.10/site-packages/django/utils/deprecation.py", line 133, in __call__
    response = self.process_request(request)
  File "/home/sohan/whatsapp-campaign/venv/lib/python3.10/site-packages/django/middleware/common.py", line 48, in process_request
    host = request.get_host()
  File "/home/sohan/whatsapp-campaign/venv/lib/python3.10/site-packages/django/http/request.py", line 150, in get_host
    raise DisallowedHost(msg)
django.core.exceptions.DisallowedHost: Invalid HTTP_HOST header: 'c4d3f4228631.ngrok-free.app'. You may need to add 'c4d3f4228631.ngrok-free.app' to ALLOWED_HOSTS.
[WARNING] 2025-09-11 15:31:45,454 log Bad Request: /api/webhook/whatsapp/
[WARNING] 2025-09-11 15:31:45,454 basehttp "POST /api/webhook/whatsapp/ HTTP/1.1" 400 74447
[ERROR] 2025-09-11 15:48:12,497 exception Invalid HTTP_HOST header: 'c4d3f4228631.ngrok-free.app'. You may need to add 'c4d3f4228631.ngrok-free.app' to ALLOWED_HOSTS.
Traceback (most recent call last):
  File "/home/sohan/whatsapp-campaign/venv/lib/python3.10/site-packages/django/core/handlers/exception.py", line 55, in inner
    response = get_response(request)
  File "/home/sohan/whatsapp-campaign/venv/lib/python3.10/site-packages/django/utils/deprecation.py", line 133, in __call__
    response = self.process_request(request)
  File "/home/sohan/whatsapp-campaign/venv/lib/python3.10/site-packages/django/middleware/common.py", line 48, in process_request
    host = request.get_host()
  File "/home/sohan/whatsapp-campaign/venv/lib/python3.10/site-packages/django/http/request.py", line 150, in get_host
    raise DisallowedHost(msg)
django.core.exceptions.DisallowedHost: Invalid HTTP_HOST header: 'c4d3f4228631.ngrok-free.app'. You may need to add 'c4d3f4228631.ngrok-free.app' to ALLOWED_HOSTS.
[WARNING] 2025-09-11 15:48:12,531 log Bad Request: /api/webhook/whatsapp/
[WARNING] 2025-09-11 15:48:12,531 basehttp "POST /api/webhook/whatsapp/ HTTP/1.1" 400 74437
[ERROR] 2025-09-11 15:48:13,776 exception Invalid HTTP_HOST header: 'c4d3f4228631.ngrok-free.app'. You may need to add 'c4d3f4228631.ngrok-free.app' to ALLOWED_HOSTS.
Traceback (most recent call last):
  File "/home/sohan/whatsapp-campaign/venv/lib/python3.10/site-packages/django/core/handlers/exception.py", line 55, in inner
    response = get_response(request)
  File "/home/sohan/whatsapp-campaign/venv/lib/python3.10/site-packages/django/utils/deprecation.py", line 133, in __call__
    response = self.process_request(request)
  File "/home/sohan/whatsapp-campaign/venv/lib/python3.10/site-packages/django/middleware/common.py", line 48, in process_request
    host = request.get_host()
  File "/home/sohan/whatsapp-campaign/venv/lib/python3.10/site-packages/django/http/request.py", line 150, in get_host
    raise DisallowedHost(msg)
django.core.exceptions.DisallowedHost: Invalid HTTP_HOST header: 'c4d3f4228631.ngrok-free.app'. You may need to add 'c4d3f4228631.ngrok-free.app' to ALLOWED_HOSTS.
[WARNING] 2025-09-11 15:48:13,813 log Bad Request: /api/webhook/whatsapp/
[WARNING] 2025-09-11 15:48:13,813 basehttp "POST /api/webhook/whatsapp/ HTTP/1.1" 400 74436
[ERROR] 2025-09-11 15:48:15,504 exception Invalid HTTP_HOST header: 'c4d3f4228631.ngrok-free.app'. You may need to add 'c4d3f4228631.ngrok-free.app' to ALLOWED_HOSTS.
Traceback (most recent call last):
  File "/home/sohan/whatsapp-campaign/venv/lib/python3.10/site-packages/django/core/handlers/exception.py", line 55, in inner
    response = get_response(request)
  File "/home/sohan/whatsapp-campaign/venv/lib/python3.10/site-packages/django/utils/deprecation.py", line 133, in __call__
    response = self.process_request(request)
  File "/home/sohan/whatsapp-campaign/venv/lib/python3.10/site-packages/django/middleware/common.py", line 48, in process_request
    host = request.get_host()
  File "/home/sohan/whatsapp-campaign/venv/lib/python3.10/site-packages/django/http/request.py", line 150, in get_host
    raise DisallowedHost(msg)
django.core.exceptions.DisallowedHost: Invalid HTTP_HOST header: 'c4d3f4228631.ngrok-free.app'. You may need to add 'c4d3f4228631.ngrok-free.app' to ALLOWED_HOSTS.
[WARNING] 2025-09-11 15:48:15,560 log Bad Request: /api/webhook/whatsapp/
[WARNING] 2025-09-11 15:48:15,561 basehttp "POST /api/webhook/whatsapp/ HTTP/1.1" 400 74429
[ERROR] 2025-09-11 15:48:39,815 exception Invalid HTTP_HOST header: 'c4d3f4228631.ngrok-free.app'. You may need to add 'c4d3f4228631.ngrok-free.app' to ALLOWED_HOSTS.
Traceback (most recent call last):
  File "/home/sohan/whatsapp-campaign/venv/lib/python3.10/site-packages/django/core/handlers/exception.py", line 55, in inner
    response = get_response(request)
  File "/home/sohan/whatsapp-campaign/venv/lib/python3.10/site-packages/django/utils/deprecation.py", line 133, in __call__
    response = self.process_request(request)
  File "/home/sohan/whatsapp-campaign/venv/lib/python3.10/site-packages/django/middleware/common.py", line 48, in process_request
    host = request.get_host()
  File "/home/sohan/whatsapp-campaign/venv/lib/python3.10/site-packages/django/http/request.py", line 150, in get_host
    raise DisallowedHost(msg)
django.core.exceptions.DisallowedHost: Invalid HTTP_HOST header: 'c4d3f4228631.ngrok-free.app'. You may need to add 'c4d3f4228631.ngrok-free.app' to ALLOWED_HOSTS.
[WARNING] 2025-09-11 15:48:39,832 log Bad Request: /api/webhook/whatsapp/
[WARNING] 2025-09-11 15:48:39,832 basehttp "POST /api/webhook/whatsapp/ HTTP/1.1" 400 74430
[ERROR] 2025-09-11 15:51:00,143 exception Invalid HTTP_HOST header: 'c4d3f4228631.ngrok-free.app'. You may need to add 'c4d3f4228631.ngrok-free.app' to ALLOWED_HOSTS.
Traceback (most recent call last):
  File "/home/sohan/whatsapp-campaign/venv/lib/python3.10/site-packages/django/core/handlers/exception.py", line 55, in inner
    response = get_response(request)
  File "/home/sohan/whatsapp-campaign/venv/lib/python3.10/site-packages/django/utils/deprecation.py", line 133, in __call__
    response = self.process_request(request)
  File "/home/sohan/whatsapp-campaign/venv/lib/python3.10/site-packages/django/middleware/common.py", line 48, in process_request
    host = request.get_host()
  File "/home/sohan/whatsapp-campaign/venv/lib/python3.10/site-packages/django/http/request.py", line 150, in get_host
    raise DisallowedHost(msg)
django.core.exceptions.DisallowedHost: Invalid HTTP_HOST header: 'c4d3f4228631.ngrok-free.app'. You may need to add 'c4d3f4228631.ngrok-free.app' to ALLOWED_HOSTS.
[WARNING] 2025-09-11 15:51:00,177 log Bad Request: /api/webhook/whatsapp/
[WARNING] 2025-09-11 15:51:00,177 basehttp "POST /api/webhook/whatsapp/ HTTP/1.1" 400 74433
[ERROR] 2025-09-11 16:00:18,027 exception Invalid HTTP_HOST header: 'c4d3f4228631.ngrok-free.app'. You may need to add 'c4d3f4228631.ngrok-free.app' to ALLOWED_HOSTS.
Traceback (most recent call last):
  File "/home/sohan/whatsapp-campaign/venv/lib/python3.10/site-packages/django/core/handlers/exception.py", line 55, in inner
    response = get_response(request)
  File "/home/sohan/whatsapp-campaign/venv/lib/python3.10/site-packages/django/utils/deprecation.py", line 133, in __call__
    response = self.process_request(request)
  File "/home/sohan/whatsapp-campaign/venv/lib/python3.10/site-packages/django/middleware/common.py", line 48, in process_request
    host = request.get_host()
  File "/home/sohan/whatsapp-campaign/venv/lib/python3.10/site-packages/django/http/request.py", line 150, in get_host
    raise DisallowedHost(msg)
django.core.exceptions.DisallowedHost: Invalid HTTP_HOST header: 'c4d3f4228631.ngrok-free.app'. You may need to add 'c4d3f4228631.ngrok-free.app' to ALLOWED_HOSTS.
[WARNING] 2025-09-11 16:00:18,067 log Bad Request: /api/webhook/whatsapp/
[WARNING] 2025-09-11 16:00:18,068 basehttp "POST /api/webhook/whatsapp/ HTTP/1.1" 400 74436
[ERROR] 2025-09-11 16:00:46,309 exception Invalid HTTP_HOST header: 'c4d3f4228631.ngrok-free.app'. You may need to add 'c4d3f4228631.ngrok-free.app' to ALLOWED_HOSTS.
Traceback (most recent call last):
  File "/home/sohan/whatsapp-campaign/venv/lib/python3.10/site-packages/django/core/handlers/exception.py", line 55, in inner
    response = get_response(request)
  File "/home/sohan/whatsapp-campaign/venv/lib/python3.10/site-packages/django/utils/deprecation.py", line 133, in __call__
    response = self.process_request(request)
  File "/home/sohan/whatsapp-campaign/venv/lib/python3.10/site-packages/django/middleware/common.py", line 48, in process_request
    host = request.get_host()
  File "/home/sohan/whatsapp-campaign/venv/lib/python3.10/site-packages/django/http/request.py", line 150, in get_host
    raise DisallowedHost(msg)
django.core.exceptions.DisallowedHost: Invalid HTTP_HOST header: 'c4d3f4228631.ngrok-free.app'. You may need to add 'c4d3f4228631.ngrok-free.app' to ALLOWED_HOSTS.
[WARNING] 2025-09-11 16:00:46,363 log Bad Request: /api/webhook/whatsapp/
[WARNING] 2025-09-11 16:00:46,364 basehttp "POST /api/webhook/whatsapp/ HTTP/1.1" 400 74437
[ERROR] 2025-09-11 16:14:48,387 exception Invalid HTTP_HOST header: 'c4d3f4228631.ngrok-free.app'. You may need to add 'c4d3f4228631.ngrok-free.app' to ALLOWED_HOSTS.
Traceback (most recent call last):
  File "/home/sohan/whatsapp-campaign/venv/lib/python3.10/site-packages/django/core/handlers/exception.py", line 55, in inner
    response = get_response(request)
  File "/home/sohan/whatsapp-campaign/venv/lib/python3.10/site-packages/django/utils/deprecation.py", line 133, in __call__
    response = self.process_request(request)
  File "/home/sohan/whatsapp-campaign/venv/lib/python3.10/site-packages/django/middleware/common.py", line 48, in process_request
    host = request.get_host()
  File "/home/sohan/whatsapp-campaign/venv/lib/python3.10/site-packages/django/http/request.py", line 150, in get_host
    raise DisallowedHost(msg)
django.core.exceptions.DisallowedHost: Invalid HTTP_HOST header: 'c4d3f4228631.ngrok-free.app'. You may need to add 'c4d3f4228631.ngrok-free.app' to ALLOWED_HOSTS.
[WARNING] 2025-09-11 16:14:48,422 log Bad Request: /api/webhook/whatsapp/
[WARNING] 2025-09-11 16:14:48,423 basehttp "POST /api/webhook/whatsapp/ HTTP/1.1" 400 74431
[ERROR] 2025-09-11 16:32:20,719 exception Invalid HTTP_HOST header: 'c4d3f4228631.ngrok-free.app'. You may need to add 'c4d3f4228631.ngrok-free.app' to ALLOWED_HOSTS.
Traceback (most recent call last):
  File "/home/sohan/whatsapp-campaign/venv/lib/python3.10/site-packages/django/core/handlers/exception.py", line 55, in inner
    response = get_response(request)
  File "/home/sohan/whatsapp-campaign/venv/lib/python3.10/site-packages/django/utils/deprecation.py", line 133, in __call__
    response = self.process_request(request)
  File "/home/sohan/whatsapp-campaign/venv/lib/python3.10/site-packages/django/middleware/common.py", line 48, in process_request
    host = request.get_host()
  File "/home/sohan/whatsapp-campaign/venv/lib/python3.10/site-packages/django/http/request.py", line 150, in get_host
    raise DisallowedHost(msg)
django.core.exceptions.DisallowedHost: Invalid HTTP_HOST header: 'c4d3f4228631.ngrok-free.app'. You may need to add 'c4d3f4228631.ngrok-free.app' to ALLOWED_HOSTS.
[WARNING] 2025-09-11 16:32:20,771 log Bad Request: /api/webhook/whatsapp/
[WARNING] 2025-09-11 16:32:20,771 basehttp "POST /api/webhook/whatsapp/ HTTP/1.1" 400 74437
[ERROR] 2025-09-11 16:32:21,961 exception Invalid HTTP_HOST header: 'c4d3f4228631.ngrok-free.app'. You may need to add 'c4d3f4228631.ngrok-free.app' to ALLOWED_HOSTS.
Traceback (most recent call last):
  File "/home/sohan/whatsapp-campaign/venv/lib/python3.10/site-packages/django/core/handlers/exception.py", line 55, in inner
    response = get_response(request)
  File "/home/sohan/whatsapp-campaign/venv/lib/python3.10/site-packages/django/utils/deprecation.py", line 133, in __call__
    response = self.process_request(request)
  File "/home/sohan/whatsapp-campaign/venv/lib/python3.10/site-packages/django/middleware/common.py", line 48, in process_request
    host = request.get_host()
  File "/home/sohan/whatsapp-campaign/venv/lib/python3.10/site-packages/django/http/request.py", line 150, in get_host
    raise DisallowedHost(msg)
django.core.exceptions.DisallowedHost: Invalid HTTP_HOST header: 'c4d3f4228631.ngrok-free.app'. You may need to add 'c4d3f4228631.ngrok-free.app' to ALLOWED_HOSTS.
[WARNING] 2025-09-11 16:32:21,996 log Bad Request: /api/webhook/whatsapp/
[WARNING] 2025-09-11 16:32:21,997 basehttp "POST /api/webhook/whatsapp/ HTTP/1.1" 400 74440
[ERROR] 2025-09-11 16:32:24,737 exception Invalid HTTP_HOST header: 'c4d3f4228631.ngrok-free.app'. You may need to add 'c4d3f4228631.ngrok-free.app' to ALLOWED_HOSTS.
Traceback (most recent call last):
  File "/home/sohan/whatsapp-campaign/venv/lib/python3.10/site-packages/django/core/handlers/exception.py", line 55, in inner
    response = get_response(request)
  File "/home/sohan/whatsapp-campaign/venv/lib/python3.10/site-packages/django/utils/deprecation.py", line 133, in __call__
    response = self.process_request(request)
  File "/home/sohan/whatsapp-campaign/venv/lib/python3.10/site-packages/django/middleware/common.py", line 48, in process_request
    host = request.get_host()
  File "/home/sohan/whatsapp-campaign/venv/lib/python3.10/site-packages/django/http/request.py", line 150, in get_host
    raise DisallowedHost(msg)
django.core.exceptions.DisallowedHost: Invalid HTTP_HOST header: 'c4d3f4228631.ngrok-free.app'. You may need to add 'c4d3f4228631.ngrok-free.app' to ALLOWED_HOSTS.
[WARNING] 2025-09-11 16:32:24,789 log Bad Request: /api/webhook/whatsapp/
[WARNING] 2025-09-11 16:32:24,790 basehttp "POST /api/webhook/whatsapp/ HTTP/1.1" 400 74443
[ERROR] 2025-09-11 16:32:40,784 exception Invalid HTTP_HOST header: 'c4d3f4228631.ngrok-free.app'. You may need to add 'c4d3f4228631.ngrok-free.app' to ALLOWED_HOSTS.
Traceback (most recent call last):
  File "/home/sohan/whatsapp-campaign/venv/lib/python3.10/site-packages/django/core/handlers/exception.py", line 55, in inner
    response = get_response(request)
  File "/home/sohan/whatsapp-campaign/venv/lib/python3.10/site-packages/django/utils/deprecation.py", line 133, in __call__
    response = self.process_request(request)
  File "/home/sohan/whatsapp-campaign/venv/lib/python3.10/site-packages/django/middleware/common.py", line 48, in process_request
    host = request.get_host()
  File "/home/sohan/whatsapp-campaign/venv/lib/python3.10/site-packages/django/http/request.py", line 150, in get_host
    raise DisallowedHost(msg)
django.core.exceptions.DisallowedHost: Invalid HTTP_HOST header: 'c4d3f4228631.ngrok-free.app'. You may need to add 'c4d3f4228631.ngrok-free.app' to ALLOWED_HOSTS.
[WARNING] 2025-09-11 16:32:40,802 log Bad Request: /api/webhook/whatsapp/
[WARNING] 2025-09-11 16:32:40,803 basehttp "POST /api/webhook/whatsapp/ HTTP/1.1" 400 74445
[ERROR] 2025-09-11 16:37:42,128 exception Invalid HTTP_HOST header: 'c4d3f4228631.ngrok-free.app'. You may need to add 'c4d3f4228631.ngrok-free.app' to ALLOWED_HOSTS.
Traceback (most recent call last):
  File "/home/sohan/whatsapp-campaign/venv/lib/python3.10/site-packages/django/core/handlers/exception.py", line 55, in inner
    response = get_response(request)
  File "/home/sohan/whatsapp-campaign/venv/lib/python3.10/site-packages/django/utils/deprecation.py", line 133, in __call__
    response = self.process_request(request)
  File "/home/sohan/whatsapp-campaign/venv/lib/python3.10/site-packages/django/middleware/common.py", line 48, in process_request
    host = request.get_host()
  File "/home/sohan/whatsapp-campaign/venv/lib/python3.10/site-packages/django/http/request.py", line 150, in get_host
    raise DisallowedHost(msg)
django.core.exceptions.DisallowedHost: Invalid HTTP_HOST header: 'c4d3f4228631.ngrok-free.app'. You may need to add 'c4d3f4228631.ngrok-free.app' to ALLOWED_HOSTS.
[WARNING] 2025-09-11 16:37:42,169 log Bad Request: /api/webhook/whatsapp/
[WARNING] 2025-09-11 16:37:42,169 basehttp "POST /api/webhook/whatsapp/ HTTP/1.1" 400 74432
[ERROR] 2025-09-11 16:41:56,273 exception Invalid HTTP_HOST header: 'c4d3f4228631.ngrok-free.app'. You may need to add 'c4d3f4228631.ngrok-free.app' to ALLOWED_HOSTS.
Traceback (most recent call last):
  File "/home/sohan/whatsapp-campaign/venv/lib/python3.10/site-packages/django/core/handlers/exception.py", line 55, in inner
    response = get_response(request)
  File "/home/sohan/whatsapp-campaign/venv/lib/python3.10/site-packages/django/utils/deprecation.py", line 133, in __call__
    response = self.process_request(request)
  File "/home/sohan/whatsapp-campaign/venv/lib/python3.10/site-packages/django/middleware/common.py", line 48, in process_request
    host = request.get_host()
  File "/home/sohan/whatsapp-campaign/venv/lib/python3.10/site-packages/django/http/request.py", line 150, in get_host
    raise DisallowedHost(msg)
django.core.exceptions.DisallowedHost: Invalid HTTP_HOST header: 'c4d3f4228631.ngrok-free.app'. You may need to add 'c4d3f4228631.ngrok-free.app' to ALLOWED_HOSTS.
[WARNING] 2025-09-11 16:41:56,322 log Bad Request: /api/webhook/whatsapp/
[WARNING] 2025-09-11 16:41:56,323 basehttp "POST /api/webhook/whatsapp/ HTTP/1.1" 400 74432
[ERROR] 2025-09-11 16:50:45,766 exception Invalid HTTP_HOST header: 'c4d3f4228631.ngrok-free.app'. You may need to add 'c4d3f4228631.ngrok-free.app' to ALLOWED_HOSTS.
Traceback (most recent call last):
  File "/home/sohan/whatsapp-campaign/venv/lib/python3.10/site-packages/django/core/handlers/exception.py", line 55, in inner
    response = get_response(request)
  File "/home/sohan/whatsapp-campaign/venv/lib/python3.10/site-packages/django/utils/deprecation.py", line 133, in __call__
    response = self.process_request(request)
  File "/home/sohan/whatsapp-campaign/venv/lib/python3.10/site-packages/django/middleware/common.py", line 48, in process_request
    host = request.get_host()
  File "/home/sohan/whatsapp-campaign/venv/lib/python3.10/site-packages/django/http/request.py", line 150, in get_host
    raise DisallowedHost(msg)
django.core.exceptions.DisallowedHost: Invalid HTTP_HOST header: 'c4d3f4228631.ngrok-free.app'. You may need to add 'c4d3f4228631.ngrok-free.app' to ALLOWED_HOSTS.
[WARNING] 2025-09-11 16:50:45,817 log Bad Request: /api/webhook/whatsapp/
[WARNING] 2025-09-11 16:50:45,818 basehttp "POST /api/webhook/whatsapp/ HTTP/1.1" 400 74440
[ERROR] 2025-09-11 17:12:19,614 exception Invalid HTTP_HOST header: 'c4d3f4228631.ngrok-free.app'. You may need to add 'c4d3f4228631.ngrok-free.app' to ALLOWED_HOSTS.
Traceback (most recent call last):
  File "/home/sohan/whatsapp-campaign/venv/lib/python3.10/site-packages/django/core/handlers/exception.py", line 55, in inner
    response = get_response(request)
  File "/home/sohan/whatsapp-campaign/venv/lib/python3.10/site-packages/django/utils/deprecation.py", line 133, in __call__
    response = self.process_request(request)
  File "/home/sohan/whatsapp-campaign/venv/lib/python3.10/site-packages/django/middleware/common.py", line 48, in process_request
    host = request.get_host()
  File "/home/sohan/whatsapp-campaign/venv/lib/python3.10/site-packages/django/http/request.py", line 150, in get_host
    raise DisallowedHost(msg)
django.core.exceptions.DisallowedHost: Invalid HTTP_HOST header: 'c4d3f4228631.ngrok-free.app'. You may need to add 'c4d3f4228631.ngrok-free.app' to ALLOWED_HOSTS.
[WARNING] 2025-09-11 17:12:19,666 log Bad Request: /api/webhook/whatsapp/
[WARNING] 2025-09-11 17:12:19,667 basehttp "POST /api/webhook/whatsapp/ HTTP/1.1" 400 74440
[INFO] 2025-09-11 18:50:47,489 autoreload Watching for file changes with StatReloader
[INFO] 2025-09-11 18:53:08,343 views User logged in: campaign_user
[INFO] 2025-09-11 18:53:08,771 basehttp "POST /api/auth/login/ HTTP/1.1" 200 307
[INFO] 2025-09-11 18:53:09,261 basehttp "GET /api/stats/ HTTP/1.1" 200 248
[INFO] 2025-09-11 18:53:32,229 basehttp "GET /api/campaigns/ HTTP/1.1" 200 2184
[INFO] 2025-09-11 18:53:32,308 basehttp "GET /api/campaigns/11/ HTTP/1.1" 200 1158
[INFO] 2025-09-11 18:53:32,361 basehttp "GET /api/campaigns/11/statistics/ HTTP/1.1" 200 364
[INFO] 2025-09-11 18:53:39,406 basehttp "GET /api/campaigns/ HTTP/1.1" 200 2184
[INFO] 2025-09-11 18:53:39,434 basehttp "GET /api/campaigns/11/ HTTP/1.1" 200 1158
[INFO] 2025-09-11 18:53:39,450 basehttp "GET /api/campaigns/11/statistics/ HTTP/1.1" 200 364
[INFO] 2025-09-11 18:53:42,930 basehttp "GET /api/campaigns/ HTTP/1.1" 200 2184
[INFO] 2025-09-11 18:53:42,960 basehttp "GET /api/campaigns/11/ HTTP/1.1" 200 1158
[INFO] 2025-09-11 18:53:42,973 basehttp "GET /api/campaigns/11/statistics/ HTTP/1.1" 200 364
[INFO] 2025-09-11 18:53:46,162 basehttp "GET /api/campaigns/ HTTP/1.1" 200 2184
[INFO] 2025-09-11 18:53:46,255 basehttp "GET /api/campaigns/ HTTP/1.1" 200 2184
[INFO] 2025-09-11 18:53:46,293 basehttp "GET /api/campaigns/11/ HTTP/1.1" 200 1158
[INFO] 2025-09-11 18:53:46,320 basehttp "GET /api/campaigns/11/statistics/ HTTP/1.1" 200 364
[INFO] 2025-09-11 18:53:57,648 basehttp "GET /api/stats/ HTTP/1.1" 200 248
[INFO] 2025-09-11 18:53:57,673 basehttp "GET /api/campaigns/ HTTP/1.1" 200 2184
[INFO] 2025-09-11 18:55:15,658 basehttp "POST /api/validate-file/ HTTP/1.1" 200 216
[INFO] 2025-09-11 18:57:32,198 webhook_handler Received webhook: {
  "object": "whatsapp_business_account",
  "entry": [
    {
      "id": "114374441730441",
      "changes": [
        {
          "value": {
            "messaging_product": "whatsapp",
            "metadata": {
              "display_phone_number": "917996002222",
              "phone_number_id": "114392571729051"
            },
            "statuses": [
              {
                "id": "wamid.HBgMOTE5NTM4MDk1NjAxFQIAERgSM0NFMTYxRjY0NjIzRDI2MDRDAA==",
                "status": "delivered",
                "timestamp": "1757603795",
                "recipient_id": "919538095601",
                "conversation": {
                  "id": "c5940b585daff3a11ba3ce3600c7f06b",
                  "origin": {
                    "type": "marketing"
                  }
                },
                "pricing": {
                  "billable": true,
                  "pricing_model": "PMP",
                  "category": "marketing",
                  "type": "regular"
                }
              }
            ]
          },
          "field": "messages"
        }
      ]
    }
  ]
}
[INFO] 2025-09-11 18:57:32,687 basehttp "POST /api/webhook/whatsapp/ HTTP/1.1" 200 22
[INFO] 2025-09-11 19:03:51,846 views Campaign created: 12, processing file: 12
[INFO] 2025-09-11 19:03:51,863 basehttp "POST /api/campaigns/ HTTP/1.1" 201 701
[INFO] 2025-09-11 19:03:52,317 tasks Processing file: test_contacts.csv
[INFO] 2025-09-11 19:03:52,877 tasks File processed: 2 valid, 0 invalid rows
[INFO] 2025-09-11 19:04:17,037 basehttp "GET /api/campaigns/ HTTP/1.1" 200 2423
[INFO] 2025-09-11 19:04:17,094 basehttp "GET /api/campaigns/11/ HTTP/1.1" 200 1158
[INFO] 2025-09-11 19:04:17,120 basehttp "GET /api/campaigns/11/statistics/ HTTP/1.1" 200 364
[INFO] 2025-09-11 19:04:21,943 basehttp "GET /api/campaigns/ HTTP/1.1" 200 2423
[INFO] 2025-09-11 19:04:21,973 basehttp "GET /api/campaigns/12/ HTTP/1.1" 200 1094
[INFO] 2025-09-11 19:04:21,988 basehttp "GET /api/campaigns/12/statistics/ HTTP/1.1" 200 339
[INFO] 2025-09-11 19:04:29,989 basehttp "GET /api/stats/ HTTP/1.1" 200 249
[INFO] 2025-09-11 19:04:30,045 basehttp "GET /api/campaigns/ HTTP/1.1" 200 2423
[INFO] 2025-09-11 19:11:19,637 views User logged in: campaign_user
[INFO] 2025-09-11 19:11:19,930 basehttp "POST /api/auth/login/ HTTP/1.1" 200 308
[INFO] 2025-09-11 19:11:20,150 basehttp "GET /api/stats/ HTTP/1.1" 200 249
[INFO] 2025-09-11 19:18:54,327 basehttp "GET /api/stats/ HTTP/1.1" 200 249
[INFO] 2025-09-11 19:18:59,277 basehttp "GET /api/stats/ HTTP/1.1" 200 249
[INFO] 2025-09-11 19:18:59,361 basehttp "GET /api/campaigns/ HTTP/1.1" 200 2423
[INFO] 2025-09-11 19:19:15,237 basehttp "GET /api/campaigns/ HTTP/1.1" 200 2423
[INFO] 2025-09-11 19:19:15,307 basehttp "GET /api/campaigns/12/ HTTP/1.1" 200 1094
[INFO] 2025-09-11 19:19:15,352 basehttp "GET /api/campaigns/12/statistics/ HTTP/1.1" 200 339
[INFO] 2025-09-11 19:19:21,253 basehttp "GET /api/campaigns/ HTTP/1.1" 200 2423
[INFO] 2025-09-11 19:19:21,277 basehttp "GET /api/campaigns/12/ HTTP/1.1" 200 1094
[INFO] 2025-09-11 19:19:21,298 basehttp "GET /api/campaigns/12/statistics/ HTTP/1.1" 200 339
[INFO] 2025-09-11 20:37:54,831 views User logged in: campaign_user
[INFO] 2025-09-11 20:37:54,997 basehttp "POST /api/auth/login/ HTTP/1.1" 200 308
[INFO] 2025-09-11 20:37:55,119 basehttp "GET /api/stats/ HTTP/1.1" 200 249
[INFO] 2025-09-11 20:49:43,512 webhook_handler Received webhook: {
  "object": "whatsapp_business_account",
  "entry": [
    {
      "id": "114374441730441",
      "changes": [
        {
          "value": {
            "messaging_product": "whatsapp",
            "metadata": {
              "display_phone_number": "917996002222",
              "phone_number_id": "114392571729051"
            },
            "statuses": [
              {
                "id": "wamid.HBgMOTE5NTM4MDk1NjAxFQIAERgSM0NFMTYxRjY0NjIzRDI2MDRDAA==",
                "status": "sent",
                "timestamp": "1757603794",
                "recipient_id": "919538095601",
                "conversation": {
                  "id": "c5940b585daff3a11ba3ce3600c7f06b",
                  "expiration_timestamp": "1757603794",
                  "origin": {
                    "type": "marketing"
                  }
                },
                "pricing": {
                  "billable": true,
                  "pricing_model": "PMP",
                  "category": "marketing",
                  "type": "regular"
                }
              }
            ]
          },
          "field": "messages"
        }
      ]
    }
  ]
}
[INFO] 2025-09-11 20:49:43,529 basehttp "POST /api/webhook/whatsapp/ HTTP/1.1" 200 22
[INFO] 2025-09-11 20:52:00,042 webhook_handler Received webhook: {
  "object": "whatsapp_business_account",
  "entry": [
    {
      "id": "114374441730441",
      "changes": [
        {
          "value": {
            "messaging_product": "whatsapp",
            "metadata": {
              "display_phone_number": "917996002222",
              "phone_number_id": "114392571729051"
            },
            "statuses": [
              {
                "id": "wamid.HBgMOTE5NTM4MDk1NjAxFQIAERgSOEQ0MDUxNTQ2ODZEQUFEN0JCAA==",
                "status": "read",
                "timestamp": "1757556384",
                "recipient_id": "919538095601"
              }
            ]
          },
          "field": "messages"
        }
      ]
    }
  ]
}
[INFO] 2025-09-11 20:52:00,061 basehttp "POST /api/webhook/whatsapp/ HTTP/1.1" 200 22
[INFO] 2025-09-11 20:52:52,610 views User logged in: campaign_user
[INFO] 2025-09-11 20:52:52,801 basehttp "POST /api/auth/login/ HTTP/1.1" 200 308
[INFO] 2025-09-11 20:52:52,927 basehttp "GET /api/stats/ HTTP/1.1" 200 249
[INFO] 2025-09-11 20:53:00,296 basehttp "GET /api/campaigns/ HTTP/1.1" 200 2423
[INFO] 2025-09-11 20:53:00,407 basehttp "GET /api/campaigns/12/ HTTP/1.1" 200 1094
[INFO] 2025-09-11 20:53:00,428 basehttp "GET /api/campaigns/12/statistics/ HTTP/1.1" 200 339
[INFO] 2025-09-11 20:53:00,467 basehttp "GET /api/campaigns/12/messages/ HTTP/1.1" 200 491
[INFO] 2025-09-11 20:53:06,176 basehttp "GET /api/campaigns/ HTTP/1.1" 200 2423
[INFO] 2025-09-11 20:53:06,317 basehttp "GET /api/campaigns/ HTTP/1.1" 200 2423
[INFO] 2025-09-11 20:53:06,394 basehttp "GET /api/campaigns/12/ HTTP/1.1" 200 1094
[INFO] 2025-09-11 20:53:06,422 basehttp "GET /api/campaigns/12/statistics/ HTTP/1.1" 200 339
[INFO] 2025-09-11 20:53:06,470 basehttp "GET /api/campaigns/12/messages/ HTTP/1.1" 200 491
[INFO] 2025-09-11 20:53:09,860 basehttp "GET /api/campaigns/ HTTP/1.1" 200 2423
[INFO] 2025-09-11 20:53:09,975 basehttp "GET /api/campaigns/ HTTP/1.1" 200 2423
[INFO] 2025-09-11 20:53:10,056 basehttp "GET /api/campaigns/12/ HTTP/1.1" 200 1094
[INFO] 2025-09-11 20:53:10,088 basehttp "GET /api/campaigns/12/statistics/ HTTP/1.1" 200 339
[INFO] 2025-09-11 20:53:10,141 basehttp "GET /api/campaigns/12/messages/ HTTP/1.1" 200 491
[INFO] 2025-09-11 20:53:13,408 basehttp "GET /api/campaigns/ HTTP/1.1" 200 2423
[INFO] 2025-09-11 20:53:13,533 basehttp "GET /api/campaigns/ HTTP/1.1" 200 2423
[INFO] 2025-09-11 20:53:13,612 basehttp "GET /api/campaigns/12/ HTTP/1.1" 200 1094
[INFO] 2025-09-11 20:53:13,638 basehttp "GET /api/campaigns/12/statistics/ HTTP/1.1" 200 339
[INFO] 2025-09-11 20:53:13,680 basehttp "GET /api/campaigns/12/messages/ HTTP/1.1" 200 491
[INFO] 2025-09-11 20:53:17,940 basehttp "GET /api/campaigns/ HTTP/1.1" 200 2423
[INFO] 2025-09-11 20:53:18,046 basehttp "GET /api/campaigns/ HTTP/1.1" 200 2423
[INFO] 2025-09-11 20:53:18,165 basehttp "GET /api/campaigns/12/ HTTP/1.1" 200 1094
[INFO] 2025-09-11 20:53:18,184 basehttp "GET /api/campaigns/12/statistics/ HTTP/1.1" 200 339
[INFO] 2025-09-11 20:53:18,210 basehttp "GET /api/campaigns/12/messages/ HTTP/1.1" 200 491
[INFO] 2025-09-11 20:53:31,026 basehttp "GET /api/campaigns/ HTTP/1.1" 200 2423
[INFO] 2025-09-11 20:53:31,084 basehttp "GET /api/campaigns/12/ HTTP/1.1" 200 1094
[INFO] 2025-09-11 20:53:31,100 basehttp "GET /api/campaigns/12/statistics/ HTTP/1.1" 200 339
[INFO] 2025-09-11 20:53:31,283 views Campaign started: 12
[INFO] 2025-09-11 20:53:31,369 basehttp "POST /api/campaigns/12/start/ HTTP/1.1" 200 1168
[INFO] 2025-09-11 20:53:31,479 tasks Starting campaign: 12
[INFO] 2025-09-11 20:53:31,480 tasks Found 2 messages to send
[INFO] 2025-09-11 20:53:31,483 tasks Scheduled message 11 with 0s delay
[INFO] 2025-09-11 20:53:31,484 tasks Scheduled message 12 with 2s delay
[INFO] 2025-09-11 20:53:32,541 basehttp "GET /api/campaigns/ HTTP/1.1" 200 2423
[INFO] 2025-09-11 20:53:32,650 basehttp "GET /api/campaigns/12/ HTTP/1.1" 200 1119
[INFO] 2025-09-11 20:53:32,697 basehttp "GET /api/campaigns/12/statistics/ HTTP/1.1" 200 364
[INFO] 2025-09-11 20:53:32,858 basehttp "GET /api/campaigns/12/messages/ HTTP/1.1" 200 491
[INFO] 2025-09-11 20:53:33,021 tasks Sending message to +917702828811
[INFO] 2025-09-11 20:53:33,023 whatsapp_360_client Sending WhatsApp message to 917702828811 using template sample_template_txt
[INFO] 2025-09-11 20:53:34,706 tasks Sending message to +919538095601
[INFO] 2025-09-11 20:53:34,713 whatsapp_360_client Sending WhatsApp message to 919538095601 using template sample_template_txt
[INFO] 2025-09-11 20:53:34,869 whatsapp_360_client Message sent successfully. Message ID: wamid.HBgMOTE3NzAyODI4ODExFQIAERgSNzcyQkMwRDM3RTYwNjBBQzM4AA==
[INFO] 2025-09-11 20:53:35,031 tasks Message sent successfully to +917702828811, Message ID: wamid.HBgMOTE3NzAyODI4ODExFQIAERgSNzcyQkMwRDM3RTYwNjBBQzM4AA==
[INFO] 2025-09-11 20:53:36,371 whatsapp_360_client Message sent successfully. Message ID: wamid.HBgMOTE5NTM4MDk1NjAxFQIAERgSQUQwRDAwNjVGQUFCNzUwODcyAA==
[INFO] 2025-09-11 20:53:36,533 tasks Message sent successfully to +919538095601, Message ID: wamid.HBgMOTE5NTM4MDk1NjAxFQIAERgSQUQwRDAwNjVGQUFCNzUwODcyAA==
[INFO] 2025-09-11 20:53:38,830 webhook_handler Received webhook: {
  "object": "whatsapp_business_account",
  "entry": [
    {
      "id": "114374441730441",
      "changes": [
        {
          "value": {
            "messaging_product": "whatsapp",
            "metadata": {
              "display_phone_number": "917996002222",
              "phone_number_id": "114392571729051"
            },
            "statuses": [
              {
                "id": "wamid.HBgMOTE5NTM4MDk1NjAxFQIAERgSQUQwRDAwNjVGQUFCNzUwODcyAA==",
                "status": "failed",
                "timestamp": "1757624016",
                "recipient_id": "919538095601",
                "errors": [
                  {
                    "code": 131049,
                    "title": "This message was not delivered to maintain healthy ecosystem engagement.",
                    "message": "This message was not delivered to maintain healthy ecosystem engagement.",
                    "error_data": {
                      "details": "In order to maintain a healthy ecosystem engagement, the message failed to be delivered."
                    },
                    "href": "https://developers.facebook.com/docs/whatsapp/cloud-api/support/error-codes/"
                  }
                ]
              }
            ]
          },
          "field": "messages"
        }
      ]
    }
  ]
}
[INFO] 2025-09-11 20:53:38,847 basehttp "POST /api/webhook/whatsapp/ HTTP/1.1" 200 22
[INFO] 2025-09-11 20:53:38,939 webhook_handler Received webhook: {
  "object": "whatsapp_business_account",
  "entry": [
    {
      "id": "114374441730441",
      "changes": [
        {
          "value": {
            "messaging_product": "whatsapp",
            "metadata": {
              "display_phone_number": "917996002222",
              "phone_number_id": "114392571729051"
            },
            "statuses": [
              {
                "id": "wamid.HBgMOTE3NzAyODI4ODExFQIAERgSNzcyQkMwRDM3RTYwNjBBQzM4AA==",
                "status": "failed",
                "timestamp": "1757624016",
                "recipient_id": "917702828811",
                "errors": [
                  {
                    "code": 131049,
                    "title": "This message was not delivered to maintain healthy ecosystem engagement.",
                    "message": "This message was not delivered to maintain healthy ecosystem engagement.",
                    "error_data": {
                      "details": "In order to maintain a healthy ecosystem engagement, the message failed to be delivered."
                    },
                    "href": "https://developers.facebook.com/docs/whatsapp/cloud-api/support/error-codes/"
                  }
                ]
              }
            ]
          },
          "field": "messages"
        }
      ]
    }
  ]
}
[INFO] 2025-09-11 20:53:38,962 basehttp "POST /api/webhook/whatsapp/ HTTP/1.1" 200 22
[INFO] 2025-09-11 20:56:21,428 basehttp "GET /admin/ HTTP/1.1" 302 0
[INFO] 2025-09-11 20:56:21,810 basehttp "GET /admin/login/?next=/admin/ HTTP/1.1" 200 4181
[INFO] 2025-09-11 20:56:22,067 basehttp "GET /static/admin/css/dark_mode.css HTTP/1.1" 200 2929
[INFO] 2025-09-11 20:56:22,067 basehttp "GET /static/admin/css/login.css HTTP/1.1" 200 958
[INFO] 2025-09-11 20:56:22,068 basehttp "GET /static/admin/css/nav_sidebar.css HTTP/1.1" 200 2694
[INFO] 2025-09-11 20:56:22,069 basehttp "GET /static/admin/css/base.css HTTP/1.1" 200 21207
[INFO] 2025-09-11 20:56:22,070 basehttp "GET /static/admin/js/theme.js HTTP/1.1" 200 1943
[INFO] 2025-09-11 20:56:22,071 basehttp "GET /static/admin/js/nav_sidebar.js HTTP/1.1" 200 3063
[INFO] 2025-09-11 20:56:22,072 basehttp "GET /static/admin/css/responsive.css HTTP/1.1" 200 18533
[WARNING] 2025-09-11 20:56:22,372 log Not Found: /favicon.ico
[WARNING] 2025-09-11 20:56:22,373 basehttp "GET /favicon.ico HTTP/1.1" 404 2587
[INFO] 2025-09-11 20:56:26,236 basehttp "POST /admin/login/?next=/admin/ HTTP/1.1" 302 0
[INFO] 2025-09-11 20:56:27,814 basehttp "GET /admin/ HTTP/1.1" 200 9524
[INFO] 2025-09-11 20:56:27,925 basehttp "GET /static/admin/css/dashboard.css HTTP/1.1" 200 441
[INFO] 2025-09-11 20:56:27,984 basehttp "GET /static/admin/img/icon-addlink.svg HTTP/1.1" 200 331
[INFO] 2025-09-11 20:56:27,985 basehttp "GET /static/admin/img/icon-changelink.svg HTTP/1.1" 200 380
[INFO] 2025-09-11 20:56:29,689 basehttp "GET /admin/campaigns/campaign/ HTTP/1.1" 200 19724
[INFO] 2025-09-11 20:56:29,783 basehttp "GET /static/admin/js/core.js HTTP/1.1" 200 5682
[INFO] 2025-09-11 20:56:29,784 basehttp "GET /static/admin/css/changelists.css HTTP/1.1" 200 6566
[INFO] 2025-09-11 20:56:29,785 basehttp "GET /static/admin/js/jquery.init.js HTTP/1.1" 200 347
[INFO] 2025-09-11 20:56:29,792 basehttp "GET /static/admin/js/prepopulate.js HTTP/1.1" 200 1531
[INFO] 2025-09-11 20:56:29,793 basehttp "GET /static/admin/js/actions.js HTTP/1.1" 200 7872
[INFO] 2025-09-11 20:56:29,793 basehttp "GET /static/admin/js/urlify.js HTTP/1.1" 200 7887
[INFO] 2025-09-11 20:56:29,794 basehttp "GET /static/admin/js/admin/RelatedObjectLookups.js HTTP/1.1" 200 8943
[INFO] 2025-09-11 20:56:29,888 basehttp "GET /static/admin/js/filters.js HTTP/1.1" 200 978
[INFO] 2025-09-11 20:56:29,888 basehttp "GET /static/admin/js/vendor/jquery/jquery.js HTTP/1.1" 200 292458
[INFO] 2025-09-11 20:56:29,927 basehttp "GET /static/admin/js/vendor/xregexp/xregexp.js HTTP/1.1" 200 232381
[INFO] 2025-09-11 20:56:29,997 basehttp "GET /admin/jsi18n/ HTTP/1.1" 200 3343
[INFO] 2025-09-11 20:56:30,000 basehttp "GET /static/admin/img/search.svg HTTP/1.1" 200 458
[INFO] 2025-09-11 20:56:30,042 basehttp "GET /static/admin/img/tooltag-add.svg HTTP/1.1" 200 331
[INFO] 2025-09-11 20:56:30,042 basehttp "GET /static/admin/img/sorting-icons.svg HTTP/1.1" 200 1097
[INFO] 2025-09-11 21:02:49,883 webhook_handler Received webhook: {
  "object": "whatsapp_business_account",
  "entry": [
    {
      "id": "114374441730441",
      "changes": [
        {
          "value": {
            "messaging_product": "whatsapp",
            "metadata": {
              "display_phone_number": "917996002222",
              "phone_number_id": "114392571729051"
            },
            "statuses": [
              {
                "id": "wamid.HBgMOTE5NTM4MDk1NjAxFQIAERgSOEQ0MDUxNTQ2ODZEQUFEN0JCAA==",
                "status": "delivered",
                "timestamp": "1757553310",
                "recipient_id": "919538095601",
                "conversation": {
                  "id": "db9211b4521eb34f8a0e7e80d0f66aed",
                  "origin": {
                    "type": "marketing"
                  }
                },
                "pricing": {
                  "billable": true,
                  "pricing_model": "PMP",
                  "category": "marketing",
                  "type": "regular"
                }
              }
            ]
          },
          "field": "messages"
        }
      ]
    }
  ]
}
[INFO] 2025-09-11 21:02:49,892 basehttp "POST /api/webhook/whatsapp/ HTTP/1.1" 200 22
[INFO] 2025-09-11 21:04:38,694 autoreload /home/sohan/whatsapp-campaign/campaigns/webhook_processor.py changed, reloading.
[INFO] 2025-09-11 21:04:40,306 autoreload Watching for file changes with StatReloader
[INFO] 2025-09-11 21:08:40,006 webhook_handler Received webhook: {
  "object": "whatsapp_business_account",
  "entry": [
    {
      "id": "114374441730441",
      "changes": [
        {
          "value": {
            "messaging_product": "whatsapp",
            "metadata": {
              "display_phone_number": "917996002222",
              "phone_number_id": "114392571729051"
            },
            "statuses": [
              {
                "id": "wamid.HBgMOTE5NTM4MDk1NjAxFQIAERgSM0NFMTYxRjY0NjIzRDI2MDRDAA==",
                "status": "read",
                "timestamp": "1757604483",
                "recipient_id": "919538095601"
              }
            ]
          },
          "field": "messages"
        }
      ]
    }
  ]
}
[INFO] 2025-09-11 21:08:40,068 basehttp "POST /api/webhook/whatsapp/ HTTP/1.1" 200 22
[INFO] 2025-09-11 21:16:00,532 webhook_handler Received webhook: {
  "object": "whatsapp_business_account",
  "entry": [
    {
      "id": "114374441730441",
      "changes": [
        {
          "value": {
            "messaging_product": "whatsapp",
            "metadata": {
              "display_phone_number": "917996002222",
              "phone_number_id": "114392571729051"
            },
            "statuses": [
              {
                "id": "wamid.HBgMOTE3NzAyODI4ODExFQIAERgSNzY0MjAzRkYxN0JBNzQ5MkU1AA==",
                "status": "failed",
                "timestamp": "1757603792",
                "recipient_id": "917702828811",
                "errors": [
                  {
                    "code": 131049,
                    "title": "This message was not delivered to maintain healthy ecosystem engagement.",
                    "message": "This message was not delivered to maintain healthy ecosystem engagement.",
                    "error_data": {
                      "details": "In order to maintain a healthy ecosystem engagement, the message failed to be delivered."
                    },
                    "href": "https://developers.facebook.com/docs/whatsapp/cloud-api/support/error-codes/"
                  }
                ]
              }
            ]
          },
          "field": "messages"
        }
      ]
    }
  ]
}
[INFO] 2025-09-11 21:16:00,537 basehttp "POST /api/webhook/whatsapp/ HTTP/1.1" 200 22
[INFO] 2025-09-11 21:18:19,763 autoreload /home/sohan/whatsapp-campaign/campaigns/tasks.py changed, reloading.
[INFO] 2025-09-11 21:18:21,118 autoreload Watching for file changes with StatReloader
[INFO] 2025-09-11 21:19:01,699 autoreload /home/sohan/whatsapp-campaign/whatsapp_campaign/settings.py changed, reloading.
[INFO] 2025-09-11 21:19:02,947 autoreload Watching for file changes with StatReloader
[INFO] 2025-09-11 21:25:48,797 basehttp "GET /admin/campaigns/campaign/ HTTP/1.1" 200 19730
[INFO] 2025-09-11 21:25:48,944 basehttp "GET /admin/jsi18n/ HTTP/1.1" 200 3343
[INFO] 2025-09-11 21:26:08,722 basehttp "GET /api/campaigns/ HTTP/1.1" 200 2431
[INFO] 2025-09-11 21:26:08,889 basehttp "GET /api/campaigns/ HTTP/1.1" 200 2431
[INFO] 2025-09-11 21:26:08,958 basehttp "GET /api/campaigns/12/ HTTP/1.1" 200 1206
[INFO] 2025-09-11 21:26:08,977 basehttp "GET /api/campaigns/12/statistics/ HTTP/1.1" 200 391
[INFO] 2025-09-11 21:26:09,019 basehttp "GET /api/campaigns/12/messages/ HTTP/1.1" 200 537
[INFO] 2025-09-11 21:26:18,671 basehttp "GET /api/campaigns/ HTTP/1.1" 200 2431
[INFO] 2025-09-11 21:26:18,775 basehttp "GET /api/campaigns/12/ HTTP/1.1" 200 1206
[INFO] 2025-09-11 21:26:18,795 basehttp "GET /api/campaigns/12/statistics/ HTTP/1.1" 200 391
[INFO] 2025-09-11 21:26:18,899 basehttp "GET /api/campaigns/ HTTP/1.1" 200 2431
[INFO] 2025-09-11 21:26:18,993 basehttp "GET /api/campaigns/12/ HTTP/1.1" 200 1206
[INFO] 2025-09-11 21:26:19,012 basehttp "GET /api/campaigns/12/statistics/ HTTP/1.1" 200 391
[INFO] 2025-09-11 21:26:19,051 basehttp "GET /api/campaigns/12/messages/ HTTP/1.1" 200 537
[INFO] 2025-09-11 21:26:29,856 basehttp "GET /api/stats/ HTTP/1.1" 200 237
[INFO] 2025-09-11 21:26:29,911 basehttp "GET /api/campaigns/ HTTP/1.1" 200 2431
[INFO] 2025-09-11 21:26:34,805 basehttp "GET /api/campaigns/ HTTP/1.1" 200 2431
[INFO] 2025-09-11 21:26:34,980 basehttp "GET /api/campaigns/12/ HTTP/1.1" 200 1206
[INFO] 2025-09-11 21:26:35,018 basehttp "GET /api/campaigns/12/statistics/ HTTP/1.1" 200 391
[INFO] 2025-09-11 21:26:35,074 basehttp "GET /api/campaigns/12/messages/ HTTP/1.1" 200 537
[INFO] 2025-09-11 21:26:39,834 basehttp "GET /api/campaigns/ HTTP/1.1" 200 2431
[INFO] 2025-09-11 21:26:39,943 basehttp "GET /api/campaigns/12/ HTTP/1.1" 200 1206
[INFO] 2025-09-11 21:26:39,980 basehttp "GET /api/campaigns/12/statistics/ HTTP/1.1" 200 391
[INFO] 2025-09-11 21:26:40,043 basehttp "GET /api/campaigns/12/messages/ HTTP/1.1" 200 537
[INFO] 2025-09-11 21:26:51,017 basehttp "GET /api/campaigns/ HTTP/1.1" 200 2431
[INFO] 2025-09-11 21:26:51,130 basehttp "GET /api/campaigns/ HTTP/1.1" 200 2431
[INFO] 2025-09-11 21:26:51,198 basehttp "GET /api/campaigns/12/ HTTP/1.1" 200 1206
[INFO] 2025-09-11 21:26:51,225 basehttp "GET /api/campaigns/12/statistics/ HTTP/1.1" 200 391
[INFO] 2025-09-11 21:26:51,269 basehttp "GET /api/campaigns/12/messages/ HTTP/1.1" 200 537
[INFO] 2025-09-11 21:26:53,578 basehttp "GET /api/campaigns/ HTTP/1.1" 200 2431
[INFO] 2025-09-11 21:26:53,694 basehttp "GET /api/campaigns/ HTTP/1.1" 200 2431
[INFO] 2025-09-11 21:26:53,792 basehttp "GET /api/campaigns/12/ HTTP/1.1" 200 1206
[INFO] 2025-09-11 21:26:53,822 basehttp "GET /api/campaigns/12/statistics/ HTTP/1.1" 200 391
[INFO] 2025-09-11 21:26:53,887 basehttp "GET /api/campaigns/12/messages/ HTTP/1.1" 200 537
[INFO] 2025-09-11 21:27:38,492 views User logged in: campaign_user
[INFO] 2025-09-11 21:27:38,714 basehttp "POST /api/auth/login/ HTTP/1.1" 200 308
[INFO] 2025-09-11 21:27:39,107 basehttp "GET /api/stats/ HTTP/1.1" 200 237
[INFO] 2025-09-11 21:27:51,786 basehttp "GET /api/stats/ HTTP/1.1" 200 237
[INFO] 2025-09-11 21:27:52,298 basehttp "GET /api/campaigns/ HTTP/1.1" 200 2431
[INFO] 2025-09-11 21:27:52,364 basehttp "GET /api/campaigns/12/ HTTP/1.1" 200 1206
[INFO] 2025-09-11 21:27:52,387 basehttp "GET /api/campaigns/12/statistics/ HTTP/1.1" 200 391
[INFO] 2025-09-11 21:27:52,524 basehttp "GET /api/campaigns/12/messages/ HTTP/1.1" 200 537
[INFO] 2025-09-11 21:27:59,896 basehttp "GET /api/campaigns/ HTTP/1.1" 200 2431
[INFO] 2025-09-11 21:28:00,007 basehttp "GET /api/campaigns/ HTTP/1.1" 200 2431
[INFO] 2025-09-11 21:28:00,080 basehttp "GET /api/campaigns/12/ HTTP/1.1" 200 1206
[INFO] 2025-09-11 21:28:00,106 basehttp "GET /api/campaigns/12/statistics/ HTTP/1.1" 200 391
[INFO] 2025-09-11 21:28:00,151 basehttp "GET /api/campaigns/12/messages/ HTTP/1.1" 200 537
[INFO] 2025-09-11 21:28:07,449 basehttp "GET /api/campaigns/ HTTP/1.1" 200 2431
[INFO] 2025-09-11 21:28:07,569 basehttp "GET /api/campaigns/ HTTP/1.1" 200 2431
[INFO] 2025-09-11 21:28:07,650 basehttp "GET /api/campaigns/9/ HTTP/1.1" 200 1090
[INFO] 2025-09-11 21:28:07,716 basehttp "GET /api/campaigns/9/statistics/ HTTP/1.1" 200 338
[INFO] 2025-09-11 21:28:07,756 basehttp "GET /api/campaigns/9/messages/ HTTP/1.1" 200 489
[INFO] 2025-09-11 21:28:24,223 basehttp "GET /api/campaigns/ HTTP/1.1" 200 2431
[INFO] 2025-09-11 21:28:24,299 basehttp "GET /api/campaigns/9/ HTTP/1.1" 200 1090
[INFO] 2025-09-11 21:28:24,312 basehttp "GET /api/campaigns/9/statistics/ HTTP/1.1" 200 338
[INFO] 2025-09-11 21:28:24,515 views Campaign started: 9
[INFO] 2025-09-11 21:28:24,547 basehttp "POST /api/campaigns/9/start/ HTTP/1.1" 200 1164
[INFO] 2025-09-11 21:28:24,601 tasks Starting campaign: 9
[INFO] 2025-09-11 21:28:24,612 tasks Found 2 messages to send
[INFO] 2025-09-11 21:28:24,651 tasks Scheduled message 5 with 0s delay
[INFO] 2025-09-11 21:28:24,653 tasks Scheduled message 6 with 2s delay
[INFO] 2025-09-11 21:28:24,656 tasks Scheduled completion check in 34s
[INFO] 2025-09-11 21:28:25,669 basehttp "GET /api/campaigns/ HTTP/1.1" 200 2431
[INFO] 2025-09-11 21:28:25,755 basehttp "GET /api/campaigns/9/ HTTP/1.1" 200 1115
[INFO] 2025-09-11 21:28:25,783 basehttp "GET /api/campaigns/9/statistics/ HTTP/1.1" 200 363
[INFO] 2025-09-11 21:28:25,849 basehttp "GET /api/campaigns/9/messages/ HTTP/1.1" 200 489
[INFO] 2025-09-11 21:28:26,121 tasks Sending message to +917702828811
[INFO] 2025-09-11 21:28:26,122 whatsapp_360_client Sending WhatsApp message to 917702828811 using template sample_template_txt
[INFO] 2025-09-11 21:28:27,829 tasks Sending message to +919538095601
[INFO] 2025-09-11 21:28:27,836 whatsapp_360_client Sending WhatsApp message to 919538095601 using template sample_template_txt
[INFO] 2025-09-11 21:28:28,880 whatsapp_360_client Message sent successfully. Message ID: wamid.HBgMOTE3NzAyODI4ODExFQIAERgSMEEwNUY5MTJERUIwRURDRTA2AA==
[INFO] 2025-09-11 21:28:29,136 tasks Message sent successfully to +917702828811, Message ID: wamid.HBgMOTE3NzAyODI4ODExFQIAERgSMEEwNUY5MTJERUIwRURDRTA2AA==
[INFO] 2025-09-11 21:28:29,325 whatsapp_360_client Message sent successfully. Message ID: wamid.HBgMOTE5NTM4MDk1NjAxFQIAERgSM0MzNkFEODVFMDBFQkNBODQ0AA==
[INFO] 2025-09-11 21:28:29,605 tasks Message sent successfully to +919538095601, Message ID: wamid.HBgMOTE5NTM4MDk1NjAxFQIAERgSM0MzNkFEODVFMDBFQkNBODQ0AA==
[INFO] 2025-09-11 21:28:29,993 tasks Campaign 9 marked as completed - all messages sent
[INFO] 2025-09-11 21:28:31,056 webhook_handler Received webhook: {
  "object": "whatsapp_business_account",
  "entry": [
    {
      "id": "114374441730441",
      "changes": [
        {
          "value": {
            "messaging_product": "whatsapp",
            "metadata": {
              "display_phone_number": "917996002222",
              "phone_number_id": "114392571729051"
            },
            "statuses": [
              {
                "id": "wamid.HBgMOTE3NzAyODI4ODExFQIAERgSMEEwNUY5MTJERUIwRURDRTA2AA==",
                "status": "failed",
                "timestamp": "1757626109",
                "recipient_id": "917702828811",
                "errors": [
                  {
                    "code": 131049,
                    "title": "This message was not delivered to maintain healthy ecosystem engagement.",
                    "message": "This message was not delivered to maintain healthy ecosystem engagement.",
                    "error_data": {
                      "details": "In order to maintain a healthy ecosystem engagement, the message failed to be delivered."
                    },
                    "href": "https://developers.facebook.com/docs/whatsapp/cloud-api/support/error-codes/"
                  }
                ]
              }
            ]
          },
          "field": "messages"
        }
      ]
    }
  ]
}
[INFO] 2025-09-11 21:28:31,062 basehttp "POST /api/webhook/whatsapp/ HTTP/1.1" 200 22
[INFO] 2025-09-11 21:28:31,542 webhook_handler Received webhook: {
  "object": "whatsapp_business_account",
  "entry": [
    {
      "id": "114374441730441",
      "changes": [
        {
          "value": {
            "messaging_product": "whatsapp",
            "metadata": {
              "display_phone_number": "917996002222",
              "phone_number_id": "114392571729051"
            },
            "statuses": [
              {
                "id": "wamid.HBgMOTE5NTM4MDk1NjAxFQIAERgSM0MzNkFEODVFMDBFQkNBODQ0AA==",
                "status": "failed",
                "timestamp": "1757626109",
                "recipient_id": "919538095601",
                "errors": [
                  {
                    "code": 131049,
                    "title": "This message was not delivered to maintain healthy ecosystem engagement.",
                    "message": "This message was not delivered to maintain healthy ecosystem engagement.",
                    "error_data": {
                      "details": "In order to maintain a healthy ecosystem engagement, the message failed to be delivered."
                    },
                    "href": "https://developers.facebook.com/docs/whatsapp/cloud-api/support/error-codes/"
                  }
                ]
              }
            ]
          },
          "field": "messages"
        }
      ]
    }
  ]
}
[INFO] 2025-09-11 21:28:31,551 basehttp "POST /api/webhook/whatsapp/ HTTP/1.1" 200 22
[INFO] 2025-09-11 21:28:31,819 webhook_processor Processing status update: wamid.HBgMOTE5NTM4MDk1NjAxFQIAERgSM0MzNkFEODVFMDBFQkNBODQ0AA== -> failed
[INFO] 2025-09-11 21:28:32,343 webhook_processor Updated message wamid.HBgMOTE5NTM4MDk1NjAxFQIAERgSM0MzNkFEODVFMDBFQkNBODQ0AA==: sent -> failed
[INFO] 2025-09-11 21:28:59,721 basehttp "GET /api/campaigns/ HTTP/1.1" 200 2435
[INFO] 2025-09-11 21:28:59,827 basehttp "GET /api/campaigns/9/ HTTP/1.1" 200 1288
[INFO] 2025-09-11 21:28:59,855 basehttp "GET /api/campaigns/9/statistics/ HTTP/1.1" 200 420
[INFO] 2025-09-11 21:28:59,900 basehttp "GET /api/campaigns/9/messages/ HTTP/1.1" 200 621
[INFO] 2025-09-11 21:30:00,256 tasks Checking 0 running campaigns for completion
[INFO] 2025-09-11 21:37:14,494 views User logged in: campaign_user
[INFO] 2025-09-11 21:37:14,660 basehttp "POST /api/auth/login/ HTTP/1.1" 200 308
[INFO] 2025-09-11 21:37:14,740 basehttp "GET /api/stats/ HTTP/1.1" 200 225
[INFO] 2025-09-11 21:37:19,497 basehttp "GET /api/stats/ HTTP/1.1" 200 225
[INFO] 2025-09-11 21:37:20,061 basehttp "GET /api/campaigns/ HTTP/1.1" 200 2435
[INFO] 2025-09-11 21:37:20,152 basehttp "GET /api/campaigns/12/ HTTP/1.1" 200 1206
[INFO] 2025-09-11 21:37:20,165 basehttp "GET /api/campaigns/12/statistics/ HTTP/1.1" 200 391
[INFO] 2025-09-11 21:37:20,222 basehttp "GET /api/campaigns/12/messages/ HTTP/1.1" 200 537
[INFO] 2025-09-11 21:37:28,070 basehttp "GET /api/campaigns/ HTTP/1.1" 200 2435
[INFO] 2025-09-11 21:37:28,140 basehttp "GET /api/campaigns/12/ HTTP/1.1" 200 1206
[INFO] 2025-09-11 21:37:28,156 basehttp "GET /api/campaigns/12/statistics/ HTTP/1.1" 200 391
[INFO] 2025-09-11 21:37:28,183 basehttp "GET /api/campaigns/12/messages/ HTTP/1.1" 200 537
[INFO] 2025-09-11 21:37:28,227 basehttp "GET /api/campaigns/12/messages/ HTTP/1.1" 200 537
[INFO] 2025-09-11 21:39:45,427 webhook_handler Received webhook: {
  "object": "whatsapp_business_account",
  "entry": [
    {
      "id": "114374441730441",
      "changes": [
        {
          "value": {
            "messaging_product": "whatsapp",
            "metadata": {
              "display_phone_number": "917996002222",
              "phone_number_id": "114392571729051"
            },
            "statuses": [
              {
                "id": "wamid.HBgMOTE3NzAyODI4ODExFQIAERgSQkYwM0M2REFDQjFBRTNBODgzAA==",
                "status": "sent",
                "timestamp": "1757325290",
                "recipient_id": "917702828811",
                "conversation": {
                  "id": "2559da0f5bc3e28f5a086e3d2775d6bc",
                  "expiration_timestamp": "1757325290",
                  "origin": {
                    "type": "marketing"
                  }
                },
                "pricing": {
                  "billable": true,
                  "pricing_model": "PMP",
                  "category": "marketing",
                  "type": "regular"
                }
              }
            ]
          },
          "field": "messages"
        }
      ]
    }
  ]
}
[INFO] 2025-09-11 21:39:45,451 basehttp "POST /api/webhook/whatsapp/ HTTP/1.1" 200 22
[INFO] 2025-09-11 21:39:45,583 webhook_processor Processing status update: wamid.HBgMOTE3NzAyODI4ODExFQIAERgSQkYwM0M2REFDQjFBRTNBODgzAA== -> sent
[WARNING] 2025-09-11 21:39:45,591 webhook_processor Message not found for ID: wamid.HBgMOTE3NzAyODI4ODExFQIAERgSQkYwM0M2REFDQjFBRTNBODgzAA==
[INFO] 2025-09-11 21:45:00,204 tasks Checking 0 running campaigns for completion
[INFO] 2025-09-11 21:47:40,585 views User logged in: campaign_user
[INFO] 2025-09-11 21:47:40,690 basehttp "POST /api/auth/login/ HTTP/1.1" 200 308
[INFO] 2025-09-11 21:47:40,767 basehttp "GET /api/stats/ HTTP/1.1" 200 225
[INFO] 2025-09-11 21:48:07,048 basehttp "GET /api/campaigns/ HTTP/1.1" 200 2435
[INFO] 2025-09-11 21:48:07,185 basehttp "GET /api/campaigns/12/ HTTP/1.1" 200 1206
[INFO] 2025-09-11 21:48:07,208 basehttp "GET /api/campaigns/12/statistics/ HTTP/1.1" 200 391
[INFO] 2025-09-11 21:48:07,292 basehttp "GET /api/campaigns/12/messages/ HTTP/1.1" 200 537
[INFO] 2025-09-11 21:48:12,724 basehttp "GET /api/campaigns/ HTTP/1.1" 200 2435
[INFO] 2025-09-11 21:48:12,754 basehttp "GET /api/campaigns/12/messages/ HTTP/1.1" 200 537
[INFO] 2025-09-11 21:48:13,627 basehttp "GET /api/campaigns/12/ HTTP/1.1" 200 1206
[INFO] 2025-09-11 21:48:13,641 basehttp "GET /api/campaigns/12/statistics/ HTTP/1.1" 200 391
[INFO] 2025-09-11 21:48:13,693 basehttp "GET /api/campaigns/12/messages/ HTTP/1.1" 200 537
[INFO] 2025-09-11 21:48:19,867 basehttp "GET /api/campaigns/ HTTP/1.1" 200 2435
[INFO] 2025-09-11 21:48:19,929 basehttp "GET /api/campaigns/12/ HTTP/1.1" 200 1206
[INFO] 2025-09-11 21:48:19,943 basehttp "GET /api/campaigns/12/statistics/ HTTP/1.1" 200 391
[INFO] 2025-09-11 21:48:19,982 basehttp "GET /api/campaigns/12/messages/ HTTP/1.1" 200 537
[INFO] 2025-09-11 21:51:24,919 basehttp "GET /admin/campaigns/campaign/ HTTP/1.1" 302 0
[INFO] 2025-09-11 21:51:24,933 basehttp "GET /admin/login/?next=/admin/campaigns/campaign/ HTTP/1.1" 200 4219
[INFO] 2025-09-11 21:51:25,112 basehttp "GET /static/admin/css/dark_mode.css HTTP/1.1" 200 2929
[INFO] 2025-09-11 21:51:25,116 basehttp "GET /static/admin/js/theme.js HTTP/1.1" 200 1943
[INFO] 2025-09-11 21:51:25,118 basehttp "GET /static/admin/css/login.css HTTP/1.1" 200 958
[INFO] 2025-09-11 21:51:25,118 basehttp "GET /static/admin/css/nav_sidebar.css HTTP/1.1" 200 2694
[INFO] 2025-09-11 21:51:25,119 basehttp "GET /static/admin/js/nav_sidebar.js HTTP/1.1" 200 3063
[INFO] 2025-09-11 21:51:25,120 basehttp "GET /static/admin/css/responsive.css HTTP/1.1" 200 18533
[INFO] 2025-09-11 21:51:25,120 basehttp "GET /static/admin/css/base.css HTTP/1.1" 200 21207
[WARNING] 2025-09-11 21:51:25,226 log Not Found: /favicon.ico
[WARNING] 2025-09-11 21:51:25,227 basehttp "GET /favicon.ico HTTP/1.1" 404 2587
[INFO] 2025-09-11 21:51:28,951 basehttp "POST /admin/login/?next=/admin/campaigns/campaign/ HTTP/1.1" 302 0
[INFO] 2025-09-11 21:51:29,003 basehttp "GET /admin/campaigns/campaign/ HTTP/1.1" 200 19732
[INFO] 2025-09-11 21:51:29,077 basehttp "GET /static/admin/js/admin/RelatedObjectLookups.js HTTP/1.1" 200 8943
[INFO] 2025-09-11 21:51:29,079 basehttp "GET /static/admin/js/core.js HTTP/1.1" 200 5682
[INFO] 2025-09-11 21:51:29,079 basehttp "GET /static/admin/css/changelists.css HTTP/1.1" 200 6566
[INFO] 2025-09-11 21:51:29,081 basehttp "GET /static/admin/js/jquery.init.js HTTP/1.1" 200 347
[INFO] 2025-09-11 21:51:29,087 basehttp "GET /static/admin/js/prepopulate.js HTTP/1.1" 200 1531
[INFO] 2025-09-11 21:51:29,090 basehttp "GET /static/admin/js/urlify.js HTTP/1.1" 200 7887
[INFO] 2025-09-11 21:51:29,092 basehttp "GET /admin/jsi18n/ HTTP/1.1" 200 3343
[INFO] 2025-09-11 21:51:29,092 basehttp "GET /static/admin/js/actions.js HTTP/1.1" 200 7872
[INFO] 2025-09-11 21:51:29,096 basehttp "GET /static/admin/js/vendor/xregexp/xregexp.js HTTP/1.1" 200 232381
[INFO] 2025-09-11 21:51:29,098 basehttp "GET /static/admin/js/vendor/jquery/jquery.js HTTP/1.1" 200 292458
[INFO] 2025-09-11 21:51:29,099 basehttp "GET /static/admin/js/filters.js HTTP/1.1" 200 978
[INFO] 2025-09-11 21:51:29,140 basehttp "GET /static/admin/img/search.svg HTTP/1.1" 200 458
[INFO] 2025-09-11 21:51:29,170 basehttp "GET /static/admin/img/icon-addlink.svg HTTP/1.1" 200 331
[INFO] 2025-09-11 21:51:29,171 basehttp "GET /static/admin/img/tooltag-add.svg HTTP/1.1" 200 331
[INFO] 2025-09-11 21:51:29,171 basehttp "GET /static/admin/img/sorting-icons.svg HTTP/1.1" 200 1097
[INFO] 2025-09-11 21:51:49,909 views User logged in: campaign_user
[INFO] 2025-09-11 21:51:50,019 basehttp "POST /api/auth/login/ HTTP/1.1" 200 308
[INFO] 2025-09-11 21:51:50,095 basehttp "GET /api/stats/ HTTP/1.1" 200 225
[INFO] 2025-09-11 21:51:54,955 basehttp "GET /api/stats/ HTTP/1.1" 200 225
[INFO] 2025-09-11 21:51:55,536 basehttp "GET /api/campaigns/ HTTP/1.1" 200 2435
[INFO] 2025-09-11 21:51:55,670 basehttp "GET /api/campaigns/12/ HTTP/1.1" 200 1206
[INFO] 2025-09-11 21:51:55,691 basehttp "GET /api/campaigns/12/statistics/ HTTP/1.1" 200 391
[INFO] 2025-09-11 21:51:55,782 basehttp "GET /api/campaigns/12/messages/ HTTP/1.1" 200 537
[INFO] 2025-09-11 21:51:57,283 basehttp "GET /api/campaigns/ HTTP/1.1" 200 2435
[INFO] 2025-09-11 21:51:57,407 basehttp "GET /api/campaigns/ HTTP/1.1" 200 2435
[INFO] 2025-09-11 21:51:57,498 basehttp "GET /api/campaigns/12/ HTTP/1.1" 200 1206
[INFO] 2025-09-11 21:51:57,517 basehttp "GET /api/campaigns/12/statistics/ HTTP/1.1" 200 391
[INFO] 2025-09-11 21:51:57,575 basehttp "GET /api/campaigns/12/messages/ HTTP/1.1" 200 537
[INFO] 2025-09-11 21:51:59,370 basehttp "GET /api/campaigns/ HTTP/1.1" 200 2435
[INFO] 2025-09-11 21:51:59,485 basehttp "GET /api/campaigns/ HTTP/1.1" 200 2435
[INFO] 2025-09-11 21:51:59,553 basehttp "GET /api/campaigns/12/ HTTP/1.1" 200 1206
[INFO] 2025-09-11 21:51:59,567 basehttp "GET /api/campaigns/12/statistics/ HTTP/1.1" 200 391
[INFO] 2025-09-11 21:51:59,618 basehttp "GET /api/campaigns/12/messages/ HTTP/1.1" 200 537
[INFO] 2025-09-11 21:52:31,225 basehttp "GET /api/campaigns/ HTTP/1.1" 200 2435
[INFO] 2025-09-11 21:52:31,381 basehttp "GET /api/campaigns/ HTTP/1.1" 200 2435
[INFO] 2025-09-11 21:52:31,521 basehttp "GET /api/campaigns/12/ HTTP/1.1" 200 1206
[INFO] 2025-09-11 21:52:31,538 basehttp "GET /api/campaigns/12/statistics/ HTTP/1.1" 200 391
[INFO] 2025-09-11 21:52:31,594 basehttp "GET /api/campaigns/12/messages/ HTTP/1.1" 200 537
[INFO] 2025-09-11 21:55:00,212 tasks Checking 0 running campaigns for completion
[INFO] 2025-09-11 21:55:51,027 views User logged in: campaign_user
[INFO] 2025-09-11 21:55:51,235 basehttp "POST /api/auth/login/ HTTP/1.1" 200 308
[INFO] 2025-09-11 21:55:51,346 basehttp "GET /api/stats/ HTTP/1.1" 200 225
[INFO] 2025-09-11 21:55:54,294 basehttp "GET /api/stats/ HTTP/1.1" 200 225
[INFO] 2025-09-11 21:55:54,883 basehttp "GET /api/campaigns/ HTTP/1.1" 200 2435
[INFO] 2025-09-11 21:56:00,292 basehttp "GET /api/campaigns/ HTTP/1.1" 200 2435
[INFO] 2025-09-11 21:56:00,409 basehttp "GET /api/campaigns/ HTTP/1.1" 200 2435
[INFO] 2025-09-11 21:56:00,446 basehttp "GET /api/campaigns/12/ HTTP/1.1" 200 1206
[INFO] 2025-09-11 21:56:00,469 basehttp "GET /api/campaigns/12/statistics/ HTTP/1.1" 200 391
[INFO] 2025-09-11 21:56:00,560 basehttp "GET /api/campaigns/12/messages/ HTTP/1.1" 200 537
[INFO] 2025-09-11 22:05:00,240 tasks Checking 0 running campaigns for completion
[INFO] 2025-09-11 22:09:28,949 views User logged in: campaign_user
[INFO] 2025-09-11 22:09:29,140 basehttp "POST /api/auth/login/ HTTP/1.1" 200 308
[INFO] 2025-09-11 22:09:29,210 basehttp "GET /api/stats/ HTTP/1.1" 200 225
[INFO] 2025-09-11 22:09:52,288 basehttp "GET /api/campaigns/?page=1 HTTP/1.1" 200 2435
[INFO] 2025-09-11 22:09:55,319 basehttp "GET /api/campaigns/?page=1 HTTP/1.1" 200 2435
[INFO] 2025-09-11 22:09:55,435 basehttp "GET /api/campaigns/?page=1 HTTP/1.1" 200 2435
[INFO] 2025-09-11 22:09:55,467 basehttp "GET /api/campaigns/12/ HTTP/1.1" 200 1206
[INFO] 2025-09-11 22:09:55,486 basehttp "GET /api/campaigns/12/statistics/ HTTP/1.1" 200 391
[INFO] 2025-09-11 22:09:55,582 basehttp "GET /api/campaigns/12/messages/ HTTP/1.1" 200 537
[INFO] 2025-09-11 22:09:58,610 basehttp "GET /api/campaigns/?page=1 HTTP/1.1" 200 2435
[INFO] 2025-09-11 22:10:12,709 basehttp "GET /api/campaigns/?page=1 HTTP/1.1" 200 2435
[INFO] 2025-09-11 22:10:12,816 basehttp "GET /api/campaigns/?page=1 HTTP/1.1" 200 2435
[INFO] 2025-09-11 22:10:18,174 basehttp "GET /api/campaigns/?page=1 HTTP/1.1" 200 2435
[INFO] 2025-09-11 22:10:18,298 basehttp "GET /api/campaigns/?page=1 HTTP/1.1" 200 2435
[INFO] 2025-09-11 22:11:14,232 basehttp "POST /api/validate-file/ HTTP/1.1" 200 216
[INFO] 2025-09-11 22:11:17,361 views Campaign created: 13, processing file: 13
[INFO] 2025-09-11 22:11:17,383 basehttp "POST /api/campaigns/ HTTP/1.1" 201 701
[INFO] 2025-09-11 22:11:17,825 tasks Processing file: test_contacts.csv
[INFO] 2025-09-11 22:11:18,633 tasks File processed: 2 valid, 0 invalid rows
[INFO] 2025-09-11 22:14:23,826 views User logged in: campaign_user
[INFO] 2025-09-11 22:14:23,925 basehttp "POST /api/auth/login/ HTTP/1.1" 200 308
[INFO] 2025-09-11 22:14:24,034 basehttp "GET /api/stats/ HTTP/1.1" 200 237
[INFO] 2025-09-11 22:15:13,057 basehttp "GET /api/stats/ HTTP/1.1" 200 237
[INFO] 2025-09-11 22:15:36,561 basehttp "POST /api/validate-file/ HTTP/1.1" 200 216
[INFO] 2025-09-11 22:15:52,325 views Campaign created: 14, processing file: 14
[INFO] 2025-09-11 22:15:52,335 basehttp "POST /api/campaigns/ HTTP/1.1" 201 701
[INFO] 2025-09-11 22:15:52,703 tasks Processing file: test_contacts.csv
[INFO] 2025-09-11 22:15:53,319 tasks File processed: 2 valid, 0 invalid rows
[INFO] 2025-09-11 22:16:05,703 basehttp "GET /api/campaigns/?page=1 HTTP/1.1" 200 2911
[INFO] 2025-09-11 22:21:41,069 views User logged in: campaign_user
[INFO] 2025-09-11 22:21:41,300 basehttp "POST /api/auth/login/ HTTP/1.1" 200 308
[INFO] 2025-09-11 22:21:41,387 basehttp "GET /api/stats/ HTTP/1.1" 200 237
[INFO] 2025-09-11 22:21:48,134 basehttp "GET /api/campaigns/?page=1 HTTP/1.1" 200 2911
[INFO] 2025-09-11 22:22:07,618 basehttp "POST /api/validate-file/ HTTP/1.1" 200 216
[INFO] 2025-09-11 22:22:11,665 views Campaign created: 15, processing file: 15
[INFO] 2025-09-11 22:22:11,675 basehttp "POST /api/campaigns/ HTTP/1.1" 201 701
[INFO] 2025-09-11 22:22:11,863 tasks Processing file: test_contacts.csv
[INFO] 2025-09-11 22:22:12,600 tasks File processed: 2 valid, 0 invalid rows
[INFO] 2025-09-11 22:27:37,565 views User logged in: campaign_user
[INFO] 2025-09-11 22:27:37,739 basehttp "POST /api/auth/login/ HTTP/1.1" 200 308
[INFO] 2025-09-11 22:27:37,816 basehttp "GET /api/stats/ HTTP/1.1" 200 237
[INFO] 2025-09-11 22:27:52,945 basehttp "GET /api/stats/ HTTP/1.1" 200 237
[INFO] 2025-09-11 22:28:12,410 basehttp "POST /api/validate-file/ HTTP/1.1" 200 216
[INFO] 2025-09-11 22:28:14,630 views Campaign created: 16, processing file: 16
[INFO] 2025-09-11 22:28:14,640 basehttp "POST /api/campaigns/ HTTP/1.1" 201 701
[INFO] 2025-09-11 22:28:14,878 tasks Processing file: test_contacts.csv
[INFO] 2025-09-11 22:28:15,246 tasks File processed: 2 valid, 0 invalid rows
[INFO] 2025-09-11 22:28:38,710 basehttp "GET /api/campaigns/?page=1 HTTP/1.1" 200 3387
[INFO] 2025-09-11 22:28:38,736 basehttp "GET /api/campaigns/16/ HTTP/1.1" 200 1094
[INFO] 2025-09-11 22:28:38,750 basehttp "GET /api/campaigns/16/statistics/ HTTP/1.1" 200 339
[INFO] 2025-09-11 22:28:38,780 basehttp "GET /api/campaigns/16/messages/ HTTP/1.1" 200 491
[INFO] 2025-09-11 22:28:45,540 basehttp "GET /api/campaigns/?page=1 HTTP/1.1" 200 3387
[INFO] 2025-09-11 22:28:45,577 basehttp "GET /api/campaigns/16/ HTTP/1.1" 200 1094
[INFO] 2025-09-11 22:28:45,596 basehttp "GET /api/campaigns/16/statistics/ HTTP/1.1" 200 339
[INFO] 2025-09-11 22:28:45,735 views Campaign started: 16
[INFO] 2025-09-11 22:28:45,742 basehttp "POST /api/campaigns/16/start/ HTTP/1.1" 200 1168
[INFO] 2025-09-11 22:28:45,787 tasks Starting campaign: 16
[INFO] 2025-09-11 22:28:45,791 tasks Found 2 messages to send
[INFO] 2025-09-11 22:28:45,795 tasks Scheduled message 19 with 0s delay
[INFO] 2025-09-11 22:28:45,797 tasks Scheduled message 20 with 2s delay
[INFO] 2025-09-11 22:28:46,862 basehttp "GET /api/campaigns/?page=1 HTTP/1.1" 200 3387
[INFO] 2025-09-11 22:28:46,895 basehttp "GET /api/campaigns/16/ HTTP/1.1" 200 1119
[INFO] 2025-09-11 22:28:46,913 basehttp "GET /api/campaigns/16/statistics/ HTTP/1.1" 200 364
[INFO] 2025-09-11 22:28:46,998 basehttp "GET /api/campaigns/16/messages/ HTTP/1.1" 200 491
[INFO] 2025-09-11 22:28:47,195 tasks Sending message to +917702828811
[INFO] 2025-09-11 22:28:47,198 whatsapp_360_client Sending WhatsApp message to 917702828811 using template sample_template_txt
[INFO] 2025-09-11 22:28:48,850 whatsapp_360_client Message sent successfully. Message ID: wamid.HBgMOTE3NzAyODI4ODExFQIAERgSMDlERTNCNDA3NTk5NzBEMjUwAA==
[INFO] 2025-09-11 22:28:49,140 tasks Sending message to +919538095601
[INFO] 2025-09-11 22:28:49,183 whatsapp_360_client Sending WhatsApp message to 919538095601 using template sample_template_txt
[INFO] 2025-09-11 22:28:49,245 tasks Message sent successfully to +917702828811, Message ID: wamid.HBgMOTE3NzAyODI4ODExFQIAERgSMDlERTNCNDA3NTk5NzBEMjUwAA==
[INFO] 2025-09-11 22:28:49,431 tasks Campaign 16 still has 1 pending messages
[INFO] 2025-09-11 22:28:50,325 webhook_handler Received webhook: {
  "object": "whatsapp_business_account",
  "entry": [
    {
      "id": "114374441730441",
      "changes": [
        {
          "value": {
            "messaging_product": "whatsapp",
            "metadata": {
              "display_phone_number": "917996002222",
              "phone_number_id": "114392571729051"
            },
            "statuses": [
              {
                "id": "wamid.HBgMOTE3NzAyODI4ODExFQIAERgSMDlERTNCNDA3NTk5NzBEMjUwAA==",
                "status": "failed",
                "timestamp": "1757629729",
                "recipient_id": "917702828811",
                "errors": [
                  {
                    "code": 131049,
                    "title": "This message was not delivered to maintain healthy ecosystem engagement.",
                    "message": "This message was not delivered to maintain healthy ecosystem engagement.",
                    "error_data": {
                      "details": "In order to maintain a healthy ecosystem engagement, the message failed to be delivered."
                    },
                    "href": "https://developers.facebook.com/docs/whatsapp/cloud-api/support/error-codes/"
                  }
                ]
              }
            ]
          },
          "field": "messages"
        }
      ]
    }
  ]
}
[INFO] 2025-09-11 22:28:50,333 basehttp "POST /api/webhook/whatsapp/ HTTP/1.1" 200 22
[INFO] 2025-09-11 22:28:50,496 webhook_processor Processing status update: wamid.HBgMOTE3NzAyODI4ODExFQIAERgSMDlERTNCNDA3NTk5NzBEMjUwAA== -> failed
[INFO] 2025-09-11 22:28:50,645 whatsapp_360_client Message sent successfully. Message ID: wamid.HBgMOTE5NTM4MDk1NjAxFQIAERgSMjhDQTYwNEJCRjFDQTc4Q0E0AA==
[INFO] 2025-09-11 22:28:50,745 webhook_processor Updated message wamid.HBgMOTE3NzAyODI4ODExFQIAERgSMDlERTNCNDA3NTk5NzBEMjUwAA==: sent -> failed
[INFO] 2025-09-11 22:28:51,028 tasks Message sent successfully to +919538095601, Message ID: wamid.HBgMOTE5NTM4MDk1NjAxFQIAERgSMjhDQTYwNEJCRjFDQTc4Q0E0AA==
[INFO] 2025-09-11 22:28:52,320 webhook_handler Received webhook: {
  "object": "whatsapp_business_account",
  "entry": [
    {
      "id": "114374441730441",
      "changes": [
        {
          "value": {
            "messaging_product": "whatsapp",
            "metadata": {
              "display_phone_number": "917996002222",
              "phone_number_id": "114392571729051"
            },
            "statuses": [
              {
                "id": "wamid.HBgMOTE5NTM4MDk1NjAxFQIAERgSMjhDQTYwNEJCRjFDQTc4Q0E0AA==",
                "status": "failed",
                "timestamp": "1757629730",
                "recipient_id": "919538095601",
                "errors": [
                  {
                    "code": 131049,
                    "title": "This message was not delivered to maintain healthy ecosystem engagement.",
                    "message": "This message was not delivered to maintain healthy ecosystem engagement.",
                    "error_data": {
                      "details": "In order to maintain a healthy ecosystem engagement, the message failed to be delivered."
                    },
                    "href": "https://developers.facebook.com/docs/whatsapp/cloud-api/support/error-codes/"
                  }
                ]
              }
            ]
          },
          "field": "messages"
        }
      ]
    }
  ]
}
[INFO] 2025-09-11 22:28:52,332 basehttp "POST /api/webhook/whatsapp/ HTTP/1.1" 200 22
[INFO] 2025-09-11 22:28:52,763 webhook_processor Processing status update: wamid.HBgMOTE5NTM4MDk1NjAxFQIAERgSMjhDQTYwNEJCRjFDQTc4Q0E0AA== -> failed
[INFO] 2025-09-11 22:28:53,071 webhook_processor Updated message wamid.HBgMOTE5NTM4MDk1NjAxFQIAERgSMjhDQTYwNEJCRjFDQTc4Q0E0AA==: sent -> failed
[INFO] 2025-09-11 22:29:12,277 basehttp "GET /api/campaigns/?page=1 HTTP/1.1" 200 3389
[INFO] 2025-09-11 22:29:12,400 basehttp "GET /api/campaigns/?page=1 HTTP/1.1" 200 3389
[INFO] 2025-09-11 22:29:12,431 basehttp "GET /api/campaigns/16/ HTTP/1.1" 200 1339
[INFO] 2025-09-11 22:29:12,450 basehttp "GET /api/campaigns/16/statistics/ HTTP/1.1" 200 366
[INFO] 2025-09-11 22:29:12,511 basehttp "GET /api/campaigns/16/messages/ HTTP/1.1" 200 709
[INFO] 2025-09-11 22:29:15,588 basehttp "GET /api/campaigns/?page=1 HTTP/1.1" 200 3389
[INFO] 2025-09-11 22:29:15,710 basehttp "GET /api/campaigns/?page=1 HTTP/1.1" 200 3389
[INFO] 2025-09-11 22:29:15,742 basehttp "GET /api/campaigns/16/ HTTP/1.1" 200 1339
[INFO] 2025-09-11 22:29:15,766 basehttp "GET /api/campaigns/16/statistics/ HTTP/1.1" 200 366
[INFO] 2025-09-11 22:29:15,833 basehttp "GET /api/campaigns/16/messages/ HTTP/1.1" 200 709
[INFO] 2025-09-11 22:30:00,229 tasks Checking 1 running campaigns for completion
[INFO] 2025-09-11 22:30:00,232 tasks Queued completion check for campaign 16
[INFO] 2025-09-11 22:35:00,222 tasks Checking 1 running campaigns for completion
[INFO] 2025-09-11 22:35:00,231 tasks Queued completion check for campaign 16
[INFO] 2025-09-11 22:36:47,856 views User logged in: campaign_user
[INFO] 2025-09-11 22:36:47,984 basehttp "POST /api/auth/login/ HTTP/1.1" 200 308
[INFO] 2025-09-11 22:36:48,062 basehttp "GET /api/stats/ HTTP/1.1" 200 250
[INFO] 2025-09-11 22:36:53,381 basehttp "GET /api/stats/ HTTP/1.1" 200 250
[INFO] 2025-09-11 22:36:53,961 basehttp "GET /api/campaigns/?page=1 HTTP/1.1" 200 3389
[INFO] 2025-09-11 22:36:58,675 basehttp "GET /api/campaigns/?page=1 HTTP/1.1" 200 3389
[INFO] 2025-09-11 22:36:58,805 basehttp "GET /api/campaigns/?page=1 HTTP/1.1" 200 3389
[INFO] 2025-09-11 22:36:58,839 basehttp "GET /api/campaigns/16/ HTTP/1.1" 200 1339
[INFO] 2025-09-11 22:36:58,858 basehttp "GET /api/campaigns/16/statistics/ HTTP/1.1" 200 366
[INFO] 2025-09-11 22:36:58,909 basehttp "GET /api/campaigns/16/messages/ HTTP/1.1" 200 709
[INFO] 2025-09-11 22:37:17,696 basehttp "GET /api/campaigns/?page=1 HTTP/1.1" 200 3389
[INFO] 2025-09-11 22:37:17,822 basehttp "GET /api/campaigns/?page=1 HTTP/1.1" 200 3389
[INFO] 2025-09-11 22:37:17,864 basehttp "GET /api/campaigns/16/ HTTP/1.1" 200 1339
[INFO] 2025-09-11 22:37:17,891 basehttp "GET /api/campaigns/16/statistics/ HTTP/1.1" 200 366
[INFO] 2025-09-11 22:37:17,974 basehttp "GET /api/campaigns/16/messages/ HTTP/1.1" 200 709
[INFO] 2025-09-11 22:37:35,158 basehttp "GET /api/campaigns/?page=1 HTTP/1.1" 200 3389
[INFO] 2025-09-11 22:37:35,192 basehttp "GET /api/campaigns/16/ HTTP/1.1" 200 1339
[INFO] 2025-09-11 22:37:35,210 basehttp "GET /api/campaigns/16/statistics/ HTTP/1.1" 200 366
[WARNING] 2025-09-11 22:37:35,245 log Not Found: /api/campaigns/16/check-status/
[WARNING] 2025-09-11 22:37:35,245 basehttp "POST /api/campaigns/16/check-status/ HTTP/1.1" 404 8167
[INFO] 2025-09-11 22:37:35,285 basehttp "GET /api/campaigns/16/messages/ HTTP/1.1" 200 709
[INFO] 2025-09-11 22:37:43,043 basehttp "GET /api/campaigns/?page=1 HTTP/1.1" 200 3389
[INFO] 2025-09-11 22:37:43,072 basehttp "GET /api/campaigns/16/ HTTP/1.1" 200 1339
[INFO] 2025-09-11 22:37:43,087 basehttp "GET /api/campaigns/16/statistics/ HTTP/1.1" 200 366
[WARNING] 2025-09-11 22:37:43,111 log Not Found: /api/campaigns/16/check-status/
[WARNING] 2025-09-11 22:37:43,111 basehttp "POST /api/campaigns/16/check-status/ HTTP/1.1" 404 8167
[INFO] 2025-09-11 22:37:43,144 basehttp "GET /api/campaigns/16/messages/ HTTP/1.1" 200 709
[INFO] 2025-09-11 22:39:27,210 autoreload /home/sohan/whatsapp-campaign/campaigns/views.py changed, reloading.
[INFO] 2025-09-11 22:39:28,622 autoreload Watching for file changes with StatReloader
[INFO] 2025-09-11 22:40:00,728 tasks Checking 1 running campaigns for completion
[INFO] 2025-09-11 22:40:00,733 tasks Queued completion check for campaign 16
[INFO] 2025-09-11 22:41:50,170 autoreload Watching for file changes with StatReloader
[WARNING] 2025-09-11 22:43:46,851 log Unauthorized: /api/campaigns/1/check-status/
[WARNING] 2025-09-11 22:43:46,852 basehttp "POST /api/campaigns/1/check-status/ HTTP/1.1" 401 27
[INFO] 2025-09-11 22:44:10,990 autoreload /home/sohan/whatsapp-campaign/campaigns/views.py changed, reloading.
[INFO] 2025-09-11 22:44:12,478 autoreload Watching for file changes with StatReloader
[INFO] 2025-09-11 22:45:00,253 tasks Checking 1 running campaigns for completion
[INFO] 2025-09-11 22:45:00,260 tasks Queued completion check for campaign 16
[INFO] 2025-09-11 22:45:41,810 views User logged in: campaign_user
[INFO] 2025-09-11 22:45:41,974 basehttp "POST /api/auth/login/ HTTP/1.1" 200 308
[INFO] 2025-09-11 22:45:42,038 basehttp "GET /api/stats/ HTTP/1.1" 200 250
[INFO] 2025-09-11 22:45:47,101 basehttp "GET /api/stats/ HTTP/1.1" 200 250
[INFO] 2025-09-11 22:45:47,778 basehttp "GET /api/campaigns/?page=1 HTTP/1.1" 200 3389
[INFO] 2025-09-11 22:45:55,401 basehttp "GET /api/campaigns/?page=1 HTTP/1.1" 200 3389
[INFO] 2025-09-11 22:45:55,529 basehttp "GET /api/campaigns/?page=1 HTTP/1.1" 200 3389
[INFO] 2025-09-11 22:45:55,565 basehttp "GET /api/campaigns/16/ HTTP/1.1" 200 1339
[INFO] 2025-09-11 22:45:55,583 basehttp "GET /api/campaigns/16/statistics/ HTTP/1.1" 200 366
[INFO] 2025-09-11 22:45:55,640 basehttp "GET /api/campaigns/16/messages/ HTTP/1.1" 200 709
[INFO] 2025-09-11 22:45:58,544 basehttp "GET /api/campaigns/?page=1 HTTP/1.1" 200 3389
[INFO] 2025-09-11 22:45:58,581 basehttp "GET /api/campaigns/16/ HTTP/1.1" 200 1339
[INFO] 2025-09-11 22:45:58,602 basehttp "GET /api/campaigns/16/statistics/ HTTP/1.1" 200 366
[INFO] 2025-09-11 22:45:58,744 views Campaign 16 marked as completed after status check
[INFO] 2025-09-11 22:45:58,756 basehttp "POST /api/campaigns/16/check-status/ HTTP/1.1" 200 1449
[INFO] 2025-09-11 22:45:59,881 basehttp "GET /api/campaigns/?page=1 HTTP/1.1" 200 3391
[INFO] 2025-09-11 22:45:59,917 basehttp "GET /api/campaigns/16/ HTTP/1.1" 200 1378
[INFO] 2025-09-11 22:45:59,936 basehttp "GET /api/campaigns/16/statistics/ HTTP/1.1" 200 393
[INFO] 2025-09-11 22:45:59,990 basehttp "GET /api/campaigns/16/messages/ HTTP/1.1" 200 709
[INFO] 2025-09-11 22:46:08,977 basehttp "GET /api/campaigns/?page=1 HTTP/1.1" 200 3391
[INFO] 2025-09-11 22:46:22,415 basehttp "GET /api/campaigns/?page=1 HTTP/1.1" 200 3391
[INFO] 2025-09-11 22:46:22,638 basehttp "GET /api/campaigns/?page=1 HTTP/1.1" 200 3391
[INFO] 2025-09-12 06:46:25,367 autoreload Watching for file changes with StatReloader
[INFO] 2025-09-12 06:49:28,409 autoreload Watching for file changes with StatReloader
[INFO] 2025-09-12 06:52:06,559 views User logged in: campaign_user
[INFO] 2025-09-12 06:52:06,916 basehttp "POST /api/auth/login/ HTTP/1.1" 200 308
[INFO] 2025-09-12 06:52:07,043 basehttp "GET /api/stats/ HTTP/1.1" 200 238
[INFO] 2025-09-12 06:52:21,705 basehttp "GET /api/stats/ HTTP/1.1" 200 238
[INFO] 2025-09-12 06:52:21,794 basehttp "GET /api/campaigns/?page=1 HTTP/1.1" 200 3391
[INFO] 2025-09-12 06:52:32,675 basehttp "GET /api/campaigns/?page=1 HTTP/1.1" 200 3391
[INFO] 2025-09-12 06:52:50,757 basehttp "GET /api/campaigns/?page=1 HTTP/1.1" 200 3391
[INFO] 2025-09-12 06:52:50,915 basehttp "GET /api/campaigns/?page=1 HTTP/1.1" 200 3391
[INFO] 2025-09-12 06:52:50,998 basehttp "GET /api/campaigns/15/ HTTP/1.1" 200 1094
[INFO] 2025-09-12 06:52:51,023 basehttp "GET /api/campaigns/15/statistics/ HTTP/1.1" 200 339
[INFO] 2025-09-12 06:52:51,068 basehttp "GET /api/campaigns/15/messages/ HTTP/1.1" 200 491
[INFO] 2025-09-12 06:52:54,067 basehttp "GET /api/campaigns/?page=1 HTTP/1.1" 200 3391
[INFO] 2025-09-12 06:52:54,102 basehttp "GET /api/campaigns/15/ HTTP/1.1" 200 1094
[INFO] 2025-09-12 06:52:54,128 basehttp "GET /api/campaigns/15/statistics/ HTTP/1.1" 200 339
[INFO] 2025-09-12 06:52:54,360 views Campaign started: 15
[INFO] 2025-09-12 06:52:54,389 basehttp "POST /api/campaigns/15/start/ HTTP/1.1" 200 1168
[INFO] 2025-09-12 06:52:54,460 tasks Starting campaign: 15
[INFO] 2025-09-12 06:52:54,475 tasks Found 2 messages to send
[INFO] 2025-09-12 06:52:54,515 tasks Scheduled message 17 with 0s delay
[INFO] 2025-09-12 06:52:54,517 tasks Scheduled message 18 with 2s delay
[INFO] 2025-09-12 06:52:54,519 tasks Scheduled completion check in 34s
[INFO] 2025-09-12 06:52:55,527 basehttp "GET /api/campaigns/?page=1 HTTP/1.1" 200 3391
[INFO] 2025-09-12 06:52:55,565 basehttp "GET /api/campaigns/15/ HTTP/1.1" 200 1119
[INFO] 2025-09-12 06:52:55,591 basehttp "GET /api/campaigns/15/statistics/ HTTP/1.1" 200 364
[INFO] 2025-09-12 06:52:55,654 basehttp "GET /api/campaigns/15/messages/ HTTP/1.1" 200 491
[INFO] 2025-09-12 06:52:55,855 tasks Sending message to +917702828811
[INFO] 2025-09-12 06:52:55,859 whatsapp_360_client Sending WhatsApp message to 917702828811 using template sample_template_txt
[INFO] 2025-09-12 06:52:57,310 whatsapp_360_client Message sent successfully. Message ID: wamid.HBgMOTE3NzAyODI4ODExFQIAERgSMTYxOTQ2NjE0MTQwNjg2RUExAA==
[INFO] 2025-09-12 06:52:57,524 tasks Message sent successfully to +917702828811, Message ID: wamid.HBgMOTE3NzAyODI4ODExFQIAERgSMTYxOTQ2NjE0MTQwNjg2RUExAA==
[INFO] 2025-09-12 06:52:57,827 tasks Campaign 15 still has 1 pending messages
[INFO] 2025-09-12 06:52:57,926 tasks Sending message to +919538095601
[INFO] 2025-09-12 06:52:57,928 whatsapp_360_client Sending WhatsApp message to 919538095601 using template sample_template_txt
[INFO] 2025-09-12 06:52:59,294 whatsapp_360_client Message sent successfully. Message ID: wamid.HBgMOTE5NTM4MDk1NjAxFQIAERgSRTlCRTI4MDE3QTcwMERCQzA1AA==
[INFO] 2025-09-12 06:52:59,485 tasks Message sent successfully to +919538095601, Message ID: wamid.HBgMOTE5NTM4MDk1NjAxFQIAERgSRTlCRTI4MDE3QTcwMERCQzA1AA==
[INFO] 2025-09-12 06:52:59,787 tasks Campaign 15 marked as completed - all messages sent
[INFO] 2025-09-12 06:53:04,280 basehttp "GET /api/campaigns/?page=1 HTTP/1.1" 200 3395
[INFO] 2025-09-12 06:53:04,321 basehttp "GET /api/campaigns/15/ HTTP/1.1" 200 1206
[INFO] 2025-09-12 06:53:04,345 basehttp "GET /api/campaigns/15/statistics/ HTTP/1.1" 200 391
[INFO] 2025-09-12 06:53:04,400 basehttp "GET /api/campaigns/15/messages/ HTTP/1.1" 200 537
[INFO] 2025-09-12 06:53:27,958 tasks Campaign 15 is not running, status: completed
[INFO] 2025-09-12 06:53:28,617 tasks Campaign 15 is not running, status: completed
[INFO] 2025-09-12 06:53:52,732 basehttp "GET /api/stats/ HTTP/1.1" 200 238
[INFO] 2025-09-12 06:53:52,810 basehttp "GET /api/campaigns/?page=1 HTTP/1.1" 200 3395
[INFO] 2025-09-12 06:53:55,086 basehttp "GET /api/campaigns/?page=1 HTTP/1.1" 200 3395
[INFO] 2025-09-12 06:53:55,129 basehttp "GET /api/campaigns/15/ HTTP/1.1" 200 1206
[INFO] 2025-09-12 06:53:55,150 basehttp "GET /api/campaigns/15/statistics/ HTTP/1.1" 200 391
[INFO] 2025-09-12 06:53:55,205 basehttp "GET /api/campaigns/15/messages/ HTTP/1.1" 200 537
[INFO] 2025-09-12 06:53:58,413 basehttp "GET /api/campaigns/?page=1 HTTP/1.1" 200 3395
[INFO] 2025-09-12 06:54:18,794 basehttp "GET /api/campaigns/?page=1 HTTP/1.1" 200 3395
[INFO] 2025-09-12 06:54:18,969 basehttp "GET /api/campaigns/?page=1 HTTP/1.1" 200 3395
[INFO] 2025-09-12 06:54:19,013 basehttp "GET /api/campaigns/14/ HTTP/1.1" 200 1094
[INFO] 2025-09-12 06:54:19,037 basehttp "GET /api/campaigns/14/statistics/ HTTP/1.1" 200 339
[INFO] 2025-09-12 06:54:19,074 basehttp "GET /api/campaigns/14/messages/ HTTP/1.1" 200 491
[INFO] 2025-09-12 06:54:36,070 basehttp "GET /api/campaigns/?page=1 HTTP/1.1" 200 3395
[INFO] 2025-09-12 06:54:42,522 basehttp "GET /api/campaigns/?page=1 HTTP/1.1" 200 3395
[INFO] 2025-09-12 06:54:42,663 basehttp "GET /api/campaigns/?page=1 HTTP/1.1" 200 3395
[INFO] 2025-09-12 06:54:42,699 basehttp "GET /api/campaigns/14/ HTTP/1.1" 200 1094
[INFO] 2025-09-12 06:54:42,726 basehttp "GET /api/campaigns/14/statistics/ HTTP/1.1" 200 339
[INFO] 2025-09-12 06:54:42,759 basehttp "GET /api/campaigns/14/messages/ HTTP/1.1" 200 491
[INFO] 2025-09-12 06:54:45,150 basehttp "GET /api/campaigns/?page=1 HTTP/1.1" 200 3395
[INFO] 2025-09-12 06:54:50,679 basehttp "GET /api/campaigns/?page=1 HTTP/1.1" 200 3395
[INFO] 2025-09-12 06:54:50,833 basehttp "GET /api/campaigns/?page=1 HTTP/1.1" 200 3395
[INFO] 2025-09-12 06:54:50,866 basehttp "GET /api/campaigns/13/ HTTP/1.1" 200 1094
[INFO] 2025-09-12 06:54:50,890 basehttp "GET /api/campaigns/13/statistics/ HTTP/1.1" 200 339
[INFO] 2025-09-12 06:54:50,924 basehttp "GET /api/campaigns/13/messages/ HTTP/1.1" 200 491
[INFO] 2025-09-12 06:54:53,487 basehttp "GET /api/campaigns/?page=1 HTTP/1.1" 200 3395
[INFO] 2025-09-12 06:54:57,326 basehttp "GET /api/campaigns/?page=1 HTTP/1.1" 200 3395
[INFO] 2025-09-12 06:54:57,461 basehttp "GET /api/campaigns/?page=1 HTTP/1.1" 200 3395
[INFO] 2025-09-12 06:54:57,500 basehttp "GET /api/campaigns/14/ HTTP/1.1" 200 1094
[INFO] 2025-09-12 06:54:57,519 basehttp "GET /api/campaigns/14/statistics/ HTTP/1.1" 200 339
[INFO] 2025-09-12 06:54:57,554 basehttp "GET /api/campaigns/14/messages/ HTTP/1.1" 200 491
[INFO] 2025-09-12 06:55:06,451 basehttp "GET /api/campaigns/?page=1 HTTP/1.1" 200 3395
[INFO] 2025-09-12 06:55:11,503 basehttp "GET /api/campaigns/?page=1 HTTP/1.1" 200 3395
[INFO] 2025-09-12 06:55:11,675 basehttp "GET /api/campaigns/?page=1 HTTP/1.1" 200 3395
[INFO] 2025-09-12 06:55:11,714 basehttp "GET /api/campaigns/15/ HTTP/1.1" 200 1206
[INFO] 2025-09-12 06:55:11,744 basehttp "GET /api/campaigns/15/statistics/ HTTP/1.1" 200 391
[INFO] 2025-09-12 06:55:11,793 basehttp "GET /api/campaigns/15/messages/ HTTP/1.1" 200 537
[INFO] 2025-09-12 06:55:22,999 basehttp "GET /api/campaigns/?page=1 HTTP/1.1" 200 3395
[INFO] 2025-09-12 06:55:32,025 basehttp "GET /api/campaigns/?page=1 HTTP/1.1" 200 3395
[INFO] 2025-09-12 06:55:35,629 basehttp "GET /api/campaigns/?page=1 HTTP/1.1" 200 3395
[INFO] 2025-09-12 06:55:35,666 basehttp "GET /api/campaigns/15/ HTTP/1.1" 200 1206
[INFO] 2025-09-12 06:55:35,689 basehttp "GET /api/campaigns/15/statistics/ HTTP/1.1" 200 391
[INFO] 2025-09-12 06:55:35,746 basehttp "GET /api/campaigns/15/messages/ HTTP/1.1" 200 537
[INFO] 2025-09-12 06:55:42,111 basehttp "GET /api/campaigns/?page=1 HTTP/1.1" 200 3395
[INFO] 2025-09-12 06:55:42,142 basehttp "GET /api/campaigns/15/ HTTP/1.1" 200 1206
[INFO] 2025-09-12 06:55:42,163 basehttp "GET /api/campaigns/15/statistics/ HTTP/1.1" 200 391
[INFO] 2025-09-12 06:55:42,202 basehttp "GET /api/campaigns/15/messages/ HTTP/1.1" 200 537
[INFO] 2025-09-12 06:55:42,738 basehttp "GET /api/campaigns/15/messages/ HTTP/1.1" 200 537
[INFO] 2025-09-12 06:55:47,083 basehttp "GET /api/campaigns/?page=1 HTTP/1.1" 200 3395
[INFO] 2025-09-12 06:55:47,128 basehttp "GET /api/campaigns/15/ HTTP/1.1" 200 1206
[INFO] 2025-09-12 06:55:47,146 basehttp "GET /api/campaigns/15/statistics/ HTTP/1.1" 200 391
[INFO] 2025-09-12 06:55:47,208 basehttp "GET /api/campaigns/15/messages/ HTTP/1.1" 200 537
[INFO] 2025-09-12 07:05:20,344 basehttp "POST /api/validate-file/ HTTP/1.1" 200 216
[INFO] 2025-09-12 07:05:27,655 views Campaign created: 17, processing file: 17
[INFO] 2025-09-12 07:05:27,663 basehttp "POST /api/campaigns/ HTTP/1.1" 201 695
[INFO] 2025-09-12 07:05:28,074 tasks Processing file: test_contacts.csv
[INFO] 2025-09-12 07:05:28,627 tasks File processed: 4 valid, 0 invalid rows
[INFO] 2025-09-12 07:05:39,929 basehttp "GET /api/campaigns/?page=1 HTTP/1.1" 200 3634
[INFO] 2025-09-12 07:05:39,958 basehttp "GET /api/campaigns/17/ HTTP/1.1" 200 1528
[INFO] 2025-09-12 07:05:39,976 basehttp "GET /api/campaigns/17/statistics/ HTTP/1.1" 200 340
[INFO] 2025-09-12 07:05:40,007 basehttp "GET /api/campaigns/17/messages/ HTTP/1.1" 200 931
[INFO] 2025-09-12 07:05:47,362 basehttp "GET /api/campaigns/?page=1 HTTP/1.1" 200 3634
[INFO] 2025-09-12 07:05:47,395 basehttp "GET /api/campaigns/17/ HTTP/1.1" 200 1528
[INFO] 2025-09-12 07:05:47,415 basehttp "GET /api/campaigns/17/statistics/ HTTP/1.1" 200 340
[INFO] 2025-09-12 07:05:47,561 views Campaign started: 17
[INFO] 2025-09-12 07:05:47,575 basehttp "POST /api/campaigns/17/start/ HTTP/1.1" 200 1602
[INFO] 2025-09-12 07:05:47,665 tasks Starting campaign: 17
[INFO] 2025-09-12 07:05:47,668 tasks Found 4 messages to send
[INFO] 2025-09-12 07:05:47,674 tasks Scheduled message 21 with 0s delay
[INFO] 2025-09-12 07:05:47,676 tasks Scheduled message 22 with 2s delay
[INFO] 2025-09-12 07:05:47,678 tasks Scheduled message 23 with 4s delay
[INFO] 2025-09-12 07:05:47,680 tasks Scheduled message 24 with 6s delay
[INFO] 2025-09-12 07:05:47,682 tasks Scheduled completion check in 38s
[INFO] 2025-09-12 07:05:48,747 basehttp "GET /api/campaigns/?page=1 HTTP/1.1" 200 3634
[INFO] 2025-09-12 07:05:48,783 basehttp "GET /api/campaigns/17/ HTTP/1.1" 200 1553
[INFO] 2025-09-12 07:05:48,804 basehttp "GET /api/campaigns/17/statistics/ HTTP/1.1" 200 365
[INFO] 2025-09-12 07:05:48,850 basehttp "GET /api/campaigns/17/messages/ HTTP/1.1" 200 931
[INFO] 2025-09-12 07:05:49,031 tasks Sending message to +917702828811
[INFO] 2025-09-12 07:05:49,035 whatsapp_360_client Sending WhatsApp message to 917702828811 using template welcome_template_txt
[INFO] 2025-09-12 07:05:50,433 whatsapp_360_client Message sent successfully. Message ID: wamid.HBgMOTE3NzAyODI4ODExFQIAERgSNEYwNzExM0Q3QUQ1QTI4MUFGAA==
[INFO] 2025-09-12 07:05:50,625 tasks Message sent successfully to +917702828811, Message ID: wamid.HBgMOTE3NzAyODI4ODExFQIAERgSNEYwNzExM0Q3QUQ1QTI4MUFGAA==
[INFO] 2025-09-12 07:05:50,772 tasks Campaign 17 still has 3 pending messages
[INFO] 2025-09-12 07:05:50,894 tasks Sending message to +919538095601
[INFO] 2025-09-12 07:05:50,901 whatsapp_360_client Sending WhatsApp message to 919538095601 using template welcome_template_txt
[INFO] 2025-09-12 07:05:52,363 whatsapp_360_client Message sent successfully. Message ID: wamid.HBgMOTE5NTM4MDk1NjAxFQIAERgSODI4MzBEMEY4MTc0QjJEQUI2AA==
[INFO] 2025-09-12 07:05:52,611 tasks Message sent successfully to +919538095601, Message ID: wamid.HBgMOTE5NTM4MDk1NjAxFQIAERgSODI4MzBEMEY4MTc0QjJEQUI2AA==
[INFO] 2025-09-12 07:05:52,801 tasks Campaign 17 still has 2 pending messages
[INFO] 2025-09-12 07:05:52,948 tasks Sending message to +919473181958
[INFO] 2025-09-12 07:05:52,956 whatsapp_360_client Sending WhatsApp message to 919473181958 using template welcome_template_txt
[INFO] 2025-09-12 07:05:54,625 whatsapp_360_client Message sent successfully. Message ID: wamid.HBgMOTE5NDczMTgxOTU4FQIAERgSMjdFODhDRjQ1REQ4NTIyQjYwAA==
[INFO] 2025-09-12 07:05:55,125 tasks Sending message to +919577625121
[INFO] 2025-09-12 07:05:55,131 whatsapp_360_client Sending WhatsApp message to 919577625121 using template welcome_template_txt
[INFO] 2025-09-12 07:05:55,233 tasks Message sent successfully to +919473181958, Message ID: wamid.HBgMOTE5NDczMTgxOTU4FQIAERgSMjdFODhDRjQ1REQ4NTIyQjYwAA==
[INFO] 2025-09-12 07:05:55,465 tasks Campaign 17 still has 1 pending messages
[INFO] 2025-09-12 07:05:56,664 whatsapp_360_client Message sent successfully. Message ID: wamid.HBgMOTE5NTc3NjI1MTIxFQIAERgSREJCN0Y3NjA3M0QyNjgzQTNCAA==
[INFO] 2025-09-12 07:05:56,918 tasks Message sent successfully to +919577625121, Message ID: wamid.HBgMOTE5NTc3NjI1MTIxFQIAERgSREJCN0Y3NjA3M0QyNjgzQTNCAA==
[INFO] 2025-09-12 07:05:57,221 tasks Campaign 17 marked as completed - all messages sent
[INFO] 2025-09-12 07:06:18,678 basehttp "GET /api/campaigns/?page=1 HTTP/1.1" 200 3638
[INFO] 2025-09-12 07:06:18,716 basehttp "GET /api/campaigns/17/ HTTP/1.1" 200 1686
[INFO] 2025-09-12 07:06:18,743 basehttp "GET /api/campaigns/17/statistics/ HTTP/1.1" 200 392
[INFO] 2025-09-12 07:06:18,805 basehttp "GET /api/campaigns/17/messages/ HTTP/1.1" 200 1023
[INFO] 2025-09-12 07:06:20,896 tasks Campaign 17 is not running, status: completed
[INFO] 2025-09-12 07:06:22,902 tasks Campaign 17 is not running, status: completed
[INFO] 2025-09-12 07:06:25,577 tasks Campaign 17 is not running, status: completed
[INFO] 2025-09-12 07:06:26,103 tasks Campaign 17 is not running, status: completed
[INFO] 2025-09-12 07:06:28,374 basehttp "GET /api/campaigns/?page=1 HTTP/1.1" 200 3638
[INFO] 2025-09-12 07:06:28,551 basehttp "GET /api/campaigns/?page=1 HTTP/1.1" 200 3638
[INFO] 2025-09-12 07:06:28,586 basehttp "GET /api/campaigns/17/ HTTP/1.1" 200 1686
[INFO] 2025-09-12 07:06:28,607 basehttp "GET /api/campaigns/17/statistics/ HTTP/1.1" 200 392
[INFO] 2025-09-12 07:06:28,666 basehttp "GET /api/campaigns/17/messages/ HTTP/1.1" 200 1023
[INFO] 2025-09-12 07:06:31,118 basehttp "GET /api/campaigns/?page=1 HTTP/1.1" 200 3638
[INFO] 2025-09-12 07:06:31,285 basehttp "GET /api/campaigns/?page=1 HTTP/1.1" 200 3638
[INFO] 2025-09-12 07:06:31,317 basehttp "GET /api/campaigns/17/ HTTP/1.1" 200 1686
[INFO] 2025-09-12 07:06:31,336 basehttp "GET /api/campaigns/17/statistics/ HTTP/1.1" 200 392
[INFO] 2025-09-12 07:06:31,390 basehttp "GET /api/campaigns/17/messages/ HTTP/1.1" 200 1023
[INFO] 2025-09-12 07:06:32,573 basehttp "GET /api/campaigns/?page=1 HTTP/1.1" 200 3638
[INFO] 2025-09-12 07:06:32,698 basehttp "GET /api/campaigns/?page=1 HTTP/1.1" 200 3638
[INFO] 2025-09-12 07:06:32,721 basehttp "GET /api/campaigns/17/ HTTP/1.1" 200 1686
[INFO] 2025-09-12 07:06:32,735 basehttp "GET /api/campaigns/17/statistics/ HTTP/1.1" 200 392
[INFO] 2025-09-12 07:06:32,772 basehttp "GET /api/campaigns/17/messages/ HTTP/1.1" 200 1023
[INFO] 2025-09-12 07:06:33,445 basehttp "GET /api/campaigns/?page=1 HTTP/1.1" 200 3638
[INFO] 2025-09-12 07:06:33,592 basehttp "GET /api/campaigns/?page=1 HTTP/1.1" 200 3638
[INFO] 2025-09-12 07:06:33,635 basehttp "GET /api/campaigns/17/ HTTP/1.1" 200 1686
[INFO] 2025-09-12 07:06:33,662 basehttp "GET /api/campaigns/17/statistics/ HTTP/1.1" 200 392
[INFO] 2025-09-12 07:06:33,715 basehttp "GET /api/campaigns/17/messages/ HTTP/1.1" 200 1023
[INFO] 2025-09-12 07:06:41,344 basehttp "GET /api/campaigns/?page=1 HTTP/1.1" 200 3638
[INFO] 2025-09-12 07:06:41,540 basehttp "GET /api/campaigns/?page=1 HTTP/1.1" 200 3638
[INFO] 2025-09-12 07:06:41,581 basehttp "GET /api/campaigns/17/ HTTP/1.1" 200 1686
[INFO] 2025-09-12 07:06:41,606 basehttp "GET /api/campaigns/17/statistics/ HTTP/1.1" 200 392
[INFO] 2025-09-12 07:06:41,659 basehttp "GET /api/campaigns/17/messages/ HTTP/1.1" 200 1023
[INFO] 2025-09-12 07:06:46,804 basehttp "GET /api/campaigns/?page=1 HTTP/1.1" 200 3638
[INFO] 2025-09-12 07:06:46,936 basehttp "GET /api/campaigns/?page=1 HTTP/1.1" 200 3638
[INFO] 2025-09-12 07:06:46,972 basehttp "GET /api/campaigns/17/ HTTP/1.1" 200 1686
[INFO] 2025-09-12 07:06:46,995 basehttp "GET /api/campaigns/17/statistics/ HTTP/1.1" 200 392
[INFO] 2025-09-12 07:06:47,045 basehttp "GET /api/campaigns/17/messages/ HTTP/1.1" 200 1023
[INFO] 2025-09-12 07:07:09,029 basehttp "GET /admin/ HTTP/1.1" 302 0
[INFO] 2025-09-12 07:07:09,293 basehttp "GET /admin/login/?next=/admin/ HTTP/1.1" 200 4181
[INFO] 2025-09-12 07:07:09,495 basehttp "GET /static/admin/css/dark_mode.css HTTP/1.1" 200 2929
[INFO] 2025-09-12 07:07:09,497 basehttp "GET /static/admin/css/login.css HTTP/1.1" 200 958
[INFO] 2025-09-12 07:07:09,497 basehttp "GET /static/admin/css/nav_sidebar.css HTTP/1.1" 200 2694
[INFO] 2025-09-12 07:07:09,498 basehttp "GET /static/admin/css/base.css HTTP/1.1" 200 21207
[INFO] 2025-09-12 07:07:09,500 basehttp "GET /static/admin/css/responsive.css HTTP/1.1" 200 18533
[INFO] 2025-09-12 07:07:09,514 basehttp "GET /static/admin/js/theme.js HTTP/1.1" 200 1943
[INFO] 2025-09-12 07:07:09,514 basehttp "GET /static/admin/js/nav_sidebar.js HTTP/1.1" 200 3063
[WARNING] 2025-09-12 07:07:10,065 log Not Found: /favicon.ico
[WARNING] 2025-09-12 07:07:10,067 basehttp "GET /favicon.ico HTTP/1.1" 404 2587
[INFO] 2025-09-12 07:07:12,513 basehttp "POST /admin/login/?next=/admin/ HTTP/1.1" 302 0
[INFO] 2025-09-12 07:07:12,643 basehttp "GET /admin/ HTTP/1.1" 200 9524
[INFO] 2025-09-12 07:07:12,752 basehttp "GET /static/admin/css/dashboard.css HTTP/1.1" 200 441
[INFO] 2025-09-12 07:07:12,779 basehttp "GET /static/admin/img/icon-addlink.svg HTTP/1.1" 200 331
[INFO] 2025-09-12 07:07:12,780 basehttp "GET /static/admin/img/icon-changelink.svg HTTP/1.1" 200 380
[INFO] 2025-09-12 07:07:16,837 basehttp "GET /admin/campaigns/message/ HTTP/1.1" 200 25712
[INFO] 2025-09-12 07:07:16,888 basehttp "GET /static/admin/css/changelists.css HTTP/1.1" 200 6566
[INFO] 2025-09-12 07:07:16,911 basehttp "GET /static/admin/js/admin/RelatedObjectLookups.js HTTP/1.1" 200 8943
[INFO] 2025-09-12 07:07:16,911 basehttp "GET /static/admin/js/jquery.init.js HTTP/1.1" 200 347
[INFO] 2025-09-12 07:07:16,913 basehttp "GET /static/admin/js/actions.js HTTP/1.1" 200 7872
[INFO] 2025-09-12 07:07:16,914 basehttp "GET /static/admin/js/core.js HTTP/1.1" 200 5682
[INFO] 2025-09-12 07:07:16,926 basehttp "GET /admin/jsi18n/ HTTP/1.1" 200 3343
[INFO] 2025-09-12 07:07:16,953 basehttp "GET /static/admin/js/prepopulate.js HTTP/1.1" 200 1531
[INFO] 2025-09-12 07:07:16,956 basehttp "GET /static/admin/js/urlify.js HTTP/1.1" 200 7887
[INFO] 2025-09-12 07:07:16,964 basehttp "GET /static/admin/js/vendor/jquery/jquery.js HTTP/1.1" 200 292458
[INFO] 2025-09-12 07:07:16,978 basehttp "GET /static/admin/js/filters.js HTTP/1.1" 200 978
[INFO] 2025-09-12 07:07:16,982 basehttp "GET /static/admin/js/vendor/xregexp/xregexp.js HTTP/1.1" 200 232381
[INFO] 2025-09-12 07:07:17,027 basehttp "GET /static/admin/img/search.svg HTTP/1.1" 200 458
[INFO] 2025-09-12 07:07:17,119 basehttp "GET /static/admin/img/tooltag-add.svg HTTP/1.1" 200 331
[INFO] 2025-09-12 07:07:17,123 basehttp "GET /static/admin/img/sorting-icons.svg HTTP/1.1" 200 1097
[INFO] 2025-09-12 07:07:37,224 basehttp "GET /admin/campaigns/message/23/change/ HTTP/1.1" 200 24080
[INFO] 2025-09-12 07:07:37,292 basehttp "GET /static/admin/css/forms.css HTTP/1.1" 200 9047
[INFO] 2025-09-12 07:07:37,301 basehttp "GET /admin/jsi18n/ HTTP/1.1" 200 3343
[INFO] 2025-09-12 07:07:37,314 basehttp "GET /static/admin/js/change_form.js HTTP/1.1" 200 606
[INFO] 2025-09-12 07:07:37,315 basehttp "GET /static/admin/img/icon-viewlink.svg HTTP/1.1" 200 581
[INFO] 2025-09-12 07:07:37,315 basehttp "GET /static/admin/js/prepopulate_init.js HTTP/1.1" 200 586
[INFO] 2025-09-12 07:07:37,316 basehttp "GET /static/admin/css/widgets.css HTTP/1.1" 200 11900
[INFO] 2025-09-12 07:07:59,461 basehttp "GET /admin/campaigns/campaign/ HTTP/1.1" 200 22378
[INFO] 2025-09-12 07:07:59,520 basehttp "GET /admin/jsi18n/ HTTP/1.1" 200 3343
[INFO] 2025-09-12 07:08:03,999 basehttp "GET /admin/campaigns/campaign/ HTTP/1.1" 200 22378
[INFO] 2025-09-12 07:08:04,044 basehttp "GET /admin/jsi18n/ HTTP/1.1" 200 3343
[INFO] 2025-09-12 07:08:59,355 basehttp "POST /api/validate-file/ HTTP/1.1" 200 216
[INFO] 2025-09-12 07:09:13,652 views Campaign created: 18, processing file: 18
[INFO] 2025-09-12 07:09:13,661 basehttp "POST /api/campaigns/ HTTP/1.1" 201 703
[INFO] 2025-09-12 07:09:14,045 tasks Processing file: test_contacts.csv
[INFO] 2025-09-12 07:09:14,431 tasks File processed: 4 valid, 0 invalid rows
[INFO] 2025-09-12 07:09:18,695 basehttp "GET /api/campaigns/?page=1 HTTP/1.1" 200 3877
[INFO] 2025-09-12 07:09:18,729 basehttp "GET /api/campaigns/18/ HTTP/1.1" 200 1536
[INFO] 2025-09-12 07:09:18,751 basehttp "GET /api/campaigns/18/statistics/ HTTP/1.1" 200 340
[INFO] 2025-09-12 07:09:18,792 basehttp "GET /api/campaigns/18/messages/ HTTP/1.1" 200 931
[INFO] 2025-09-12 07:09:24,541 basehttp "GET /api/stats/ HTTP/1.1" 200 238
[INFO] 2025-09-12 07:09:24,610 basehttp "GET /api/campaigns/?page=1 HTTP/1.1" 200 3877
[INFO] 2025-09-12 07:09:57,371 basehttp "GET /api/campaigns/?page=1 HTTP/1.1" 200 3877
[INFO] 2025-09-12 07:09:57,407 basehttp "GET /api/campaigns/18/ HTTP/1.1" 200 1536
[INFO] 2025-09-12 07:09:57,429 basehttp "GET /api/campaigns/18/statistics/ HTTP/1.1" 200 340
[INFO] 2025-09-12 07:09:57,467 basehttp "GET /api/campaigns/18/messages/ HTTP/1.1" 200 931
[INFO] 2025-09-12 07:10:02,182 basehttp "GET /api/campaigns/?page=1 HTTP/1.1" 200 3877
[INFO] 2025-09-12 07:10:02,220 basehttp "GET /api/campaigns/17/ HTTP/1.1" 200 1686
[INFO] 2025-09-12 07:10:02,241 basehttp "GET /api/campaigns/17/statistics/ HTTP/1.1" 200 392
[INFO] 2025-09-12 07:10:02,299 basehttp "GET /api/campaigns/17/messages/ HTTP/1.1" 200 1023
[INFO] 2025-09-12 07:10:10,558 basehttp "GET /api/campaigns/?page=1 HTTP/1.1" 200 3877
[INFO] 2025-09-12 07:10:10,595 basehttp "GET /api/campaigns/17/ HTTP/1.1" 200 1686
[INFO] 2025-09-12 07:10:10,620 basehttp "GET /api/campaigns/17/statistics/ HTTP/1.1" 200 392
[INFO] 2025-09-12 07:10:10,766 basehttp "GET /api/campaigns/?page=1 HTTP/1.1" 200 3877
[INFO] 2025-09-12 07:10:10,801 basehttp "GET /api/campaigns/17/ HTTP/1.1" 200 1686
[INFO] 2025-09-12 07:10:10,822 basehttp "GET /api/campaigns/17/statistics/ HTTP/1.1" 200 392
[INFO] 2025-09-12 07:10:10,874 basehttp "GET /api/campaigns/17/messages/ HTTP/1.1" 200 1023
[INFO] 2025-09-12 07:10:20,215 basehttp "GET /api/campaigns/?page=1 HTTP/1.1" 200 3877
[INFO] 2025-09-12 07:10:20,259 basehttp "GET /api/campaigns/17/ HTTP/1.1" 200 1686
[INFO] 2025-09-12 07:10:20,280 basehttp "GET /api/campaigns/17/statistics/ HTTP/1.1" 200 392
[INFO] 2025-09-12 07:10:20,317 basehttp "GET /api/campaigns/17/messages/ HTTP/1.1" 200 1023
[INFO] 2025-09-12 07:10:20,435 basehttp "GET /api/campaigns/17/messages/ HTTP/1.1" 200 1023
[INFO] 2025-09-12 07:10:22,258 basehttp "GET /api/campaigns/?page=1 HTTP/1.1" 200 3877
[INFO] 2025-09-12 07:10:22,313 basehttp "GET /api/campaigns/17/ HTTP/1.1" 200 1686
[INFO] 2025-09-12 07:10:22,356 basehttp "GET /api/campaigns/17/statistics/ HTTP/1.1" 200 392
[INFO] 2025-09-12 07:10:22,470 basehttp "GET /api/campaigns/17/messages/ HTTP/1.1" 200 1023
[INFO] 2025-09-12 07:28:18,193 autoreload Watching for file changes with StatReloader
[WARNING] 2025-09-12 07:28:21,130 log Not Found: /
[WARNING] 2025-09-12 07:28:21,130 basehttp "GET / HTTP/1.1" 404 2536
[INFO] 2025-09-12 07:28:28,530 basehttp "GET /admin/ HTTP/1.1" 200 9524
[INFO] 2025-09-12 07:28:38,072 basehttp "GET /admin/campaigns/webhooklog/ HTTP/1.1" 200 37029
[INFO] 2025-09-12 07:28:38,139 basehttp "GET /admin/jsi18n/ HTTP/1.1" 200 3343
[INFO] 2025-09-12 07:28:38,157 basehttp "GET /static/admin/img/icon-yes.svg HTTP/1.1" 200 436
[INFO] 2025-09-12 07:28:42,035 basehttp "GET /admin/campaigns/webhooklog/53/change/ HTTP/1.1" 200 15886
[INFO] 2025-09-12 07:28:42,085 basehttp "GET /admin/jsi18n/ HTTP/1.1" 200 3343
[INFO] 2025-09-12 07:28:56,040 basehttp "GET /admin/campaigns/webhooklog/ HTTP/1.1" 200 37029
[INFO] 2025-09-12 07:28:56,092 basehttp "GET /admin/jsi18n/ HTTP/1.1" 200 3343
[WARNING] 2025-09-12 07:28:56,164 log Not Found: /favicon.ico
[INFO] 2025-09-12 07:28:58,735 basehttp "GET /admin/campaigns/webhooklog/52/change/ HTTP/1.1" 200 15886
[INFO] 2025-09-12 07:28:58,780 basehttp "GET /admin/jsi18n/ HTTP/1.1" 200 3343
[WARNING] 2025-09-12 07:28:58,862 log Not Found: /favicon.ico
[INFO] 2025-09-12 07:29:07,012 basehttp "GET /admin/campaigns/webhooklog/ HTTP/1.1" 200 37029
[INFO] 2025-09-12 07:29:07,045 basehttp "GET /admin/jsi18n/ HTTP/1.1" 200 3343
[WARNING] 2025-09-12 07:29:07,140 log Not Found: /favicon.ico
[INFO] 2025-09-12 07:29:08,354 basehttp "GET /admin/campaigns/webhooklog/51/change/ HTTP/1.1" 200 15753
[INFO] 2025-09-12 07:29:08,382 basehttp "GET /admin/jsi18n/ HTTP/1.1" 200 3343
[INFO] 2025-09-12 07:29:30,069 basehttp "GET /admin/campaigns/webhooklog/ HTTP/1.1" 200 37029
[INFO] 2025-09-12 07:29:30,100 basehttp "GET /admin/jsi18n/ HTTP/1.1" 200 3343
[WARNING] 2025-09-12 07:29:30,190 log Not Found: /favicon.ico
[INFO] 2025-09-12 07:29:36,467 basehttp "GET /admin/campaigns/webhooklog/50/change/ HTTP/1.1" 200 15884
[INFO] 2025-09-12 07:29:36,514 basehttp "GET /admin/jsi18n/ HTTP/1.1" 200 3343
[INFO] 2025-09-12 07:29:45,493 basehttp "GET /admin/campaigns/webhooklog/ HTTP/1.1" 200 37029
[INFO] 2025-09-12 07:29:45,520 basehttp "GET /admin/jsi18n/ HTTP/1.1" 200 3343
[INFO] 2025-09-12 07:29:50,154 basehttp "GET /admin/campaigns/webhooklog/49/change/ HTTP/1.1" 200 15884
[INFO] 2025-09-12 07:29:50,199 basehttp "GET /admin/jsi18n/ HTTP/1.1" 200 3343
[WARNING] 2025-09-12 07:29:50,252 log Not Found: /favicon.ico
[INFO] 2025-09-12 07:29:56,240 basehttp "GET /admin/campaigns/webhooklog/ HTTP/1.1" 200 37029
[INFO] 2025-09-12 07:29:56,272 basehttp "GET /admin/jsi18n/ HTTP/1.1" 200 3343
[INFO] 2025-09-12 07:29:57,915 basehttp "GET /admin/campaigns/webhooklog/48/change/ HTTP/1.1" 200 15884
[INFO] 2025-09-12 07:29:57,962 basehttp "GET /admin/jsi18n/ HTTP/1.1" 200 3343
[INFO] 2025-09-12 07:30:01,691 basehttp "GET /admin/campaigns/webhooklog/ HTTP/1.1" 200 37029
[INFO] 2025-09-12 07:30:01,716 basehttp "GET /admin/jsi18n/ HTTP/1.1" 200 3343
[INFO] 2025-09-12 07:30:03,214 basehttp "GET /admin/campaigns/webhooklog/ HTTP/1.1" 200 37029
[INFO] 2025-09-12 07:30:03,236 basehttp "GET /admin/jsi18n/ HTTP/1.1" 200 3343
[INFO] 2025-09-12 07:30:06,342 basehttp "GET /admin/campaigns/webhooklog/ HTTP/1.1" 200 37029
[INFO] 2025-09-12 07:30:06,363 basehttp "GET /admin/jsi18n/ HTTP/1.1" 200 3343
[INFO] 2025-09-12 07:30:09,239 basehttp "GET /admin/campaigns/uploadedfile/ HTTP/1.1" 200 23504
[INFO] 2025-09-12 07:30:09,267 basehttp "GET /admin/jsi18n/ HTTP/1.1" 200 3343
[INFO] 2025-09-12 07:30:10,145 basehttp "GET /admin/campaigns/message/ HTTP/1.1" 200 27680
[INFO] 2025-09-12 07:30:10,173 basehttp "GET /admin/jsi18n/ HTTP/1.1" 200 3343
[INFO] 2025-09-12 07:30:19,678 basehttp "GET /admin/campaigns/message/ HTTP/1.1" 200 27680
[INFO] 2025-09-12 07:30:19,712 basehttp "GET /admin/jsi18n/ HTTP/1.1" 200 3343
[WARNING] 2025-09-12 07:30:19,773 log Not Found: /favicon.ico
[INFO] 2025-09-12 08:30:34,482 autoreload Watching for file changes with StatReloader
[INFO] 2025-09-12 08:30:49,271 basehttp "GET /admin/campaigns/message/ HTTP/1.1" 200 27680
[INFO] 2025-09-12 08:30:49,311 basehttp "GET /admin/jsi18n/ HTTP/1.1" 200 3343
[INFO] 2025-09-12 08:56:32,039 webhook_processor Processing status update: wamid.HBgMOTE5NTM4MDk1NjAxFQIAERgSOEQ0MDUxNTQ2ODZEQUFEN0JCAA== -> delivered
[INFO] 2025-09-12 08:56:32,696 webhook_processor Message delivered to +919538095601, triggering next message
[INFO] 2025-09-12 08:56:32,837 webhook_processor Updated message wamid.HBgMOTE5NTM4MDk1NjAxFQIAERgSOEQ0MDUxNTQ2ODZEQUFEN0JCAA==: sent -> delivered
[INFO] 2025-09-12 08:56:32,901 tasks Campaign 10 is not running, status: completed
[INFO] 2025-09-12 09:19:46,885 autoreload /home/sohan/whatsapp-campaign/campaigns/models.py changed, reloading.
[INFO] 2025-09-12 09:19:48,196 autoreload Watching for file changes with StatReloader
[INFO] 2025-09-12 09:26:15,613 autoreload /home/sohan/whatsapp-campaign/campaigns/views.py changed, reloading.
[INFO] 2025-09-12 09:26:17,028 autoreload Watching for file changes with StatReloader
[INFO] 2025-09-12 09:26:34,112 autoreload /home/sohan/whatsapp-campaign/campaigns/views.py changed, reloading.
[INFO] 2025-09-12 09:26:35,466 autoreload Watching for file changes with StatReloader
[INFO] 2025-09-12 09:34:50,833 views User logged in: campaign_user
[INFO] 2025-09-12 09:34:50,956 basehttp "POST /api/auth/login/ HTTP/1.1" 200 308
[ERROR] 2025-09-12 09:34:51,126 log Internal Server Error: /api/stats/
Traceback (most recent call last):
  File "/home/sohan/whatsapp-campaign/venv/lib/python3.10/site-packages/rest_framework/fields.py", line 446, in get_attribute
    return get_attribute(instance, self.source_attrs)
  File "/home/sohan/whatsapp-campaign/venv/lib/python3.10/site-packages/rest_framework/fields.py", line 94, in get_attribute
    instance = instance[attr]
KeyError: 'total_messages_delivered'

During handling of the above exception, another exception occurred:

Traceback (most recent call last):
  File "/home/sohan/whatsapp-campaign/venv/lib/python3.10/site-packages/django/core/handlers/exception.py", line 55, in inner
    response = get_response(request)
  File "/home/sohan/whatsapp-campaign/venv/lib/python3.10/site-packages/django/core/handlers/base.py", line 197, in _get_response
    response = wrapped_callback(request, *callback_args, **callback_kwargs)
  File "/home/sohan/whatsapp-campaign/venv/lib/python3.10/site-packages/django/views/decorators/csrf.py", line 56, in wrapper_view
    return view_func(*args, **kwargs)
  File "/home/sohan/whatsapp-campaign/venv/lib/python3.10/site-packages/django/views/generic/base.py", line 104, in view
    return self.dispatch(request, *args, **kwargs)
  File "/home/sohan/whatsapp-campaign/venv/lib/python3.10/site-packages/rest_framework/views.py", line 509, in dispatch
    response = self.handle_exception(exc)
  File "/home/sohan/whatsapp-campaign/venv/lib/python3.10/site-packages/rest_framework/views.py", line 469, in handle_exception
    self.raise_uncaught_exception(exc)
  File "/home/sohan/whatsapp-campaign/venv/lib/python3.10/site-packages/rest_framework/views.py", line 480, in raise_uncaught_exception
    raise exc
  File "/home/sohan/whatsapp-campaign/venv/lib/python3.10/site-packages/rest_framework/views.py", line 506, in dispatch
    response = handler(request, *args, **kwargs)
  File "/home/sohan/whatsapp-campaign/campaigns/views.py", line 386, in get
    'statistics': serializer.data
  File "/home/sohan/whatsapp-campaign/venv/lib/python3.10/site-packages/rest_framework/serializers.py", line 555, in data
    ret = super().data
  File "/home/sohan/whatsapp-campaign/venv/lib/python3.10/site-packages/rest_framework/serializers.py", line 253, in data
    self._data = self.to_representation(self.instance)
  File "/home/sohan/whatsapp-campaign/venv/lib/python3.10/site-packages/rest_framework/serializers.py", line 509, in to_representation
    attribute = field.get_attribute(instance)
  File "/home/sohan/whatsapp-campaign/venv/lib/python3.10/site-packages/rest_framework/fields.py", line 479, in get_attribute
    raise type(exc)(msg)
KeyError: "Got KeyError when attempting to get a value for field `total_messages_delivered` on serializer `CampaignStatsSerializer`.\nThe serializer field might be named incorrectly and not match any attribute or key on the `dict` instance.\nOriginal exception text was: 'total_messages_delivered'."
[ERROR] 2025-09-12 09:34:51,129 basehttp "GET /api/stats/ HTTP/1.1" 500 129308
[ERROR] 2025-09-12 09:35:51,765 log Internal Server Error: /api/stats/
Traceback (most recent call last):
  File "/home/sohan/whatsapp-campaign/venv/lib/python3.10/site-packages/rest_framework/fields.py", line 446, in get_attribute
    return get_attribute(instance, self.source_attrs)
  File "/home/sohan/whatsapp-campaign/venv/lib/python3.10/site-packages/rest_framework/fields.py", line 94, in get_attribute
    instance = instance[attr]
KeyError: 'total_messages_delivered'

During handling of the above exception, another exception occurred:

Traceback (most recent call last):
  File "/home/sohan/whatsapp-campaign/venv/lib/python3.10/site-packages/django/core/handlers/exception.py", line 55, in inner
    response = get_response(request)
  File "/home/sohan/whatsapp-campaign/venv/lib/python3.10/site-packages/django/core/handlers/base.py", line 197, in _get_response
    response = wrapped_callback(request, *callback_args, **callback_kwargs)
  File "/home/sohan/whatsapp-campaign/venv/lib/python3.10/site-packages/django/views/decorators/csrf.py", line 56, in wrapper_view
    return view_func(*args, **kwargs)
  File "/home/sohan/whatsapp-campaign/venv/lib/python3.10/site-packages/django/views/generic/base.py", line 104, in view
    return self.dispatch(request, *args, **kwargs)
  File "/home/sohan/whatsapp-campaign/venv/lib/python3.10/site-packages/rest_framework/views.py", line 509, in dispatch
    response = self.handle_exception(exc)
  File "/home/sohan/whatsapp-campaign/venv/lib/python3.10/site-packages/rest_framework/views.py", line 469, in handle_exception
    self.raise_uncaught_exception(exc)
  File "/home/sohan/whatsapp-campaign/venv/lib/python3.10/site-packages/rest_framework/views.py", line 480, in raise_uncaught_exception
    raise exc
  File "/home/sohan/whatsapp-campaign/venv/lib/python3.10/site-packages/rest_framework/views.py", line 506, in dispatch
    response = handler(request, *args, **kwargs)
  File "/home/sohan/whatsapp-campaign/campaigns/views.py", line 386, in get
    'statistics': serializer.data
  File "/home/sohan/whatsapp-campaign/venv/lib/python3.10/site-packages/rest_framework/serializers.py", line 555, in data
    ret = super().data
  File "/home/sohan/whatsapp-campaign/venv/lib/python3.10/site-packages/rest_framework/serializers.py", line 253, in data
    self._data = self.to_representation(self.instance)
  File "/home/sohan/whatsapp-campaign/venv/lib/python3.10/site-packages/rest_framework/serializers.py", line 509, in to_representation
    attribute = field.get_attribute(instance)
  File "/home/sohan/whatsapp-campaign/venv/lib/python3.10/site-packages/rest_framework/fields.py", line 479, in get_attribute
    raise type(exc)(msg)
KeyError: "Got KeyError when attempting to get a value for field `total_messages_delivered` on serializer `CampaignStatsSerializer`.\nThe serializer field might be named incorrectly and not match any attribute or key on the `dict` instance.\nOriginal exception text was: 'total_messages_delivered'."
[ERROR] 2025-09-12 09:35:51,766 basehttp "GET /api/stats/ HTTP/1.1" 500 129308
[INFO] 2025-09-12 09:52:27,178 basehttp "POST /api/validate-file/ HTTP/1.1" 200 216
[INFO] 2025-09-12 09:52:35,340 views Campaign created: 19, processing file: 19
[INFO] 2025-09-12 09:52:35,354 basehttp "POST /api/campaigns/ HTTP/1.1" 201 702
[INFO] 2025-09-12 09:52:35,696 tasks Processing file: test_contacts.csv
[INFO] 2025-09-12 09:52:36,361 tasks File processed: 4 valid, 0 invalid rows
[INFO] 2025-09-12 09:52:41,595 basehttp "GET /api/campaigns/?page=1 HTTP/1.1" 200 4138
[INFO] 2025-09-12 09:52:41,618 basehttp "GET /api/campaigns/19/ HTTP/1.1" 200 1537
[INFO] 2025-09-12 09:52:41,639 basehttp "GET /api/campaigns/19/statistics/ HTTP/1.1" 200 341
[INFO] 2025-09-12 09:52:41,674 basehttp "GET /api/campaigns/19/messages/ HTTP/1.1" 200 931
[INFO] 2025-09-12 09:52:46,813 basehttp "GET /api/campaigns/?page=1 HTTP/1.1" 200 4138
[INFO] 2025-09-12 09:52:46,835 basehttp "GET /api/campaigns/19/ HTTP/1.1" 200 1537
[INFO] 2025-09-12 09:52:46,846 basehttp "GET /api/campaigns/19/statistics/ HTTP/1.1" 200 341
[INFO] 2025-09-12 09:52:47,006 views Campaign started: 19
[INFO] 2025-09-12 09:52:47,028 basehttp "POST /api/campaigns/19/start/ HTTP/1.1" 200 1611
[INFO] 2025-09-12 09:52:47,050 tasks Starting campaign: 19
[INFO] 2025-09-12 09:52:47,054 tasks Found 4 messages to send
[INFO] 2025-09-12 09:52:47,126 tasks Scheduled message 29 with 0s delay
[INFO] 2025-09-12 09:52:47,132 tasks Scheduled message 30 with 2s delay
[INFO] 2025-09-12 09:52:47,136 tasks Scheduled message 31 with 4s delay
[INFO] 2025-09-12 09:52:47,139 tasks Scheduled message 32 with 6s delay
[INFO] 2025-09-12 09:52:47,142 tasks Scheduled completion check in 38s
[INFO] 2025-09-12 09:52:48,170 basehttp "GET /api/campaigns/?page=1 HTTP/1.1" 200 4138
[INFO] 2025-09-12 09:52:48,204 basehttp "GET /api/campaigns/19/ HTTP/1.1" 200 1562
[INFO] 2025-09-12 09:52:48,223 basehttp "GET /api/campaigns/19/statistics/ HTTP/1.1" 200 366
[INFO] 2025-09-12 09:52:48,268 basehttp "GET /api/campaigns/19/messages/ HTTP/1.1" 200 931
[INFO] 2025-09-12 09:52:48,417 tasks Sending message to +917702828811
[INFO] 2025-09-12 09:52:48,420 whatsapp_360_client Sending WhatsApp message to 917702828811 using template sample_template_txt
[INFO] 2025-09-12 09:52:50,281 whatsapp_360_client Message sent successfully. Message ID: wamid.HBgMOTE3NzAyODI4ODExFQIAERgSRUJDRDlENzhFRTNCMzczNDk4AA==
[INFO] 2025-09-12 09:52:50,344 tasks Sending message to +919538095601
[INFO] 2025-09-12 09:52:50,350 whatsapp_360_client Sending WhatsApp message to 919538095601 using template sample_template_txt
[INFO] 2025-09-12 09:52:50,527 tasks Message sent successfully to +917702828811, Message ID: wamid.HBgMOTE3NzAyODI4ODExFQIAERgSRUJDRDlENzhFRTNCMzczNDk4AA==
[INFO] 2025-09-12 09:52:50,756 tasks Campaign 19 still has 3 pending messages
[INFO] 2025-09-12 09:52:51,887 whatsapp_360_client Message sent successfully. Message ID: wamid.HBgMOTE5NTM4MDk1NjAxFQIAERgSQUJCMTY2NzFERkJFMTQwQkJEAA==
[INFO] 2025-09-12 09:52:52,105 tasks Message sent successfully to +919538095601, Message ID: wamid.HBgMOTE5NTM4MDk1NjAxFQIAERgSQUJCMTY2NzFERkJFMTQwQkJEAA==
[INFO] 2025-09-12 09:52:52,240 tasks Campaign 19 still has 2 pending messages
[INFO] 2025-09-12 09:52:52,372 tasks Sending message to +919473181958
[INFO] 2025-09-12 09:52:52,374 whatsapp_360_client Sending WhatsApp message to 919473181958 using template sample_template_txt
[INFO] 2025-09-12 09:52:53,756 whatsapp_360_client Message sent successfully. Message ID: wamid.HBgMOTE5NDczMTgxOTU4FQIAERgSOUM2MDlFNTc3QTIxNkE0NEFCAA==
[INFO] 2025-09-12 09:52:53,965 tasks Message sent successfully to +919473181958, Message ID: wamid.HBgMOTE5NDczMTgxOTU4FQIAERgSOUM2MDlFNTc3QTIxNkE0NEFCAA==
[INFO] 2025-09-12 09:52:54,104 tasks Campaign 19 still has 1 pending messages
[INFO] 2025-09-12 09:52:54,317 tasks Sending message to +919577625121
[INFO] 2025-09-12 09:52:54,323 whatsapp_360_client Sending WhatsApp message to 919577625121 using template sample_template_txt
[INFO] 2025-09-12 09:52:55,731 whatsapp_360_client Message sent successfully. Message ID: wamid.HBgMOTE5NTc3NjI1MTIxFQIAERgSQ0NFRjY0Nzg2NTdGNjg1REMxAA==
[INFO] 2025-09-12 09:52:55,919 tasks Message sent successfully to +919577625121, Message ID: wamid.HBgMOTE5NTc3NjI1MTIxFQIAERgSQ0NFRjY0Nzg2NTdGNjg1REMxAA==
[INFO] 2025-09-12 09:52:56,221 tasks Campaign 19 marked as completed - all messages sent
[INFO] 2025-09-12 09:53:20,890 tasks Campaign 19 is not running, status: completed
[INFO] 2025-09-12 09:53:22,347 tasks Campaign 19 is not running, status: completed
[INFO] 2025-09-12 09:53:24,193 tasks Campaign 19 is not running, status: completed
[INFO] 2025-09-12 09:53:25,236 tasks Campaign 19 is not running, status: completed
[INFO] 2025-09-12 09:54:48,542 basehttp "GET /api/campaigns/?page=1 HTTP/1.1" 200 4142
[INFO] 2025-09-12 09:54:48,588 basehttp "GET /api/campaigns/19/ HTTP/1.1" 200 1695
[INFO] 2025-09-12 09:54:48,611 basehttp "GET /api/campaigns/19/statistics/ HTTP/1.1" 200 393
[INFO] 2025-09-12 09:54:48,673 basehttp "GET /api/campaigns/19/messages/ HTTP/1.1" 200 1023
[INFO] 2025-09-12 09:55:12,242 autoreload /home/sohan/whatsapp-campaign/campaigns/serializers.py changed, reloading.
[INFO] 2025-09-12 09:55:13,421 autoreload Watching for file changes with StatReloader
[INFO] 2025-09-12 09:56:10,233 basehttp "GET /api/campaigns/?page=1 HTTP/1.1" 200 4142
[INFO] 2025-09-12 09:56:10,268 basehttp "GET /api/campaigns/19/ HTTP/1.1" 200 1695
[INFO] 2025-09-12 09:56:10,290 basehttp "GET /api/campaigns/19/statistics/ HTTP/1.1" 200 393
[INFO] 2025-09-12 09:56:10,468 basehttp "GET /api/campaigns/?page=1 HTTP/1.1" 200 4142
[INFO] 2025-09-12 09:56:10,500 basehttp "GET /api/campaigns/19/ HTTP/1.1" 200 1695
[INFO] 2025-09-12 09:56:10,516 basehttp "GET /api/campaigns/19/statistics/ HTTP/1.1" 200 393
[INFO] 2025-09-12 09:56:10,554 basehttp "GET /api/campaigns/19/messages/ HTTP/1.1" 200 1023
[INFO] 2025-09-12 10:28:19,667 autoreload Watching for file changes with StatReloader
[INFO] 2025-09-12 10:29:17,997 basehttp "GET /api/campaigns/?page=1 HTTP/1.1" 200 4142
[INFO] 2025-09-12 10:29:29,776 basehttp "GET /api/campaigns/?page=1 HTTP/1.1" 200 4142
[INFO] 2025-09-12 10:29:29,973 basehttp "GET /api/campaigns/?page=1 HTTP/1.1" 200 4142
[INFO] 2025-09-12 10:29:45,635 basehttp "GET /api/campaigns/?page=1 HTTP/1.1" 200 4142
[INFO] 2025-09-12 10:30:21,353 basehttp "GET /api/campaigns/?page=1 HTTP/1.1" 200 4142
[INFO] 2025-09-12 10:30:37,876 basehttp "POST /api/validate-file/ HTTP/1.1" 200 216
[INFO] 2025-09-12 10:30:41,408 views Campaign created: 20, processing file: 20
[INFO] 2025-09-12 10:30:41,418 basehttp "POST /api/campaigns/ HTTP/1.1" 201 703
[INFO] 2025-09-12 10:30:41,619 tasks Processing file: test_contacts.csv
[INFO] 2025-09-12 10:30:42,055 tasks File processed: 3 valid, 0 invalid rows
[INFO] 2025-09-12 10:30:47,028 basehttp "GET /api/campaigns/?page=1 HTTP/1.1" 200 4383
[INFO] 2025-09-12 10:30:47,084 basehttp "GET /api/campaigns/20/ HTTP/1.1" 200 1318
[INFO] 2025-09-12 10:30:47,103 basehttp "GET /api/campaigns/20/statistics/ HTTP/1.1" 200 342
[INFO] 2025-09-12 10:30:47,137 basehttp "GET /api/campaigns/20/messages/ HTTP/1.1" 200 711
[INFO] 2025-09-12 10:30:50,870 basehttp "GET /api/campaigns/?page=1 HTTP/1.1" 200 4383
[INFO] 2025-09-12 10:30:50,896 basehttp "GET /api/campaigns/20/ HTTP/1.1" 200 1318
[INFO] 2025-09-12 10:30:50,915 basehttp "GET /api/campaigns/20/statistics/ HTTP/1.1" 200 342
[INFO] 2025-09-12 10:30:51,043 views Campaign started: 20
[INFO] 2025-09-12 10:30:51,055 basehttp "POST /api/campaigns/20/start/ HTTP/1.1" 200 1392
[INFO] 2025-09-12 10:30:51,091 tasks Starting campaign: 20
[INFO] 2025-09-12 10:30:51,095 tasks Found 3 messages to send
[INFO] 2025-09-12 10:30:51,114 tasks Scheduled message 33 with 0s delay
[INFO] 2025-09-12 10:30:51,116 tasks Scheduled message 34 with 2s delay
[INFO] 2025-09-12 10:30:51,118 tasks Scheduled message 35 with 4s delay
[INFO] 2025-09-12 10:30:51,120 tasks Scheduled completion check in 36s
[INFO] 2025-09-12 10:30:52,176 basehttp "GET /api/campaigns/?page=1 HTTP/1.1" 200 4383
[INFO] 2025-09-12 10:30:52,205 basehttp "GET /api/campaigns/20/ HTTP/1.1" 200 1343
[INFO] 2025-09-12 10:30:52,224 basehttp "GET /api/campaigns/20/statistics/ HTTP/1.1" 200 367
[INFO] 2025-09-12 10:30:52,276 basehttp "GET /api/campaigns/20/messages/ HTTP/1.1" 200 711
[INFO] 2025-09-12 10:30:52,496 tasks Sending message to +917702828811
[ERROR] 2025-09-12 10:30:52,498 tasks Error sending message 33: name 'true' is not defined
[INFO] 2025-09-12 10:30:54,648 tasks Sending message to +919538095601
[ERROR] 2025-09-12 10:30:54,650 tasks Error sending message 34: name 'true' is not defined
[INFO] 2025-09-12 10:30:56,369 tasks Sending message to +919474816594
[ERROR] 2025-09-12 10:30:56,375 tasks Error sending message 35: name 'true' is not defined
[INFO] 2025-09-12 10:31:26,186 basehttp "GET /api/campaigns/?page=1 HTTP/1.1" 200 4383
[INFO] 2025-09-12 10:31:26,225 basehttp "GET /api/campaigns/20/ HTTP/1.1" 200 1346
[INFO] 2025-09-12 10:31:26,247 basehttp "GET /api/campaigns/20/statistics/ HTTP/1.1" 200 368
[INFO] 2025-09-12 10:31:26,295 basehttp "POST /api/campaigns/20/check-status/ HTTP/1.1" 200 1440
[INFO] 2025-09-12 10:31:26,333 basehttp "GET /api/campaigns/20/messages/ HTTP/1.1" 200 714
[INFO] 2025-09-12 10:31:27,228 tasks Campaign 20 still has 3 pending messages
[INFO] 2025-09-12 10:31:52,588 tasks Message 33 already processed, status: sending
[INFO] 2025-09-12 10:31:54,767 tasks Message 34 already processed, status: sending
[INFO] 2025-09-12 10:31:56,492 tasks Message 35 already processed, status: sending
[INFO] 2025-09-12 10:31:57,322 tasks Campaign 20 still has 3 pending messages
[INFO] 2025-09-12 10:32:02,622 autoreload /home/sohan/whatsapp-campaign/campaigns/whatsapp_360_client.py changed, reloading.
[INFO] 2025-09-12 10:32:03,206 autoreload Watching for file changes with StatReloader
[INFO] 2025-09-12 10:32:15,797 basehttp "GET /api/campaigns/?page=1 HTTP/1.1" 200 4383
[INFO] 2025-09-12 10:32:15,832 basehttp "GET /api/campaigns/20/ HTTP/1.1" 200 1346
[INFO] 2025-09-12 10:32:15,853 basehttp "GET /api/campaigns/20/statistics/ HTTP/1.1" 200 368
[INFO] 2025-09-12 10:32:15,891 basehttp "POST /api/campaigns/20/check-status/ HTTP/1.1" 200 1440
[INFO] 2025-09-12 10:32:15,933 basehttp "GET /api/campaigns/20/messages/ HTTP/1.1" 200 714
[INFO] 2025-09-12 10:32:17,124 basehttp "GET /api/campaigns/?page=1 HTTP/1.1" 200 4383
[INFO] 2025-09-12 10:32:17,155 basehttp "GET /api/campaigns/20/ HTTP/1.1" 200 1346
[INFO] 2025-09-12 10:32:17,175 basehttp "GET /api/campaigns/20/statistics/ HTTP/1.1" 200 368
[INFO] 2025-09-12 10:32:17,224 basehttp "POST /api/campaigns/20/check-status/ HTTP/1.1" 200 1440
[INFO] 2025-09-12 10:32:17,266 basehttp "GET /api/campaigns/20/messages/ HTTP/1.1" 200 714
[INFO] 2025-09-12 10:32:22,575 basehttp "GET /api/campaigns/?page=1 HTTP/1.1" 200 4383
[INFO] 2025-09-12 10:32:22,599 basehttp "GET /api/campaigns/20/ HTTP/1.1" 200 1346
[INFO] 2025-09-12 10:32:22,617 basehttp "GET /api/campaigns/20/statistics/ HTTP/1.1" 200 368
[INFO] 2025-09-12 10:32:22,756 basehttp "GET /api/campaigns/?page=1 HTTP/1.1" 200 4383
[INFO] 2025-09-12 10:32:22,796 basehttp "GET /api/campaigns/20/ HTTP/1.1" 200 1346
[INFO] 2025-09-12 10:32:22,817 basehttp "GET /api/campaigns/20/statistics/ HTTP/1.1" 200 368
[INFO] 2025-09-12 10:32:22,874 basehttp "GET /api/campaigns/20/messages/ HTTP/1.1" 200 714
[INFO] 2025-09-12 10:32:24,395 basehttp "GET /api/campaigns/?page=1 HTTP/1.1" 200 4383
[INFO] 2025-09-12 10:32:24,429 basehttp "GET /api/campaigns/20/ HTTP/1.1" 200 1346
[INFO] 2025-09-12 10:32:24,446 basehttp "GET /api/campaigns/20/statistics/ HTTP/1.1" 200 368
[INFO] 2025-09-12 10:32:24,535 views Campaign paused: 20
[INFO] 2025-09-12 10:32:24,547 basehttp "POST /api/campaigns/20/pause/ HTTP/1.1" 200 1393
[INFO] 2025-09-12 10:32:25,679 basehttp "GET /api/campaigns/?page=1 HTTP/1.1" 200 4382
[INFO] 2025-09-12 10:32:25,709 basehttp "GET /api/campaigns/20/ HTTP/1.1" 200 1345
[INFO] 2025-09-12 10:32:25,727 basehttp "GET /api/campaigns/20/statistics/ HTTP/1.1" 200 367
[INFO] 2025-09-12 10:32:25,771 basehttp "GET /api/campaigns/20/messages/ HTTP/1.1" 200 714
[INFO] 2025-09-12 10:32:25,849 basehttp "GET /api/campaigns/?page=1 HTTP/1.1" 200 4382
[INFO] 2025-09-12 10:32:25,877 basehttp "GET /api/campaigns/20/ HTTP/1.1" 200 1345
[INFO] 2025-09-12 10:32:25,895 basehttp "GET /api/campaigns/20/statistics/ HTTP/1.1" 200 367
[INFO] 2025-09-12 10:32:25,946 basehttp "GET /api/campaigns/20/messages/ HTTP/1.1" 200 714
[INFO] 2025-09-12 10:32:27,443 tasks Campaign 20 is not running, status: paused
[INFO] 2025-09-12 10:32:29,825 basehttp "GET /api/campaigns/?page=1 HTTP/1.1" 200 4382
[INFO] 2025-09-12 10:32:29,861 basehttp "GET /api/campaigns/20/ HTTP/1.1" 200 1345
[INFO] 2025-09-12 10:32:29,880 basehttp "GET /api/campaigns/20/statistics/ HTTP/1.1" 200 367
[INFO] 2025-09-12 10:32:30,036 views Campaign resumed: 20
[INFO] 2025-09-12 10:32:30,049 basehttp "POST /api/campaigns/20/resume/ HTTP/1.1" 200 1395
[INFO] 2025-09-12 10:32:30,169 tasks Starting campaign: 20
[INFO] 2025-09-12 10:32:30,171 tasks Found 0 messages to send
[WARNING] 2025-09-12 10:32:30,172 tasks No queued messages found for campaign 20
[INFO] 2025-09-12 10:32:31,179 basehttp "GET /api/campaigns/?page=1 HTTP/1.1" 200 4385
[INFO] 2025-09-12 10:32:31,210 basehttp "GET /api/campaigns/20/ HTTP/1.1" 200 1385
[INFO] 2025-09-12 10:32:31,229 basehttp "GET /api/campaigns/20/statistics/ HTTP/1.1" 200 395
[INFO] 2025-09-12 10:32:31,286 basehttp "GET /api/campaigns/20/messages/ HTTP/1.1" 200 714
[INFO] 2025-09-12 10:32:36,837 basehttp "GET /api/campaigns/?page=1 HTTP/1.1" 200 4385
[INFO] 2025-09-12 10:32:36,862 basehttp "GET /api/campaigns/20/ HTTP/1.1" 200 1385
[INFO] 2025-09-12 10:32:36,879 basehttp "GET /api/campaigns/20/statistics/ HTTP/1.1" 200 395
[INFO] 2025-09-12 10:32:37,008 basehttp "GET /api/campaigns/?page=1 HTTP/1.1" 200 4385
[INFO] 2025-09-12 10:32:37,037 basehttp "GET /api/campaigns/20/ HTTP/1.1" 200 1385
[INFO] 2025-09-12 10:32:37,055 basehttp "GET /api/campaigns/20/statistics/ HTTP/1.1" 200 395
[INFO] 2025-09-12 10:32:37,103 basehttp "GET /api/campaigns/20/messages/ HTTP/1.1" 200 714
[INFO] 2025-09-12 10:32:57,227 autoreload /home/sohan/whatsapp-campaign/campaigns/whatsapp_360_client.py changed, reloading.
[INFO] 2025-09-12 10:32:58,284 autoreload Watching for file changes with StatReloader
[INFO] 2025-09-12 10:33:18,978 autoreload Watching for file changes with StatReloader
[INFO] 2025-09-12 10:33:33,824 basehttp "GET /api/campaigns/?page=1 HTTP/1.1" 200 4385
[INFO] 2025-09-12 10:33:33,855 basehttp "GET /api/campaigns/20/ HTTP/1.1" 200 1385
[INFO] 2025-09-12 10:33:33,876 basehttp "GET /api/campaigns/20/statistics/ HTTP/1.1" 200 395
[INFO] 2025-09-12 10:33:33,921 basehttp "GET /api/campaigns/20/messages/ HTTP/1.1" 200 714
[INFO] 2025-09-12 10:33:46,001 basehttp "GET /api/campaigns/?page=1 HTTP/1.1" 200 4385
[INFO] 2025-09-12 10:33:46,031 basehttp "GET /api/campaigns/20/ HTTP/1.1" 200 1385
[INFO] 2025-09-12 10:33:46,054 basehttp "GET /api/campaigns/20/statistics/ HTTP/1.1" 200 395
[INFO] 2025-09-12 10:33:46,101 basehttp "GET /api/campaigns/20/messages/ HTTP/1.1" 200 714
[INFO] 2025-09-12 10:34:05,786 basehttp "POST /api/validate-file/ HTTP/1.1" 200 216
[INFO] 2025-09-12 10:34:08,032 views Campaign created: 21, processing file: 21
[INFO] 2025-09-12 10:34:08,039 basehttp "POST /api/campaigns/ HTTP/1.1" 201 703
[INFO] 2025-09-12 10:34:08,228 tasks Processing file: test_contacts.csv
[INFO] 2025-09-12 10:34:08,730 tasks File processed: 3 valid, 0 invalid rows
[INFO] 2025-09-12 10:34:11,432 basehttp "GET /api/campaigns/?page=1 HTTP/1.1" 200 4626
[INFO] 2025-09-12 10:34:11,463 basehttp "GET /api/campaigns/21/ HTTP/1.1" 200 1318
[INFO] 2025-09-12 10:34:11,478 basehttp "GET /api/campaigns/21/statistics/ HTTP/1.1" 200 342
[INFO] 2025-09-12 10:34:11,516 basehttp "GET /api/campaigns/21/messages/ HTTP/1.1" 200 711
[INFO] 2025-09-12 10:34:15,097 basehttp "GET /api/campaigns/?page=1 HTTP/1.1" 200 4626
[INFO] 2025-09-12 10:34:15,126 basehttp "GET /api/campaigns/21/ HTTP/1.1" 200 1318
[INFO] 2025-09-12 10:34:15,145 basehttp "GET /api/campaigns/21/statistics/ HTTP/1.1" 200 342
[INFO] 2025-09-12 10:34:15,268 views Campaign started: 21
[INFO] 2025-09-12 10:34:15,283 basehttp "POST /api/campaigns/21/start/ HTTP/1.1" 200 1392
[INFO] 2025-09-12 10:34:15,321 tasks Starting campaign: 21
[INFO] 2025-09-12 10:34:15,325 tasks Found 3 messages to send
[INFO] 2025-09-12 10:34:15,346 tasks Scheduled message 36 with 0s delay
[INFO] 2025-09-12 10:34:15,347 tasks Scheduled message 37 with 2s delay
[INFO] 2025-09-12 10:34:15,349 tasks Scheduled message 38 with 4s delay
[INFO] 2025-09-12 10:34:15,351 tasks Scheduled completion check in 36s
[INFO] 2025-09-12 10:34:16,417 basehttp "GET /api/campaigns/?page=1 HTTP/1.1" 200 4626
[INFO] 2025-09-12 10:34:16,451 basehttp "GET /api/campaigns/21/ HTTP/1.1" 200 1343
[INFO] 2025-09-12 10:34:16,469 basehttp "GET /api/campaigns/21/statistics/ HTTP/1.1" 200 367
[INFO] 2025-09-12 10:34:16,515 basehttp "GET /api/campaigns/21/messages/ HTTP/1.1" 200 711
[INFO] 2025-09-12 10:34:16,713 tasks Sending message to +917702828811
[INFO] 2025-09-12 10:34:16,717 whatsapp_360_client Sending WhatsApp message to 917702828811 using template welcome_template_txt
[INFO] 2025-09-12 10:34:18,541 tasks Sending message to +919538095601
[INFO] 2025-09-12 10:34:18,547 whatsapp_360_client Sending WhatsApp message to 919538095601 using template welcome_template_txt
[INFO] 2025-09-12 10:34:18,674 whatsapp_360_client Message sent successfully. Message ID: wamid.HBgMOTE3NzAyODI4ODExFQIAERgSMURFQ0E4Qzk4QjY2QUQyRTgzAA==
[INFO] 2025-09-12 10:34:18,841 tasks Message sent successfully to +917702828811, Message ID: wamid.HBgMOTE3NzAyODI4ODExFQIAERgSMURFQ0E4Qzk4QjY2QUQyRTgzAA==
[INFO] 2025-09-12 10:34:19,094 tasks Campaign 21 still has 2 pending messages
[INFO] 2025-09-12 10:34:19,932 whatsapp_360_client Message sent successfully. Message ID: wamid.HBgMOTE5NTM4MDk1NjAxFQIAERgSMDRGMzUyQTcyMzdDQTlDNUU5AA==
[INFO] 2025-09-12 10:34:20,144 tasks Message sent successfully to +919538095601, Message ID: wamid.HBgMOTE5NTM4MDk1NjAxFQIAERgSMDRGMzUyQTcyMzdDQTlDNUU5AA==
[INFO] 2025-09-12 10:34:20,271 tasks Campaign 21 still has 1 pending messages
[INFO] 2025-09-12 10:34:20,582 tasks Sending message to +919474816594
[INFO] 2025-09-12 10:34:20,587 whatsapp_360_client Sending WhatsApp message to 919474816594 using template welcome_template_txt
[INFO] 2025-09-12 10:34:22,280 whatsapp_360_client Message sent successfully. Message ID: wamid.HBgMOTE5NDc0ODE2NTk0FQIAERgSRjQxNjZDREEwNjEwNEVFRkNFAA==
[INFO] 2025-09-12 10:34:22,506 tasks Message sent successfully to +919474816594, Message ID: wamid.HBgMOTE5NDc0ODE2NTk0FQIAERgSRjQxNjZDREEwNjEwNEVFRkNFAA==
[INFO] 2025-09-12 10:34:22,823 tasks Campaign 21 marked as completed - all messages sent
[INFO] 2025-09-12 10:34:49,190 tasks Campaign 21 is not running, status: completed
[INFO] 2025-09-12 10:34:50,420 tasks Campaign 21 is not running, status: completed
[INFO] 2025-09-12 10:34:51,472 tasks Campaign 21 is not running, status: completed
[INFO] 2025-09-12 10:47:07,550 basehttp "GET /api/campaigns/?page=1 HTTP/1.1" 200 4630
[INFO] 2025-09-12 10:47:07,576 basehttp "GET /api/campaigns/21/ HTTP/1.1" 200 1453
[INFO] 2025-09-12 10:47:07,590 basehttp "GET /api/campaigns/21/statistics/ HTTP/1.1" 200 394
[INFO] 2025-09-12 10:47:07,620 basehttp "GET /api/campaigns/21/messages/ HTTP/1.1" 200 780
[INFO] 2025-09-12 11:36:09,251 basehttp "GET /admin/campaigns/message/23/change/ HTTP/1.1" 200 24397
[INFO] 2025-09-12 11:36:09,295 basehttp "GET /admin/jsi18n/ HTTP/1.1" 200 3343
[INFO] 2025-09-12 11:38:13,239 basehttp "GET /admin/campaigns/webhooklog/ HTTP/1.1" 200 37029
[INFO] 2025-09-12 11:38:13,297 basehttp "GET /admin/jsi18n/ HTTP/1.1" 200 3343
[WARNING] 2025-09-12 11:38:13,386 log Not Found: /favicon.ico
[INFO] 2025-09-12 11:46:03,786 webhook_handler Received webhook: {
  "test": "webhook_test"
}
[INFO] 2025-09-12 11:46:03,792 basehttp "POST /api/webhook/whatsapp/ HTTP/1.1" 200 22
[INFO] 2025-09-12 11:49:05,091 basehttp "POST /api/validate-file/ HTTP/1.1" 200 216
[INFO] 2025-09-12 11:49:12,871 views Campaign created: 22, processing file: 22
[INFO] 2025-09-12 11:49:12,876 basehttp "POST /api/campaigns/ HTTP/1.1" 201 702
[INFO] 2025-09-12 11:49:13,189 tasks Processing file: test_contacts.csv
[INFO] 2025-09-12 11:49:13,816 tasks File processed: 3 valid, 0 invalid rows
[INFO] 2025-09-12 11:49:14,778 basehttp "GET /api/campaigns/?page=1 HTTP/1.1" 200 4870
[INFO] 2025-09-12 11:49:14,810 basehttp "GET /api/campaigns/22/ HTTP/1.1" 200 1317
[INFO] 2025-09-12 11:49:14,828 basehttp "GET /api/campaigns/22/statistics/ HTTP/1.1" 200 341
[INFO] 2025-09-12 11:49:14,863 basehttp "GET /api/campaigns/22/messages/ HTTP/1.1" 200 711
[INFO] 2025-09-12 11:49:19,761 basehttp "GET /api/campaigns/?page=1 HTTP/1.1" 200 4870
[INFO] 2025-09-12 11:49:19,793 basehttp "GET /api/campaigns/22/ HTTP/1.1" 200 1317
[INFO] 2025-09-12 11:49:19,813 basehttp "GET /api/campaigns/22/statistics/ HTTP/1.1" 200 341
[INFO] 2025-09-12 11:49:19,936 views Campaign started: 22
[INFO] 2025-09-12 11:49:19,947 basehttp "POST /api/campaigns/22/start/ HTTP/1.1" 200 1391
[INFO] 2025-09-12 11:49:19,985 tasks Starting campaign: 22
[INFO] 2025-09-12 11:49:19,988 tasks Found 3 messages to send
[INFO] 2025-09-12 11:49:19,992 tasks Scheduled message 39 with 0s delay
[INFO] 2025-09-12 11:49:19,994 tasks Scheduled message 40 with 2s delay
[INFO] 2025-09-12 11:49:19,996 tasks Scheduled message 41 with 4s delay
[INFO] 2025-09-12 11:49:19,998 tasks Scheduled completion check in 36s
[INFO] 2025-09-12 11:49:21,081 basehttp "GET /api/campaigns/?page=1 HTTP/1.1" 200 4870
[INFO] 2025-09-12 11:49:21,108 basehttp "GET /api/campaigns/22/ HTTP/1.1" 200 1342
[INFO] 2025-09-12 11:49:21,125 basehttp "GET /api/campaigns/22/statistics/ HTTP/1.1" 200 366
[INFO] 2025-09-12 11:49:21,167 basehttp "GET /api/campaigns/22/messages/ HTTP/1.1" 200 711
[INFO] 2025-09-12 11:49:21,339 tasks Sending message to +917702828811
[INFO] 2025-09-12 11:49:21,341 whatsapp_360_client Sending WhatsApp message to 917702828811 using template sample_template_txt
[INFO] 2025-09-12 11:49:23,091 whatsapp_360_client Message sent successfully. Message ID: wamid.HBgMOTE3NzAyODI4ODExFQIAERgSMUMzQTEyRjM5NkVCMTU1RTBDAA==
[INFO] 2025-09-12 11:49:23,300 tasks Sending message to +919538095601
[INFO] 2025-09-12 11:49:23,306 whatsapp_360_client Sending WhatsApp message to 919538095601 using template sample_template_txt
[INFO] 2025-09-12 11:49:23,450 tasks Message sent successfully to +917702828811, Message ID: wamid.HBgMOTE3NzAyODI4ODExFQIAERgSMUMzQTEyRjM5NkVCMTU1RTBDAA==
[INFO] 2025-09-12 11:49:23,576 tasks Campaign 22 still has 2 pending messages
[ERROR] 2025-09-12 11:49:24,566 exception Invalid HTTP_HOST header: '456127c6bcaa.ngrok-free.app'. You may need to add '456127c6bcaa.ngrok-free.app' to ALLOWED_HOSTS.
Traceback (most recent call last):
  File "/home/sohan/whatsapp-campaign/venv/lib/python3.10/site-packages/django/core/handlers/exception.py", line 55, in inner
    response = get_response(request)
  File "/home/sohan/whatsapp-campaign/venv/lib/python3.10/site-packages/django/utils/deprecation.py", line 133, in __call__
    response = self.process_request(request)
  File "/home/sohan/whatsapp-campaign/venv/lib/python3.10/site-packages/django/middleware/common.py", line 48, in process_request
    host = request.get_host()
  File "/home/sohan/whatsapp-campaign/venv/lib/python3.10/site-packages/django/http/request.py", line 150, in get_host
    raise DisallowedHost(msg)
django.core.exceptions.DisallowedHost: Invalid HTTP_HOST header: '456127c6bcaa.ngrok-free.app'. You may need to add '456127c6bcaa.ngrok-free.app' to ALLOWED_HOSTS.
[WARNING] 2025-09-12 11:49:24,647 log Bad Request: /api/webhook/whatsapp/
[WARNING] 2025-09-12 11:49:24,647 basehttp "POST /api/webhook/whatsapp/ HTTP/1.1" 400 74854
[INFO] 2025-09-12 11:49:25,041 whatsapp_360_client Message sent successfully. Message ID: wamid.HBgMOTE5NTM4MDk1NjAxFQIAERgSQzgxNzg2NEJENDBDNkJGODFCAA==
[INFO] 2025-09-12 11:49:25,545 tasks Sending message to +919473181958
[INFO] 2025-09-12 11:49:25,549 whatsapp_360_client Sending WhatsApp message to 919473181958 using template sample_template_txt
[INFO] 2025-09-12 11:49:25,671 tasks Message sent successfully to +919538095601, Message ID: wamid.HBgMOTE5NTM4MDk1NjAxFQIAERgSQzgxNzg2NEJENDBDNkJGODFCAA==
[INFO] 2025-09-12 11:49:25,787 tasks Campaign 22 still has 1 pending messages
[ERROR] 2025-09-12 11:49:26,192 exception Invalid HTTP_HOST header: '456127c6bcaa.ngrok-free.app'. You may need to add '456127c6bcaa.ngrok-free.app' to ALLOWED_HOSTS.
Traceback (most recent call last):
  File "/home/sohan/whatsapp-campaign/venv/lib/python3.10/site-packages/django/core/handlers/exception.py", line 55, in inner
    response = get_response(request)
  File "/home/sohan/whatsapp-campaign/venv/lib/python3.10/site-packages/django/utils/deprecation.py", line 133, in __call__
    response = self.process_request(request)
  File "/home/sohan/whatsapp-campaign/venv/lib/python3.10/site-packages/django/middleware/common.py", line 48, in process_request
    host = request.get_host()
  File "/home/sohan/whatsapp-campaign/venv/lib/python3.10/site-packages/django/http/request.py", line 150, in get_host
    raise DisallowedHost(msg)
django.core.exceptions.DisallowedHost: Invalid HTTP_HOST header: '456127c6bcaa.ngrok-free.app'. You may need to add '456127c6bcaa.ngrok-free.app' to ALLOWED_HOSTS.
[WARNING] 2025-09-12 11:49:26,241 log Bad Request: /api/webhook/whatsapp/
[WARNING] 2025-09-12 11:49:26,241 basehttp "POST /api/webhook/whatsapp/ HTTP/1.1" 400 74846
[ERROR] 2025-09-12 11:49:26,335 exception Invalid HTTP_HOST header: '456127c6bcaa.ngrok-free.app'. You may need to add '456127c6bcaa.ngrok-free.app' to ALLOWED_HOSTS.
Traceback (most recent call last):
  File "/home/sohan/whatsapp-campaign/venv/lib/python3.10/site-packages/django/core/handlers/exception.py", line 55, in inner
    response = get_response(request)
  File "/home/sohan/whatsapp-campaign/venv/lib/python3.10/site-packages/django/utils/deprecation.py", line 133, in __call__
    response = self.process_request(request)
  File "/home/sohan/whatsapp-campaign/venv/lib/python3.10/site-packages/django/middleware/common.py", line 48, in process_request
    host = request.get_host()
  File "/home/sohan/whatsapp-campaign/venv/lib/python3.10/site-packages/django/http/request.py", line 150, in get_host
    raise DisallowedHost(msg)
django.core.exceptions.DisallowedHost: Invalid HTTP_HOST header: '456127c6bcaa.ngrok-free.app'. You may need to add '456127c6bcaa.ngrok-free.app' to ALLOWED_HOSTS.
[WARNING] 2025-09-12 11:49:26,383 log Bad Request: /api/webhook/whatsapp/
[WARNING] 2025-09-12 11:49:26,383 basehttp "POST /api/webhook/whatsapp/ HTTP/1.1" 400 74853
[INFO] 2025-09-12 11:49:27,101 whatsapp_360_client Message sent successfully. Message ID: wamid.HBgMOTE5NDczMTgxOTU4FQIAERgSRUU2RkVBNDYyMzMyRTU0OTFFAA==
[INFO] 2025-09-12 11:49:27,264 tasks Message sent successfully to +919473181958, Message ID: wamid.HBgMOTE5NDczMTgxOTU4FQIAERgSRUU2RkVBNDYyMzMyRTU0OTFFAA==
[ERROR] 2025-09-12 11:49:27,553 exception Invalid HTTP_HOST header: '456127c6bcaa.ngrok-free.app'. You may need to add '456127c6bcaa.ngrok-free.app' to ALLOWED_HOSTS.
Traceback (most recent call last):
  File "/home/sohan/whatsapp-campaign/venv/lib/python3.10/site-packages/django/core/handlers/exception.py", line 55, in inner
    response = get_response(request)
  File "/home/sohan/whatsapp-campaign/venv/lib/python3.10/site-packages/django/utils/deprecation.py", line 133, in __call__
    response = self.process_request(request)
  File "/home/sohan/whatsapp-campaign/venv/lib/python3.10/site-packages/django/middleware/common.py", line 48, in process_request
    host = request.get_host()
  File "/home/sohan/whatsapp-campaign/venv/lib/python3.10/site-packages/django/http/request.py", line 150, in get_host
    raise DisallowedHost(msg)
django.core.exceptions.DisallowedHost: Invalid HTTP_HOST header: '456127c6bcaa.ngrok-free.app'. You may need to add '456127c6bcaa.ngrok-free.app' to ALLOWED_HOSTS.
[WARNING] 2025-09-12 11:49:27,604 log Bad Request: /api/webhook/whatsapp/
[WARNING] 2025-09-12 11:49:27,604 basehttp "POST /api/webhook/whatsapp/ HTTP/1.1" 400 74844
[INFO] 2025-09-12 11:49:27,606 tasks Campaign 22 marked as completed - all messages sent
[ERROR] 2025-09-12 11:49:27,761 exception Invalid HTTP_HOST header: '456127c6bcaa.ngrok-free.app'. You may need to add '456127c6bcaa.ngrok-free.app' to ALLOWED_HOSTS.
Traceback (most recent call last):
  File "/home/sohan/whatsapp-campaign/venv/lib/python3.10/site-packages/django/core/handlers/exception.py", line 55, in inner
    response = get_response(request)
  File "/home/sohan/whatsapp-campaign/venv/lib/python3.10/site-packages/django/utils/deprecation.py", line 133, in __call__
    response = self.process_request(request)
  File "/home/sohan/whatsapp-campaign/venv/lib/python3.10/site-packages/django/middleware/common.py", line 48, in process_request
    host = request.get_host()
  File "/home/sohan/whatsapp-campaign/venv/lib/python3.10/site-packages/django/http/request.py", line 150, in get_host
    raise DisallowedHost(msg)
django.core.exceptions.DisallowedHost: Invalid HTTP_HOST header: '456127c6bcaa.ngrok-free.app'. You may need to add '456127c6bcaa.ngrok-free.app' to ALLOWED_HOSTS.
[WARNING] 2025-09-12 11:49:27,799 log Bad Request: /api/webhook/whatsapp/
[WARNING] 2025-09-12 11:49:27,800 basehttp "POST /api/webhook/whatsapp/ HTTP/1.1" 400 74849
[ERROR] 2025-09-12 11:49:28,587 exception Invalid HTTP_HOST header: '456127c6bcaa.ngrok-free.app'. You may need to add '456127c6bcaa.ngrok-free.app' to ALLOWED_HOSTS.
Traceback (most recent call last):
  File "/home/sohan/whatsapp-campaign/venv/lib/python3.10/site-packages/django/core/handlers/exception.py", line 55, in inner
    response = get_response(request)
  File "/home/sohan/whatsapp-campaign/venv/lib/python3.10/site-packages/django/utils/deprecation.py", line 133, in __call__
    response = self.process_request(request)
  File "/home/sohan/whatsapp-campaign/venv/lib/python3.10/site-packages/django/middleware/common.py", line 48, in process_request
    host = request.get_host()
  File "/home/sohan/whatsapp-campaign/venv/lib/python3.10/site-packages/django/http/request.py", line 150, in get_host
    raise DisallowedHost(msg)
django.core.exceptions.DisallowedHost: Invalid HTTP_HOST header: '456127c6bcaa.ngrok-free.app'. You may need to add '456127c6bcaa.ngrok-free.app' to ALLOWED_HOSTS.
[WARNING] 2025-09-12 11:49:28,635 log Bad Request: /api/webhook/whatsapp/
[WARNING] 2025-09-12 11:49:28,635 basehttp "POST /api/webhook/whatsapp/ HTTP/1.1" 400 74853
[ERROR] 2025-09-12 11:49:28,846 exception Invalid HTTP_HOST header: '456127c6bcaa.ngrok-free.app'. You may need to add '456127c6bcaa.ngrok-free.app' to ALLOWED_HOSTS.
Traceback (most recent call last):
  File "/home/sohan/whatsapp-campaign/venv/lib/python3.10/site-packages/django/core/handlers/exception.py", line 55, in inner
    response = get_response(request)
  File "/home/sohan/whatsapp-campaign/venv/lib/python3.10/site-packages/django/utils/deprecation.py", line 133, in __call__
    response = self.process_request(request)
  File "/home/sohan/whatsapp-campaign/venv/lib/python3.10/site-packages/django/middleware/common.py", line 48, in process_request
    host = request.get_host()
  File "/home/sohan/whatsapp-campaign/venv/lib/python3.10/site-packages/django/http/request.py", line 150, in get_host
    raise DisallowedHost(msg)
django.core.exceptions.DisallowedHost: Invalid HTTP_HOST header: '456127c6bcaa.ngrok-free.app'. You may need to add '456127c6bcaa.ngrok-free.app' to ALLOWED_HOSTS.
[WARNING] 2025-09-12 11:49:28,899 log Bad Request: /api/webhook/whatsapp/
[WARNING] 2025-09-12 11:49:28,900 basehttp "POST /api/webhook/whatsapp/ HTTP/1.1" 400 74852
[ERROR] 2025-09-12 11:49:29,028 exception Invalid HTTP_HOST header: '456127c6bcaa.ngrok-free.app'. You may need to add '456127c6bcaa.ngrok-free.app' to ALLOWED_HOSTS.
Traceback (most recent call last):
  File "/home/sohan/whatsapp-campaign/venv/lib/python3.10/site-packages/django/core/handlers/exception.py", line 55, in inner
    response = get_response(request)
  File "/home/sohan/whatsapp-campaign/venv/lib/python3.10/site-packages/django/utils/deprecation.py", line 133, in __call__
    response = self.process_request(request)
  File "/home/sohan/whatsapp-campaign/venv/lib/python3.10/site-packages/django/middleware/common.py", line 48, in process_request
    host = request.get_host()
  File "/home/sohan/whatsapp-campaign/venv/lib/python3.10/site-packages/django/http/request.py", line 150, in get_host
    raise DisallowedHost(msg)
django.core.exceptions.DisallowedHost: Invalid HTTP_HOST header: '456127c6bcaa.ngrok-free.app'. You may need to add '456127c6bcaa.ngrok-free.app' to ALLOWED_HOSTS.
[WARNING] 2025-09-12 11:49:29,107 log Bad Request: /api/webhook/whatsapp/
[WARNING] 2025-09-12 11:49:29,108 basehttp "POST /api/webhook/whatsapp/ HTTP/1.1" 400 74847
[ERROR] 2025-09-12 11:49:29,874 exception Invalid HTTP_HOST header: '456127c6bcaa.ngrok-free.app'. You may need to add '456127c6bcaa.ngrok-free.app' to ALLOWED_HOSTS.
Traceback (most recent call last):
  File "/home/sohan/whatsapp-campaign/venv/lib/python3.10/site-packages/django/core/handlers/exception.py", line 55, in inner
    response = get_response(request)
  File "/home/sohan/whatsapp-campaign/venv/lib/python3.10/site-packages/django/utils/deprecation.py", line 133, in __call__
    response = self.process_request(request)
  File "/home/sohan/whatsapp-campaign/venv/lib/python3.10/site-packages/django/middleware/common.py", line 48, in process_request
    host = request.get_host()
  File "/home/sohan/whatsapp-campaign/venv/lib/python3.10/site-packages/django/http/request.py", line 150, in get_host
    raise DisallowedHost(msg)
django.core.exceptions.DisallowedHost: Invalid HTTP_HOST header: '456127c6bcaa.ngrok-free.app'. You may need to add '456127c6bcaa.ngrok-free.app' to ALLOWED_HOSTS.
[WARNING] 2025-09-12 11:49:29,898 log Bad Request: /api/webhook/whatsapp/
[WARNING] 2025-09-12 11:49:29,898 basehttp "POST /api/webhook/whatsapp/ HTTP/1.1" 400 74846
[ERROR] 2025-09-12 11:49:30,040 exception Invalid HTTP_HOST header: '456127c6bcaa.ngrok-free.app'. You may need to add '456127c6bcaa.ngrok-free.app' to ALLOWED_HOSTS.
Traceback (most recent call last):
  File "/home/sohan/whatsapp-campaign/venv/lib/python3.10/site-packages/django/core/handlers/exception.py", line 55, in inner
    response = get_response(request)
  File "/home/sohan/whatsapp-campaign/venv/lib/python3.10/site-packages/django/utils/deprecation.py", line 133, in __call__
    response = self.process_request(request)
  File "/home/sohan/whatsapp-campaign/venv/lib/python3.10/site-packages/django/middleware/common.py", line 48, in process_request
    host = request.get_host()
  File "/home/sohan/whatsapp-campaign/venv/lib/python3.10/site-packages/django/http/request.py", line 150, in get_host
    raise DisallowedHost(msg)
django.core.exceptions.DisallowedHost: Invalid HTTP_HOST header: '456127c6bcaa.ngrok-free.app'. You may need to add '456127c6bcaa.ngrok-free.app' to ALLOWED_HOSTS.
[WARNING] 2025-09-12 11:49:30,061 log Bad Request: /api/webhook/whatsapp/
[WARNING] 2025-09-12 11:49:30,061 basehttp "POST /api/webhook/whatsapp/ HTTP/1.1" 400 74850
[ERROR] 2025-09-12 11:49:30,123 exception Invalid HTTP_HOST header: '456127c6bcaa.ngrok-free.app'. You may need to add '456127c6bcaa.ngrok-free.app' to ALLOWED_HOSTS.
Traceback (most recent call last):
  File "/home/sohan/whatsapp-campaign/venv/lib/python3.10/site-packages/django/core/handlers/exception.py", line 55, in inner
    response = get_response(request)
  File "/home/sohan/whatsapp-campaign/venv/lib/python3.10/site-packages/django/utils/deprecation.py", line 133, in __call__
    response = self.process_request(request)
  File "/home/sohan/whatsapp-campaign/venv/lib/python3.10/site-packages/django/middleware/common.py", line 48, in process_request
    host = request.get_host()
  File "/home/sohan/whatsapp-campaign/venv/lib/python3.10/site-packages/django/http/request.py", line 150, in get_host
    raise DisallowedHost(msg)
django.core.exceptions.DisallowedHost: Invalid HTTP_HOST header: '456127c6bcaa.ngrok-free.app'. You may need to add '456127c6bcaa.ngrok-free.app' to ALLOWED_HOSTS.
[WARNING] 2025-09-12 11:49:30,143 log Bad Request: /api/webhook/whatsapp/
[WARNING] 2025-09-12 11:49:30,144 basehttp "POST /api/webhook/whatsapp/ HTTP/1.1" 400 74852
[ERROR] 2025-09-12 11:49:30,716 exception Invalid HTTP_HOST header: '456127c6bcaa.ngrok-free.app'. You may need to add '456127c6bcaa.ngrok-free.app' to ALLOWED_HOSTS.
Traceback (most recent call last):
  File "/home/sohan/whatsapp-campaign/venv/lib/python3.10/site-packages/django/core/handlers/exception.py", line 55, in inner
    response = get_response(request)
  File "/home/sohan/whatsapp-campaign/venv/lib/python3.10/site-packages/django/utils/deprecation.py", line 133, in __call__
    response = self.process_request(request)
  File "/home/sohan/whatsapp-campaign/venv/lib/python3.10/site-packages/django/middleware/common.py", line 48, in process_request
    host = request.get_host()
  File "/home/sohan/whatsapp-campaign/venv/lib/python3.10/site-packages/django/http/request.py", line 150, in get_host
    raise DisallowedHost(msg)
django.core.exceptions.DisallowedHost: Invalid HTTP_HOST header: '456127c6bcaa.ngrok-free.app'. You may need to add '456127c6bcaa.ngrok-free.app' to ALLOWED_HOSTS.
[WARNING] 2025-09-12 11:49:30,740 log Bad Request: /api/webhook/whatsapp/
[WARNING] 2025-09-12 11:49:30,740 basehttp "POST /api/webhook/whatsapp/ HTTP/1.1" 400 74847
[ERROR] 2025-09-12 11:49:31,654 exception Invalid HTTP_HOST header: '456127c6bcaa.ngrok-free.app'. You may need to add '456127c6bcaa.ngrok-free.app' to ALLOWED_HOSTS.
Traceback (most recent call last):
  File "/home/sohan/whatsapp-campaign/venv/lib/python3.10/site-packages/django/core/handlers/exception.py", line 55, in inner
    response = get_response(request)
  File "/home/sohan/whatsapp-campaign/venv/lib/python3.10/site-packages/django/utils/deprecation.py", line 133, in __call__
    response = self.process_request(request)
  File "/home/sohan/whatsapp-campaign/venv/lib/python3.10/site-packages/django/middleware/common.py", line 48, in process_request
    host = request.get_host()
  File "/home/sohan/whatsapp-campaign/venv/lib/python3.10/site-packages/django/http/request.py", line 150, in get_host
    raise DisallowedHost(msg)
django.core.exceptions.DisallowedHost: Invalid HTTP_HOST header: '456127c6bcaa.ngrok-free.app'. You may need to add '456127c6bcaa.ngrok-free.app' to ALLOWED_HOSTS.
[WARNING] 2025-09-12 11:49:31,679 log Bad Request: /api/webhook/whatsapp/
[WARNING] 2025-09-12 11:49:31,679 basehttp "POST /api/webhook/whatsapp/ HTTP/1.1" 400 74854
[ERROR] 2025-09-12 11:49:31,801 exception Invalid HTTP_HOST header: '456127c6bcaa.ngrok-free.app'. You may need to add '456127c6bcaa.ngrok-free.app' to ALLOWED_HOSTS.
Traceback (most recent call last):
  File "/home/sohan/whatsapp-campaign/venv/lib/python3.10/site-packages/django/core/handlers/exception.py", line 55, in inner
    response = get_response(request)
  File "/home/sohan/whatsapp-campaign/venv/lib/python3.10/site-packages/django/utils/deprecation.py", line 133, in __call__
    response = self.process_request(request)
  File "/home/sohan/whatsapp-campaign/venv/lib/python3.10/site-packages/django/middleware/common.py", line 48, in process_request
    host = request.get_host()
  File "/home/sohan/whatsapp-campaign/venv/lib/python3.10/site-packages/django/http/request.py", line 150, in get_host
    raise DisallowedHost(msg)
django.core.exceptions.DisallowedHost: Invalid HTTP_HOST header: '456127c6bcaa.ngrok-free.app'. You may need to add '456127c6bcaa.ngrok-free.app' to ALLOWED_HOSTS.
[WARNING] 2025-09-12 11:49:31,825 log Bad Request: /api/webhook/whatsapp/
[WARNING] 2025-09-12 11:49:31,825 basehttp "POST /api/webhook/whatsapp/ HTTP/1.1" 400 74849
[ERROR] 2025-09-12 11:49:33,470 exception Invalid HTTP_HOST header: '456127c6bcaa.ngrok-free.app'. You may need to add '456127c6bcaa.ngrok-free.app' to ALLOWED_HOSTS.
Traceback (most recent call last):
  File "/home/sohan/whatsapp-campaign/venv/lib/python3.10/site-packages/django/core/handlers/exception.py", line 55, in inner
    response = get_response(request)
  File "/home/sohan/whatsapp-campaign/venv/lib/python3.10/site-packages/django/utils/deprecation.py", line 133, in __call__
    response = self.process_request(request)
  File "/home/sohan/whatsapp-campaign/venv/lib/python3.10/site-packages/django/middleware/common.py", line 48, in process_request
    host = request.get_host()
  File "/home/sohan/whatsapp-campaign/venv/lib/python3.10/site-packages/django/http/request.py", line 150, in get_host
    raise DisallowedHost(msg)
django.core.exceptions.DisallowedHost: Invalid HTTP_HOST header: '456127c6bcaa.ngrok-free.app'. You may need to add '456127c6bcaa.ngrok-free.app' to ALLOWED_HOSTS.
[WARNING] 2025-09-12 11:49:33,507 log Bad Request: /api/webhook/whatsapp/
[WARNING] 2025-09-12 11:49:33,508 basehttp "POST /api/webhook/whatsapp/ HTTP/1.1" 400 74851
[ERROR] 2025-09-12 11:49:34,357 exception Invalid HTTP_HOST header: '456127c6bcaa.ngrok-free.app'. You may need to add '456127c6bcaa.ngrok-free.app' to ALLOWED_HOSTS.
Traceback (most recent call last):
  File "/home/sohan/whatsapp-campaign/venv/lib/python3.10/site-packages/django/core/handlers/exception.py", line 55, in inner
    response = get_response(request)
  File "/home/sohan/whatsapp-campaign/venv/lib/python3.10/site-packages/django/utils/deprecation.py", line 133, in __call__
    response = self.process_request(request)
  File "/home/sohan/whatsapp-campaign/venv/lib/python3.10/site-packages/django/middleware/common.py", line 48, in process_request
    host = request.get_host()
  File "/home/sohan/whatsapp-campaign/venv/lib/python3.10/site-packages/django/http/request.py", line 150, in get_host
    raise DisallowedHost(msg)
django.core.exceptions.DisallowedHost: Invalid HTTP_HOST header: '456127c6bcaa.ngrok-free.app'. You may need to add '456127c6bcaa.ngrok-free.app' to ALLOWED_HOSTS.
[WARNING] 2025-09-12 11:49:34,401 log Bad Request: /api/webhook/whatsapp/
[WARNING] 2025-09-12 11:49:34,402 basehttp "POST /api/webhook/whatsapp/ HTTP/1.1" 400 74846
[ERROR] 2025-09-12 11:49:38,073 exception Invalid HTTP_HOST header: '456127c6bcaa.ngrok-free.app'. You may need to add '456127c6bcaa.ngrok-free.app' to ALLOWED_HOSTS.
Traceback (most recent call last):
  File "/home/sohan/whatsapp-campaign/venv/lib/python3.10/site-packages/django/core/handlers/exception.py", line 55, in inner
    response = get_response(request)
  File "/home/sohan/whatsapp-campaign/venv/lib/python3.10/site-packages/django/utils/deprecation.py", line 133, in __call__
    response = self.process_request(request)
  File "/home/sohan/whatsapp-campaign/venv/lib/python3.10/site-packages/django/middleware/common.py", line 48, in process_request
    host = request.get_host()
  File "/home/sohan/whatsapp-campaign/venv/lib/python3.10/site-packages/django/http/request.py", line 150, in get_host
    raise DisallowedHost(msg)
django.core.exceptions.DisallowedHost: Invalid HTTP_HOST header: '456127c6bcaa.ngrok-free.app'. You may need to add '456127c6bcaa.ngrok-free.app' to ALLOWED_HOSTS.
[WARNING] 2025-09-12 11:49:38,114 log Bad Request: /api/webhook/whatsapp/
[WARNING] 2025-09-12 11:49:38,114 basehttp "POST /api/webhook/whatsapp/ HTTP/1.1" 400 74849
[ERROR] 2025-09-12 11:49:48,743 exception Invalid HTTP_HOST header: '456127c6bcaa.ngrok-free.app'. You may need to add '456127c6bcaa.ngrok-free.app' to ALLOWED_HOSTS.
Traceback (most recent call last):
  File "/home/sohan/whatsapp-campaign/venv/lib/python3.10/site-packages/django/core/handlers/exception.py", line 55, in inner
    response = get_response(request)
  File "/home/sohan/whatsapp-campaign/venv/lib/python3.10/site-packages/django/utils/deprecation.py", line 133, in __call__
    response = self.process_request(request)
  File "/home/sohan/whatsapp-campaign/venv/lib/python3.10/site-packages/django/middleware/common.py", line 48, in process_request
    host = request.get_host()
  File "/home/sohan/whatsapp-campaign/venv/lib/python3.10/site-packages/django/http/request.py", line 150, in get_host
    raise DisallowedHost(msg)
django.core.exceptions.DisallowedHost: Invalid HTTP_HOST header: '456127c6bcaa.ngrok-free.app'. You may need to add '456127c6bcaa.ngrok-free.app' to ALLOWED_HOSTS.
[WARNING] 2025-09-12 11:49:48,793 log Bad Request: /api/webhook/whatsapp/
[WARNING] 2025-09-12 11:49:48,794 basehttp "POST /api/webhook/whatsapp/ HTTP/1.1" 400 74853
[ERROR] 2025-09-12 11:49:53,454 exception Invalid HTTP_HOST header: '456127c6bcaa.ngrok-free.app'. You may need to add '456127c6bcaa.ngrok-free.app' to ALLOWED_HOSTS.
Traceback (most recent call last):
  File "/home/sohan/whatsapp-campaign/venv/lib/python3.10/site-packages/django/core/handlers/exception.py", line 55, in inner
    response = get_response(request)
  File "/home/sohan/whatsapp-campaign/venv/lib/python3.10/site-packages/django/utils/deprecation.py", line 133, in __call__
    response = self.process_request(request)
  File "/home/sohan/whatsapp-campaign/venv/lib/python3.10/site-packages/django/middleware/common.py", line 48, in process_request
    host = request.get_host()
  File "/home/sohan/whatsapp-campaign/venv/lib/python3.10/site-packages/django/http/request.py", line 150, in get_host
    raise DisallowedHost(msg)
django.core.exceptions.DisallowedHost: Invalid HTTP_HOST header: '456127c6bcaa.ngrok-free.app'. You may need to add '456127c6bcaa.ngrok-free.app' to ALLOWED_HOSTS.
[WARNING] 2025-09-12 11:49:53,489 log Bad Request: /api/webhook/whatsapp/
[WARNING] 2025-09-12 11:49:53,489 basehttp "POST /api/webhook/whatsapp/ HTTP/1.1" 400 74845
[INFO] 2025-09-12 11:49:53,682 tasks Campaign 22 is not running, status: completed
[INFO] 2025-09-12 11:49:55,988 tasks Campaign 22 is not running, status: completed
[INFO] 2025-09-12 11:49:56,155 tasks Campaign 22 is not running, status: completed
[ERROR] 2025-09-12 11:49:56,356 exception Invalid HTTP_HOST header: '456127c6bcaa.ngrok-free.app'. You may need to add '456127c6bcaa.ngrok-free.app' to ALLOWED_HOSTS.
Traceback (most recent call last):
  File "/home/sohan/whatsapp-campaign/venv/lib/python3.10/site-packages/django/core/handlers/exception.py", line 55, in inner
    response = get_response(request)
  File "/home/sohan/whatsapp-campaign/venv/lib/python3.10/site-packages/django/utils/deprecation.py", line 133, in __call__
    response = self.process_request(request)
  File "/home/sohan/whatsapp-campaign/venv/lib/python3.10/site-packages/django/middleware/common.py", line 48, in process_request
    host = request.get_host()
  File "/home/sohan/whatsapp-campaign/venv/lib/python3.10/site-packages/django/http/request.py", line 150, in get_host
    raise DisallowedHost(msg)
django.core.exceptions.DisallowedHost: Invalid HTTP_HOST header: '456127c6bcaa.ngrok-free.app'. You may need to add '456127c6bcaa.ngrok-free.app' to ALLOWED_HOSTS.
[WARNING] 2025-09-12 11:49:56,395 log Bad Request: /api/webhook/whatsapp/
[WARNING] 2025-09-12 11:49:56,396 basehttp "POST /api/webhook/whatsapp/ HTTP/1.1" 400 74854
[ERROR] 2025-09-12 11:50:13,362 exception Invalid HTTP_HOST header: '456127c6bcaa.ngrok-free.app'. You may need to add '456127c6bcaa.ngrok-free.app' to ALLOWED_HOSTS.
Traceback (most recent call last):
  File "/home/sohan/whatsapp-campaign/venv/lib/python3.10/site-packages/django/core/handlers/exception.py", line 55, in inner
    response = get_response(request)
  File "/home/sohan/whatsapp-campaign/venv/lib/python3.10/site-packages/django/utils/deprecation.py", line 133, in __call__
    response = self.process_request(request)
  File "/home/sohan/whatsapp-campaign/venv/lib/python3.10/site-packages/django/middleware/common.py", line 48, in process_request
    host = request.get_host()
  File "/home/sohan/whatsapp-campaign/venv/lib/python3.10/site-packages/django/http/request.py", line 150, in get_host
    raise DisallowedHost(msg)
django.core.exceptions.DisallowedHost: Invalid HTTP_HOST header: '456127c6bcaa.ngrok-free.app'. You may need to add '456127c6bcaa.ngrok-free.app' to ALLOWED_HOSTS.
[WARNING] 2025-09-12 11:50:13,405 log Bad Request: /api/webhook/whatsapp/
[WARNING] 2025-09-12 11:50:13,408 basehttp "POST /api/webhook/whatsapp/ HTTP/1.1" 400 74851
[ERROR] 2025-09-12 11:50:14,577 exception Invalid HTTP_HOST header: '456127c6bcaa.ngrok-free.app'. You may need to add '456127c6bcaa.ngrok-free.app' to ALLOWED_HOSTS.
Traceback (most recent call last):
  File "/home/sohan/whatsapp-campaign/venv/lib/python3.10/site-packages/django/core/handlers/exception.py", line 55, in inner
    response = get_response(request)
  File "/home/sohan/whatsapp-campaign/venv/lib/python3.10/site-packages/django/utils/deprecation.py", line 133, in __call__
    response = self.process_request(request)
  File "/home/sohan/whatsapp-campaign/venv/lib/python3.10/site-packages/django/middleware/common.py", line 48, in process_request
    host = request.get_host()
  File "/home/sohan/whatsapp-campaign/venv/lib/python3.10/site-packages/django/http/request.py", line 150, in get_host
    raise DisallowedHost(msg)
django.core.exceptions.DisallowedHost: Invalid HTTP_HOST header: '456127c6bcaa.ngrok-free.app'. You may need to add '456127c6bcaa.ngrok-free.app' to ALLOWED_HOSTS.
[WARNING] 2025-09-12 11:50:14,626 log Bad Request: /api/webhook/whatsapp/
[WARNING] 2025-09-12 11:50:14,626 basehttp "POST /api/webhook/whatsapp/ HTTP/1.1" 400 74846
[ERROR] 2025-09-12 11:50:15,766 exception Invalid HTTP_HOST header: '456127c6bcaa.ngrok-free.app'. You may need to add '456127c6bcaa.ngrok-free.app' to ALLOWED_HOSTS.
Traceback (most recent call last):
  File "/home/sohan/whatsapp-campaign/venv/lib/python3.10/site-packages/django/core/handlers/exception.py", line 55, in inner
    response = get_response(request)
  File "/home/sohan/whatsapp-campaign/venv/lib/python3.10/site-packages/django/utils/deprecation.py", line 133, in __call__
    response = self.process_request(request)
  File "/home/sohan/whatsapp-campaign/venv/lib/python3.10/site-packages/django/middleware/common.py", line 48, in process_request
    host = request.get_host()
  File "/home/sohan/whatsapp-campaign/venv/lib/python3.10/site-packages/django/http/request.py", line 150, in get_host
    raise DisallowedHost(msg)
django.core.exceptions.DisallowedHost: Invalid HTTP_HOST header: '456127c6bcaa.ngrok-free.app'. You may need to add '456127c6bcaa.ngrok-free.app' to ALLOWED_HOSTS.
[WARNING] 2025-09-12 11:50:15,815 log Bad Request: /api/webhook/whatsapp/
[WARNING] 2025-09-12 11:50:15,816 basehttp "POST /api/webhook/whatsapp/ HTTP/1.1" 400 74846
[ERROR] 2025-09-12 11:50:16,264 exception Invalid HTTP_HOST header: '456127c6bcaa.ngrok-free.app'. You may need to add '456127c6bcaa.ngrok-free.app' to ALLOWED_HOSTS.
Traceback (most recent call last):
  File "/home/sohan/whatsapp-campaign/venv/lib/python3.10/site-packages/django/core/handlers/exception.py", line 55, in inner
    response = get_response(request)
  File "/home/sohan/whatsapp-campaign/venv/lib/python3.10/site-packages/django/utils/deprecation.py", line 133, in __call__
    response = self.process_request(request)
  File "/home/sohan/whatsapp-campaign/venv/lib/python3.10/site-packages/django/middleware/common.py", line 48, in process_request
    host = request.get_host()
  File "/home/sohan/whatsapp-campaign/venv/lib/python3.10/site-packages/django/http/request.py", line 150, in get_host
    raise DisallowedHost(msg)
django.core.exceptions.DisallowedHost: Invalid HTTP_HOST header: '456127c6bcaa.ngrok-free.app'. You may need to add '456127c6bcaa.ngrok-free.app' to ALLOWED_HOSTS.
[WARNING] 2025-09-12 11:50:16,302 log Bad Request: /api/webhook/whatsapp/
[WARNING] 2025-09-12 11:50:16,302 basehttp "POST /api/webhook/whatsapp/ HTTP/1.1" 400 74852
[ERROR] 2025-09-12 11:50:17,254 exception Invalid HTTP_HOST header: '456127c6bcaa.ngrok-free.app'. You may need to add '456127c6bcaa.ngrok-free.app' to ALLOWED_HOSTS.
Traceback (most recent call last):
  File "/home/sohan/whatsapp-campaign/venv/lib/python3.10/site-packages/django/core/handlers/exception.py", line 55, in inner
    response = get_response(request)
  File "/home/sohan/whatsapp-campaign/venv/lib/python3.10/site-packages/django/utils/deprecation.py", line 133, in __call__
    response = self.process_request(request)
  File "/home/sohan/whatsapp-campaign/venv/lib/python3.10/site-packages/django/middleware/common.py", line 48, in process_request
    host = request.get_host()
  File "/home/sohan/whatsapp-campaign/venv/lib/python3.10/site-packages/django/http/request.py", line 150, in get_host
    raise DisallowedHost(msg)
django.core.exceptions.DisallowedHost: Invalid HTTP_HOST header: '456127c6bcaa.ngrok-free.app'. You may need to add '456127c6bcaa.ngrok-free.app' to ALLOWED_HOSTS.
[WARNING] 2025-09-12 11:50:17,299 log Bad Request: /api/webhook/whatsapp/
[WARNING] 2025-09-12 11:50:17,299 basehttp "POST /api/webhook/whatsapp/ HTTP/1.1" 400 74854
[ERROR] 2025-09-12 11:50:18,228 exception Invalid HTTP_HOST header: '456127c6bcaa.ngrok-free.app'. You may need to add '456127c6bcaa.ngrok-free.app' to ALLOWED_HOSTS.
Traceback (most recent call last):
  File "/home/sohan/whatsapp-campaign/venv/lib/python3.10/site-packages/django/core/handlers/exception.py", line 55, in inner
    response = get_response(request)
  File "/home/sohan/whatsapp-campaign/venv/lib/python3.10/site-packages/django/utils/deprecation.py", line 133, in __call__
    response = self.process_request(request)
  File "/home/sohan/whatsapp-campaign/venv/lib/python3.10/site-packages/django/middleware/common.py", line 48, in process_request
    host = request.get_host()
  File "/home/sohan/whatsapp-campaign/venv/lib/python3.10/site-packages/django/http/request.py", line 150, in get_host
    raise DisallowedHost(msg)
django.core.exceptions.DisallowedHost: Invalid HTTP_HOST header: '456127c6bcaa.ngrok-free.app'. You may need to add '456127c6bcaa.ngrok-free.app' to ALLOWED_HOSTS.
[WARNING] 2025-09-12 11:50:18,279 log Bad Request: /api/webhook/whatsapp/
[WARNING] 2025-09-12 11:50:18,279 basehttp "POST /api/webhook/whatsapp/ HTTP/1.1" 400 74848
[ERROR] 2025-09-12 11:50:18,356 exception Invalid HTTP_HOST header: '456127c6bcaa.ngrok-free.app'. You may need to add '456127c6bcaa.ngrok-free.app' to ALLOWED_HOSTS.
Traceback (most recent call last):
  File "/home/sohan/whatsapp-campaign/venv/lib/python3.10/site-packages/django/core/handlers/exception.py", line 55, in inner
    response = get_response(request)
  File "/home/sohan/whatsapp-campaign/venv/lib/python3.10/site-packages/django/utils/deprecation.py", line 133, in __call__
    response = self.process_request(request)
  File "/home/sohan/whatsapp-campaign/venv/lib/python3.10/site-packages/django/middleware/common.py", line 48, in process_request
    host = request.get_host()
  File "/home/sohan/whatsapp-campaign/venv/lib/python3.10/site-packages/django/http/request.py", line 150, in get_host
    raise DisallowedHost(msg)
django.core.exceptions.DisallowedHost: Invalid HTTP_HOST header: '456127c6bcaa.ngrok-free.app'. You may need to add '456127c6bcaa.ngrok-free.app' to ALLOWED_HOSTS.
[WARNING] 2025-09-12 11:50:18,405 log Bad Request: /api/webhook/whatsapp/
[WARNING] 2025-09-12 11:50:18,406 basehttp "POST /api/webhook/whatsapp/ HTTP/1.1" 400 74857
[ERROR] 2025-09-12 11:50:19,980 exception Invalid HTTP_HOST header: '456127c6bcaa.ngrok-free.app'. You may need to add '456127c6bcaa.ngrok-free.app' to ALLOWED_HOSTS.
Traceback (most recent call last):
  File "/home/sohan/whatsapp-campaign/venv/lib/python3.10/site-packages/django/core/handlers/exception.py", line 55, in inner
    response = get_response(request)
  File "/home/sohan/whatsapp-campaign/venv/lib/python3.10/site-packages/django/utils/deprecation.py", line 133, in __call__
    response = self.process_request(request)
  File "/home/sohan/whatsapp-campaign/venv/lib/python3.10/site-packages/django/middleware/common.py", line 48, in process_request
    host = request.get_host()
  File "/home/sohan/whatsapp-campaign/venv/lib/python3.10/site-packages/django/http/request.py", line 150, in get_host
    raise DisallowedHost(msg)
django.core.exceptions.DisallowedHost: Invalid HTTP_HOST header: '456127c6bcaa.ngrok-free.app'. You may need to add '456127c6bcaa.ngrok-free.app' to ALLOWED_HOSTS.
[WARNING] 2025-09-12 11:50:20,014 log Bad Request: /api/webhook/whatsapp/
[WARNING] 2025-09-12 11:50:20,015 basehttp "POST /api/webhook/whatsapp/ HTTP/1.1" 400 74853
[ERROR] 2025-09-12 11:50:30,264 exception Invalid HTTP_HOST header: '456127c6bcaa.ngrok-free.app'. You may need to add '456127c6bcaa.ngrok-free.app' to ALLOWED_HOSTS.
Traceback (most recent call last):
  File "/home/sohan/whatsapp-campaign/venv/lib/python3.10/site-packages/django/core/handlers/exception.py", line 55, in inner
    response = get_response(request)
  File "/home/sohan/whatsapp-campaign/venv/lib/python3.10/site-packages/django/utils/deprecation.py", line 133, in __call__
    response = self.process_request(request)
  File "/home/sohan/whatsapp-campaign/venv/lib/python3.10/site-packages/django/middleware/common.py", line 48, in process_request
    host = request.get_host()
  File "/home/sohan/whatsapp-campaign/venv/lib/python3.10/site-packages/django/http/request.py", line 150, in get_host
    raise DisallowedHost(msg)
django.core.exceptions.DisallowedHost: Invalid HTTP_HOST header: '456127c6bcaa.ngrok-free.app'. You may need to add '456127c6bcaa.ngrok-free.app' to ALLOWED_HOSTS.
[WARNING] 2025-09-12 11:50:30,314 log Bad Request: /api/webhook/whatsapp/
[WARNING] 2025-09-12 11:50:30,315 basehttp "POST /api/webhook/whatsapp/ HTTP/1.1" 400 74846
[ERROR] 2025-09-12 11:50:33,194 exception Invalid HTTP_HOST header: '456127c6bcaa.ngrok-free.app'. You may need to add '456127c6bcaa.ngrok-free.app' to ALLOWED_HOSTS.
Traceback (most recent call last):
  File "/home/sohan/whatsapp-campaign/venv/lib/python3.10/site-packages/django/core/handlers/exception.py", line 55, in inner
    response = get_response(request)
  File "/home/sohan/whatsapp-campaign/venv/lib/python3.10/site-packages/django/utils/deprecation.py", line 133, in __call__
    response = self.process_request(request)
  File "/home/sohan/whatsapp-campaign/venv/lib/python3.10/site-packages/django/middleware/common.py", line 48, in process_request
    host = request.get_host()
  File "/home/sohan/whatsapp-campaign/venv/lib/python3.10/site-packages/django/http/request.py", line 150, in get_host
    raise DisallowedHost(msg)
django.core.exceptions.DisallowedHost: Invalid HTTP_HOST header: '456127c6bcaa.ngrok-free.app'. You may need to add '456127c6bcaa.ngrok-free.app' to ALLOWED_HOSTS.
[WARNING] 2025-09-12 11:50:33,235 log Bad Request: /api/webhook/whatsapp/
[WARNING] 2025-09-12 11:50:33,235 basehttp "POST /api/webhook/whatsapp/ HTTP/1.1" 400 74854
[INFO] 2025-09-12 11:50:47,688 basehttp "GET /api/campaigns/?page=1 HTTP/1.1" 200 4874
[INFO] 2025-09-12 11:50:47,719 basehttp "GET /api/campaigns/22/ HTTP/1.1" 200 1452
[INFO] 2025-09-12 11:50:47,741 basehttp "GET /api/campaigns/22/statistics/ HTTP/1.1" 200 393
[INFO] 2025-09-12 11:50:47,789 basehttp "GET /api/campaigns/22/messages/ HTTP/1.1" 200 780
[ERROR] 2025-09-12 11:50:54,737 exception Invalid HTTP_HOST header: '456127c6bcaa.ngrok-free.app'. You may need to add '456127c6bcaa.ngrok-free.app' to ALLOWED_HOSTS.
Traceback (most recent call last):
  File "/home/sohan/whatsapp-campaign/venv/lib/python3.10/site-packages/django/core/handlers/exception.py", line 55, in inner
    response = get_response(request)
  File "/home/sohan/whatsapp-campaign/venv/lib/python3.10/site-packages/django/utils/deprecation.py", line 133, in __call__
    response = self.process_request(request)
  File "/home/sohan/whatsapp-campaign/venv/lib/python3.10/site-packages/django/middleware/common.py", line 48, in process_request
    host = request.get_host()
  File "/home/sohan/whatsapp-campaign/venv/lib/python3.10/site-packages/django/http/request.py", line 150, in get_host
    raise DisallowedHost(msg)
django.core.exceptions.DisallowedHost: Invalid HTTP_HOST header: '456127c6bcaa.ngrok-free.app'. You may need to add '456127c6bcaa.ngrok-free.app' to ALLOWED_HOSTS.
[WARNING] 2025-09-12 11:50:54,788 log Bad Request: /api/webhook/whatsapp/
[WARNING] 2025-09-12 11:50:54,789 basehttp "POST /api/webhook/whatsapp/ HTTP/1.1" 400 74852
[INFO] 2025-09-12 11:51:58,485 autoreload Watching for file changes with StatReloader
[ERROR] 2025-09-12 11:52:35,255 exception Invalid HTTP_HOST header: '456127c6bcaa.ngrok-free.app'. You may need to add '456127c6bcaa.ngrok-free.app' to ALLOWED_HOSTS.
Traceback (most recent call last):
  File "/home/sohan/whatsapp-campaign/venv/lib/python3.10/site-packages/django/core/handlers/exception.py", line 55, in inner
    response = get_response(request)
  File "/home/sohan/whatsapp-campaign/venv/lib/python3.10/site-packages/django/utils/deprecation.py", line 133, in __call__
    response = self.process_request(request)
  File "/home/sohan/whatsapp-campaign/venv/lib/python3.10/site-packages/django/middleware/common.py", line 48, in process_request
    host = request.get_host()
  File "/home/sohan/whatsapp-campaign/venv/lib/python3.10/site-packages/django/http/request.py", line 150, in get_host
    raise DisallowedHost(msg)
django.core.exceptions.DisallowedHost: Invalid HTTP_HOST header: '456127c6bcaa.ngrok-free.app'. You may need to add '456127c6bcaa.ngrok-free.app' to ALLOWED_HOSTS.
[WARNING] 2025-09-12 11:52:35,291 log Bad Request: /api/webhook/whatsapp/
[WARNING] 2025-09-12 11:52:35,291 basehttp "POST /api/webhook/whatsapp/ HTTP/1.1" 400 74805
[INFO] 2025-09-12 11:53:22,083 autoreload Watching for file changes with StatReloader
[INFO] 2025-09-12 11:53:32,188 webhook_handler Received webhook: {
  "object": "whatsapp_business_account",
  "entry": [
    {
      "id": "114374441730441",
      "changes": [
        {
          "value": {
            "messaging_product": "whatsapp",
            "metadata": {
              "display_phone_number": "917996002222",
              "phone_number_id": "114392571729051"
            },
            "statuses": [
              {
                "id": "wamid.HBgMOTE5NDczMTgxOTU4FQIAERgSRUU2RkVBNDYyMzMyRTU0OTFFAA==",
                "status": "read",
                "timestamp": "1757678010",
                "recipient_id": "919473181958"
              }
            ]
          },
          "field": "messages"
        }
      ]
    }
  ]
}
[INFO] 2025-09-12 11:53:32,238 basehttp "POST /api/webhook/whatsapp/ HTTP/1.1" 200 22
[INFO] 2025-09-12 11:53:32,329 webhook_processor Processing status update: wamid.HBgMOTE5NDczMTgxOTU4FQIAERgSRUU2RkVBNDYyMzMyRTU0OTFFAA== -> read
[INFO] 2025-09-12 11:53:32,639 webhook_processor Updated message wamid.HBgMOTE5NDczMTgxOTU4FQIAERgSRUU2RkVBNDYyMzMyRTU0OTFFAA==: sent -> read
[INFO] 2025-09-12 11:53:48,121 basehttp "GET /admin/campaigns/webhooklog/ HTTP/1.1" 200 37919
[INFO] 2025-09-12 11:53:48,154 basehttp "GET /admin/jsi18n/ HTTP/1.1" 200 3343
[WARNING] 2025-09-12 11:53:48,249 log Not Found: /favicon.ico
[INFO] 2025-09-12 11:53:53,672 basehttp "GET /api/campaigns/?page=1 HTTP/1.1" 200 4874
[INFO] 2025-09-12 11:53:53,712 basehttp "GET /api/campaigns/22/ HTTP/1.1" 200 1477
[INFO] 2025-09-12 11:53:53,733 basehttp "GET /api/campaigns/22/statistics/ HTTP/1.1" 200 421
[INFO] 2025-09-12 11:53:53,874 basehttp "GET /api/campaigns/?page=1 HTTP/1.1" 200 4874
[INFO] 2025-09-12 11:53:53,910 basehttp "GET /api/campaigns/22/ HTTP/1.1" 200 1477
[INFO] 2025-09-12 11:53:53,937 basehttp "GET /api/campaigns/22/statistics/ HTTP/1.1" 200 421
[INFO] 2025-09-12 11:53:53,985 basehttp "GET /api/campaigns/22/messages/ HTTP/1.1" 200 805
[INFO] 2025-09-12 11:54:31,391 webhook_handler Received webhook: {
  "object": "whatsapp_business_account",
  "entry": [
    {
      "id": "114374441730441",
      "changes": [
        {
          "value": {
            "messaging_product": "whatsapp",
            "metadata": {
              "display_phone_number": "917996002222",
              "phone_number_id": "114392571729051"
            },
            "statuses": [
              {
                "id": "wamid.HBgMOTE5NDczMTgxOTU4FQIAERgSRUU2RkVBNDYyMzMyRTU0OTFFAA==",
                "status": "sent",
                "timestamp": "1757677767",
                "recipient_id": "919473181958",
                "conversation": {
                  "id": "42c790acb4fae61947cc65e6e82769c1",
                  "expiration_timestamp": "1757677767",
                  "origin": {
                    "type": "marketing"
                  }
                },
                "pricing": {
                  "billable": true,
                  "pricing_model": "PMP",
                  "category": "marketing",
                  "type": "regular"
                }
              }
            ]
          },
          "field": "messages"
        }
      ]
    }
  ]
}
[INFO] 2025-09-12 11:54:31,406 basehttp "POST /api/webhook/whatsapp/ HTTP/1.1" 200 22
[INFO] 2025-09-12 11:54:31,605 webhook_processor Processing status update: wamid.HBgMOTE5NDczMTgxOTU4FQIAERgSRUU2RkVBNDYyMzMyRTU0OTFFAA== -> sent
[INFO] 2025-09-12 11:54:32,226 webhook_processor Updated message wamid.HBgMOTE5NDczMTgxOTU4FQIAERgSRUU2RkVBNDYyMzMyRTU0OTFFAA==: read -> sent
[INFO] 2025-09-12 11:54:50,117 webhook_handler Received webhook: {
  "object": "whatsapp_business_account",
  "entry": [
    {
      "id": "114374441730441",
      "changes": [
        {
          "value": {
            "messaging_product": "whatsapp",
            "metadata": {
              "display_phone_number": "917996002222",
              "phone_number_id": "114392571729051"
            },
            "statuses": [
              {
                "id": "wamid.HBgMOTE3NzAyODI4ODExFQIAERgSMUMzQTEyRjM5NkVCMTU1RTBDAA==",
                "status": "failed",
                "timestamp": "1757677763",
                "recipient_id": "917702828811",
                "errors": [
                  {
                    "code": 131049,
                    "title": "This message was not delivered to maintain healthy ecosystem engagement.",
                    "message": "This message was not delivered to maintain healthy ecosystem engagement.",
                    "error_data": {
                      "details": "In order to maintain a healthy ecosystem engagement, the message failed to be delivered."
                    },
                    "href": "https://developers.facebook.com/docs/whatsapp/cloud-api/support/error-codes/"
                  }
                ]
              }
            ]
          },
          "field": "messages"
        }
      ]
    }
  ]
}
[INFO] 2025-09-12 11:54:50,122 basehttp "POST /api/webhook/whatsapp/ HTTP/1.1" 200 22
[INFO] 2025-09-12 11:54:50,234 webhook_processor Processing status update: wamid.HBgMOTE3NzAyODI4ODExFQIAERgSMUMzQTEyRjM5NkVCMTU1RTBDAA== -> failed
[INFO] 2025-09-12 11:54:50,451 webhook_processor Updated message wamid.HBgMOTE3NzAyODI4ODExFQIAERgSMUMzQTEyRjM5NkVCMTU1RTBDAA==: sent -> failed
[INFO] 2025-09-12 11:54:50,575 tasks Campaign 22 is not running, status: completed
[INFO] 2025-09-12 11:55:19,336 webhook_handler Received webhook: {
  "object": "whatsapp_business_account",
  "entry": [
    {
      "id": "114374441730441",
      "changes": [
        {
          "value": {
            "messaging_product": "whatsapp",
            "metadata": {
              "display_phone_number": "917996002222",
              "phone_number_id": "114392571729051"
            },
            "statuses": [
              {
                "id": "wamid.HBgMOTE5NDczMTgxOTU4FQIAERgSRUU2RkVBNDYyMzMyRTU0OTFFAA==",
                "status": "delivered",
                "timestamp": "1757677767",
                "recipient_id": "919473181958",
                "conversation": {
                  "id": "42c790acb4fae61947cc65e6e82769c1",
                  "origin": {
                    "type": "marketing"
                  }
                },
                "pricing": {
                  "billable": true,
                  "pricing_model": "PMP",
                  "category": "marketing",
                  "type": "regular"
                }
              }
            ]
          },
          "field": "messages"
        }
      ]
    }
  ]
}
[INFO] 2025-09-12 11:55:19,341 basehttp "POST /api/webhook/whatsapp/ HTTP/1.1" 200 22
[INFO] 2025-09-12 11:55:19,466 webhook_processor Processing status update: wamid.HBgMOTE5NDczMTgxOTU4FQIAERgSRUU2RkVBNDYyMzMyRTU0OTFFAA== -> delivered
[INFO] 2025-09-12 11:55:19,637 webhook_processor Message delivered to +919473181958, triggering next message
[INFO] 2025-09-12 11:55:19,812 webhook_processor Updated message wamid.HBgMOTE5NDczMTgxOTU4FQIAERgSRUU2RkVBNDYyMzMyRTU0OTFFAA==: sent -> delivered
[INFO] 2025-09-12 11:55:20,286 tasks Campaign 22 is not running, status: completed
[INFO] 2025-09-12 11:57:04,239 webhook_handler Received webhook: {
  "object": "whatsapp_business_account",
  "entry": [
    {
      "id": "114374441730441",
      "changes": [
        {
          "value": {
            "messaging_product": "whatsapp",
            "metadata": {
              "display_phone_number": "917996002222",
              "phone_number_id": "114392571729051"
            },
            "statuses": [
              {
                "id": "wamid.HBgMOTE5NTc3NjI1MTIxFQIAERgSQ0NFRjY0Nzg2NTdGNjg1REMxAA==",
                "status": "read",
                "timestamp": "1757677815",
                "recipient_id": "919577625121"
              }
            ]
          },
          "field": "messages"
        }
      ]
    }
  ]
}
[INFO] 2025-09-12 11:57:04,255 basehttp "POST /api/webhook/whatsapp/ HTTP/1.1" 200 22
[INFO] 2025-09-12 11:57:04,352 webhook_processor Processing status update: wamid.HBgMOTE5NTc3NjI1MTIxFQIAERgSQ0NFRjY0Nzg2NTdGNjg1REMxAA== -> read
[INFO] 2025-09-12 11:57:04,633 webhook_processor Updated message wamid.HBgMOTE5NTc3NjI1MTIxFQIAERgSQ0NFRjY0Nzg2NTdGNjg1REMxAA==: sent -> read
[INFO] 2025-09-12 11:59:19,195 webhook_handler Received webhook: {
  "object": "whatsapp_business_account",
  "entry": [
    {
      "id": "114374441730441",
      "changes": [
        {
          "value": {
            "messaging_product": "whatsapp",
            "metadata": {
              "display_phone_number": "917996002222",
              "phone_number_id": "114392571729051"
            },
            "statuses": [
              {
                "id": "wamid.HBgMOTE5NTM4MDk1NjAxFQIAERgSQUJCMTY2NzFERkJFMTQwQkJEAA==",
                "status": "read",
                "timestamp": "1757678357",
                "recipient_id": "919538095601"
              }
            ]
          },
          "field": "messages"
        }
      ]
    }
  ]
}
[INFO] 2025-09-12 11:59:19,211 basehttp "POST /api/webhook/whatsapp/ HTTP/1.1" 200 22
[INFO] 2025-09-12 11:59:19,332 webhook_processor Processing status update: wamid.HBgMOTE5NTM4MDk1NjAxFQIAERgSQUJCMTY2NzFERkJFMTQwQkJEAA== -> read
[INFO] 2025-09-12 11:59:19,612 webhook_processor Updated message wamid.HBgMOTE5NTM4MDk1NjAxFQIAERgSQUJCMTY2NzFERkJFMTQwQkJEAA==: sent -> read
[INFO] 2025-09-12 12:07:10,416 webhook_handler Received webhook: {
  "object": "whatsapp_business_account",
  "entry": [
    {
      "id": "114374441730441",
      "changes": [
        {
          "value": {
            "messaging_product": "whatsapp",
            "metadata": {
              "display_phone_number": "917996002222",
              "phone_number_id": "114392571729051"
            },
            "statuses": [
              {
                "id": "wamid.HBgMOTE5NDc0ODE2NTk0FQIAERgSRjQxNjZDREEwNjEwNEVFRkNFAA==",
                "status": "delivered",
                "timestamp": "1757673264",
                "recipient_id": "919474816594",
                "conversation": {
                  "id": "21b6e1ca8a740f233db361fe7412fc83",
                  "origin": {
                    "type": "marketing"
                  }
                },
                "pricing": {
                  "billable": true,
                  "pricing_model": "PMP",
                  "category": "marketing",
                  "type": "regular"
                }
              }
            ]
          },
          "field": "messages"
        }
      ]
    }
  ]
}
[INFO] 2025-09-12 12:07:10,421 basehttp "POST /api/webhook/whatsapp/ HTTP/1.1" 200 22
[INFO] 2025-09-12 12:07:10,529 webhook_processor Processing status update: wamid.HBgMOTE5NDc0ODE2NTk0FQIAERgSRjQxNjZDREEwNjEwNEVFRkNFAA== -> delivered
[INFO] 2025-09-12 12:07:10,658 webhook_processor Message delivered to +919474816594, triggering next message
[INFO] 2025-09-12 12:07:10,819 webhook_processor Updated message wamid.HBgMOTE5NDc0ODE2NTk0FQIAERgSRjQxNjZDREEwNjEwNEVFRkNFAA==: sent -> delivered
[INFO] 2025-09-12 12:07:10,916 tasks Campaign 21 is not running, status: completed
[INFO] 2025-09-12 12:15:00,918 webhook_handler Received webhook: {
  "object": "whatsapp_business_account",
  "entry": [
    {
      "id": "114374441730441",
      "changes": [
        {
          "value": {
            "messaging_product": "whatsapp",
            "metadata": {
              "display_phone_number": "917996002222",
              "phone_number_id": "114392571729051"
            },
            "statuses": [
              {
                "id": "wamid.HBgMOTE5NTM4MDk1NjAxFQIAERgSMDRGMzUyQTcyMzdDQTlDNUU5AA==",
                "status": "failed",
                "timestamp": "1757673260",
                "recipient_id": "919538095601",
                "errors": [
                  {
                    "code": 131049,
                    "title": "This message was not delivered to maintain healthy ecosystem engagement.",
                    "message": "This message was not delivered to maintain healthy ecosystem engagement.",
                    "error_data": {
                      "details": "In order to maintain a healthy ecosystem engagement, the message failed to be delivered."
                    },
                    "href": "https://developers.facebook.com/docs/whatsapp/cloud-api/support/error-codes/"
                  }
                ]
              }
            ]
          },
          "field": "messages"
        }
      ]
    }
  ]
}
[INFO] 2025-09-12 12:15:00,923 basehttp "POST /api/webhook/whatsapp/ HTTP/1.1" 200 22
[INFO] 2025-09-12 12:15:01,023 webhook_processor Processing status update: wamid.HBgMOTE5NTM4MDk1NjAxFQIAERgSMDRGMzUyQTcyMzdDQTlDNUU5AA== -> failed
[INFO] 2025-09-12 12:15:01,411 webhook_processor Updated message wamid.HBgMOTE5NTM4MDk1NjAxFQIAERgSMDRGMzUyQTcyMzdDQTlDNUU5AA==: sent -> failed
[INFO] 2025-09-12 12:15:01,676 tasks Campaign 21 is not running, status: completed
[INFO] 2025-09-12 12:26:08,624 webhook_handler Received webhook: {
  "object": "whatsapp_business_account",
  "entry": [
    {
      "id": "114374441730441",
      "changes": [
        {
          "value": {
            "messaging_product": "whatsapp",
            "metadata": {
              "display_phone_number": "917996002222",
              "phone_number_id": "114392571729051"
            },
            "contacts": [
              {
                "profile": {
                  "name": "Anamika"
                },
                "wa_id": "919577625121"
              }
            ],
            "messages": [
              {
                "from": "919577625121",
                "id": "wamid.HBgMOTE5NTc3NjI1MTIxFQIAEhggQUM3RDk0ODc5QzEyN0IzNEMyMDdFOEQ5ODFFNDhCRTIA",
                "timestamp": "1757660824",
                "text": {
                  "body": "Hi"
                },
                "type": "text"
              }
            ]
          },
          "field": "messages"
        }
      ]
    }
  ]
}
[INFO] 2025-09-12 12:26:08,642 basehttp "POST /api/webhook/whatsapp/ HTTP/1.1" 200 22
[INFO] 2025-09-12 12:26:30,389 webhook_handler Received webhook: {
  "object": "whatsapp_business_account",
  "entry": [
    {
      "id": "114374441730441",
      "changes": [
        {
          "value": {
            "messaging_product": "whatsapp",
            "metadata": {
              "display_phone_number": "917996002222",
              "phone_number_id": "114392571729051"
            },
            "statuses": [
              {
                "id": "wamid.HBgMOTE5NDczMTgxOTU4FQIAERgSOUM2MDlFNTc3QTIxNkE0NEFCAA==",
                "status": "read",
                "timestamp": "1757676655",
                "recipient_id": "919473181958"
              }
            ]
          },
          "field": "messages"
        }
      ]
    }
  ]
}
[INFO] 2025-09-12 12:26:30,395 basehttp "POST /api/webhook/whatsapp/ HTTP/1.1" 200 22
[INFO] 2025-09-12 12:26:30,510 webhook_processor Processing status update: wamid.HBgMOTE5NDczMTgxOTU4FQIAERgSOUM2MDlFNTc3QTIxNkE0NEFCAA== -> read
[INFO] 2025-09-12 12:26:30,765 webhook_processor Updated message wamid.HBgMOTE5NDczMTgxOTU4FQIAERgSOUM2MDlFNTc3QTIxNkE0NEFCAA==: sent -> read
[INFO] 2025-09-12 12:27:32,488 webhook_handler Received webhook: {
  "object": "whatsapp_business_account",
  "entry": [
    {
      "id": "114374441730441",
      "changes": [
        {
          "value": {
            "messaging_product": "whatsapp",
            "metadata": {
              "display_phone_number": "917996002222",
              "phone_number_id": "114392571729051"
            },
            "statuses": [
              {
                "id": "wamid.HBgMOTE5NTM4MDk1NjAxFQIAERgSODI4MzBEMEY4MTc0QjJEQUI2AA==",
                "status": "sent",
                "timestamp": "1757660752",
                "recipient_id": "919538095601",
                "conversation": {
                  "id": "5da3766985fc26562b04153427de7dfb",
                  "expiration_timestamp": "1757660752",
                  "origin": {
                    "type": "marketing"
                  }
                },
                "pricing": {
                  "billable": true,
                  "pricing_model": "PMP",
                  "category": "marketing",
                  "type": "regular"
                }
              }
            ]
          },
          "field": "messages"
        }
      ]
    }
  ]
}
[INFO] 2025-09-12 12:27:32,506 basehttp "POST /api/webhook/whatsapp/ HTTP/1.1" 200 22
[INFO] 2025-09-12 12:27:32,650 webhook_processor Processing status update: wamid.HBgMOTE5NTM4MDk1NjAxFQIAERgSODI4MzBEMEY4MTc0QjJEQUI2AA== -> sent
[INFO] 2025-09-12 12:27:32,855 webhook_processor Updated message wamid.HBgMOTE5NTM4MDk1NjAxFQIAERgSODI4MzBEMEY4MTc0QjJEQUI2AA==: sent -> sent
[INFO] 2025-09-12 12:33:09,824 webhook_handler Received webhook: {
  "object": "whatsapp_business_account",
  "entry": [
    {
      "id": "114374441730441",
      "changes": [
        {
          "value": {
            "messaging_product": "whatsapp",
            "metadata": {
              "display_phone_number": "917996002222",
              "phone_number_id": "114392571729051"
            },
            "statuses": [
              {
                "id": "wamid.HBgMOTE5NTM4MDk1NjAxFQIAERgSODI4MzBEMEY4MTc0QjJEQUI2AA==",
                "status": "read",
                "timestamp": "1757661116",
                "recipient_id": "919538095601"
              }
            ]
          },
          "field": "messages"
        }
      ]
    }
  ]
}
[INFO] 2025-09-12 12:33:09,840 basehttp "POST /api/webhook/whatsapp/ HTTP/1.1" 200 22
[INFO] 2025-09-12 12:33:09,963 webhook_processor Processing status update: wamid.HBgMOTE5NTM4MDk1NjAxFQIAERgSODI4MzBEMEY4MTc0QjJEQUI2AA== -> read
[INFO] 2025-09-12 12:33:10,216 webhook_processor Updated message wamid.HBgMOTE5NTM4MDk1NjAxFQIAERgSODI4MzBEMEY4MTc0QjJEQUI2AA==: sent -> read
[INFO] 2025-09-12 12:33:54,533 webhook_handler Received webhook: {
  "object": "whatsapp_business_account",
  "entry": [
    {
      "id": "114374441730441",
      "changes": [
        {
          "value": {
            "messaging_product": "whatsapp",
            "metadata": {
              "display_phone_number": "917996002222",
              "phone_number_id": "114392571729051"
            },
            "statuses": [
              {
                "id": "wamid.HBgMOTE5NTM4MDk1NjAxFQIAERgSQUJCMTY2NzFERkJFMTQwQkJEAA==",
                "status": "delivered",
                "timestamp": "1757670773",
                "recipient_id": "919538095601",
                "conversation": {
                  "id": "6f2c0a0d90b1b0da7ebd4b609e97e9a6",
                  "origin": {
                    "type": "marketing"
                  }
                },
                "pricing": {
                  "billable": true,
                  "pricing_model": "PMP",
                  "category": "marketing",
                  "type": "regular"
                }
              }
            ]
          },
          "field": "messages"
        }
      ]
    }
  ]
}
[INFO] 2025-09-12 12:33:54,537 basehttp "POST /api/webhook/whatsapp/ HTTP/1.1" 200 22
[INFO] 2025-09-12 12:33:54,651 webhook_processor Processing status update: wamid.HBgMOTE5NTM4MDk1NjAxFQIAERgSQUJCMTY2NzFERkJFMTQwQkJEAA== -> delivered
[INFO] 2025-09-12 12:33:54,750 webhook_processor Message delivered to +919538095601, triggering next message
[INFO] 2025-09-12 12:33:54,901 webhook_processor Updated message wamid.HBgMOTE5NTM4MDk1NjAxFQIAERgSQUJCMTY2NzFERkJFMTQwQkJEAA==: read -> delivered
[INFO] 2025-09-12 12:33:54,953 tasks Campaign 19 is not running, status: completed
[INFO] 2025-09-12 12:34:16,358 webhook_handler Received webhook: {
  "object": "whatsapp_business_account",
  "entry": [
    {
      "id": "114374441730441",
      "changes": [
        {
          "value": {
            "messaging_product": "whatsapp",
            "metadata": {
              "display_phone_number": "917996002222",
              "phone_number_id": "114392571729051"
            },
            "statuses": [
              {
                "id": "wamid.HBgMOTE5NDczMTgxOTU4FQIAERgSMjdFODhDRjQ1REQ4NTIyQjYwAA==",
                "status": "delivered",
                "timestamp": "1757660757",
                "recipient_id": "919473181958",
                "conversation": {
                  "id": "a22435d9998d3e7a04e003b9d79c0d65",
                  "origin": {
                    "type": "marketing"
                  }
                },
                "pricing": {
                  "billable": true,
                  "pricing_model": "PMP",
                  "category": "marketing",
                  "type": "regular"
                }
              }
            ]
          },
          "field": "messages"
        }
      ]
    }
  ]
}
[INFO] 2025-09-12 12:34:16,362 basehttp "POST /api/webhook/whatsapp/ HTTP/1.1" 200 22
[INFO] 2025-09-12 12:34:16,562 webhook_processor Processing status update: wamid.HBgMOTE5NDczMTgxOTU4FQIAERgSMjdFODhDRjQ1REQ4NTIyQjYwAA== -> delivered
[INFO] 2025-09-12 12:34:16,671 webhook_processor Message delivered to +919473181958, triggering next message
[INFO] 2025-09-12 12:34:16,771 webhook_processor Updated message wamid.HBgMOTE5NDczMTgxOTU4FQIAERgSMjdFODhDRjQ1REQ4NTIyQjYwAA==: sent -> delivered
[INFO] 2025-09-12 12:34:16,813 tasks Campaign 17 is not running, status: completed
[INFO] 2025-09-12 12:40:02,742 webhook_handler Received webhook: {
  "object": "whatsapp_business_account",
  "entry": [
    {
      "id": "114374441730441",
      "changes": [
        {
          "value": {
            "messaging_product": "whatsapp",
            "metadata": {
              "display_phone_number": "917996002222",
              "phone_number_id": "114392571729051"
            },
            "statuses": [
              {
                "id": "wamid.HBgMOTE5NDczMTgxOTU4FQIAERgSMjdFODhDRjQ1REQ4NTIyQjYwAA==",
                "status": "delivered",
                "timestamp": "1757660757",
                "recipient_id": "919473181958",
                "conversation": {
                  "id": "a22435d9998d3e7a04e003b9d79c0d65",
                  "origin": {
                    "type": "marketing"
                  }
                },
                "pricing": {
                  "billable": true,
                  "pricing_model": "PMP",
                  "category": "marketing",
                  "type": "regular"
                }
              }
            ]
          },
          "field": "messages"
        }
      ]
    }
  ]
}
[INFO] 2025-09-12 12:40:02,757 basehttp "POST /api/webhook/whatsapp/ HTTP/1.1" 200 22
[INFO] 2025-09-12 12:40:02,878 webhook_processor Processing status update: wamid.HBgMOTE5NDczMTgxOTU4FQIAERgSMjdFODhDRjQ1REQ4NTIyQjYwAA== -> delivered
[INFO] 2025-09-12 12:40:03,024 webhook_processor Message delivered to +919473181958, triggering next message
[INFO] 2025-09-12 12:40:03,133 webhook_processor Updated message wamid.HBgMOTE5NDczMTgxOTU4FQIAERgSMjdFODhDRjQ1REQ4NTIyQjYwAA==: delivered -> delivered
[INFO] 2025-09-12 12:40:03,230 tasks Campaign 17 is not running, status: completed
[INFO] 2025-09-12 12:43:26,966 webhook_handler Received webhook: {
  "object": "whatsapp_business_account",
  "entry": [
    {
      "id": "114374441730441",
      "changes": [
        {
          "value": {
            "messaging_product": "whatsapp",
            "metadata": {
              "display_phone_number": "917996002222",
              "phone_number_id": "114392571729051"
            },
            "statuses": [
              {
                "id": "wamid.HBgMOTE5NTM4MDk1NjAxFQIAERgSQzgxNzg2NEJENDBDNkJGODFCAA==",
                "status": "failed",
                "timestamp": "1757677765",
                "recipient_id": "919538095601",
                "errors": [
                  {
                    "code": 131049,
                    "title": "This message was not delivered to maintain healthy ecosystem engagement.",
                    "message": "This message was not delivered to maintain healthy ecosystem engagement.",
                    "error_data": {
                      "details": "In order to maintain a healthy ecosystem engagement, the message failed to be delivered."
                    },
                    "href": "https://developers.facebook.com/docs/whatsapp/cloud-api/support/error-codes/"
                  }
                ]
              }
            ]
          },
          "field": "messages"
        }
      ]
    }
  ]
}
[INFO] 2025-09-12 12:43:26,983 basehttp "POST /api/webhook/whatsapp/ HTTP/1.1" 200 22
[INFO] 2025-09-12 12:43:27,094 webhook_processor Processing status update: wamid.HBgMOTE5NTM4MDk1NjAxFQIAERgSQzgxNzg2NEJENDBDNkJGODFCAA== -> failed
[INFO] 2025-09-12 12:43:27,342 webhook_processor Updated message wamid.HBgMOTE5NTM4MDk1NjAxFQIAERgSQzgxNzg2NEJENDBDNkJGODFCAA==: sent -> failed
[INFO] 2025-09-12 12:43:27,406 tasks Campaign 22 is not running, status: completed
[INFO] 2025-09-12 12:46:07,516 webhook_handler Received webhook: {
  "object": "whatsapp_business_account",
  "entry": [
    {
      "id": "114374441730441",
      "changes": [
        {
          "value": {
            "messaging_product": "whatsapp",
            "metadata": {
              "display_phone_number": "917996002222",
              "phone_number_id": "114392571729051"
            },
            "statuses": [
              {
                "id": "wamid.HBgMOTE5NTM4MDk1NjAxFQIAERgSQUJCMTY2NzFERkJFMTQwQkJEAA==",
                "status": "sent",
                "timestamp": "1757670772",
                "recipient_id": "919538095601",
                "conversation": {
                  "id": "6f2c0a0d90b1b0da7ebd4b609e97e9a6",
                  "expiration_timestamp": "1757670772",
                  "origin": {
                    "type": "marketing"
                  }
                },
                "pricing": {
                  "billable": true,
                  "pricing_model": "PMP",
                  "category": "marketing",
                  "type": "regular"
                }
              }
            ]
          },
          "field": "messages"
        }
      ]
    }
  ]
}
[INFO] 2025-09-12 12:46:07,532 basehttp "POST /api/webhook/whatsapp/ HTTP/1.1" 200 22
[INFO] 2025-09-12 12:46:07,637 webhook_processor Processing status update: wamid.HBgMOTE5NTM4MDk1NjAxFQIAERgSQUJCMTY2NzFERkJFMTQwQkJEAA== -> sent
[INFO] 2025-09-12 12:46:07,875 webhook_processor Updated message wamid.HBgMOTE5NTM4MDk1NjAxFQIAERgSQUJCMTY2NzFERkJFMTQwQkJEAA==: delivered -> sent
[INFO] 2025-09-12 12:51:17,116 webhook_handler Received webhook: {
  "object": "whatsapp_business_account",
  "entry": [
    {
      "id": "114374441730441",
      "changes": [
        {
          "value": {
            "messaging_product": "whatsapp",
            "metadata": {
              "display_phone_number": "917996002222",
              "phone_number_id": "114392571729051"
            },
            "statuses": [
              {
                "id": "wamid.HBgMOTE5NTM4MDk1NjAxFQIAERgSRTlCRTI4MDE3QTcwMERCQzA1AA==",
                "status": "delivered",
                "timestamp": "1757659980",
                "recipient_id": "919538095601",
                "conversation": {
                  "id": "7984162ccc1feeeb7e4dc54e2ae2ebdc",
                  "origin": {
                    "type": "marketing"
                  }
                },
                "pricing": {
                  "billable": true,
                  "pricing_model": "PMP",
                  "category": "marketing",
                  "type": "regular"
                }
              }
            ]
          },
          "field": "messages"
        }
      ]
    }
  ]
}
[INFO] 2025-09-12 12:51:17,132 basehttp "POST /api/webhook/whatsapp/ HTTP/1.1" 200 22
[INFO] 2025-09-12 12:51:17,279 webhook_processor Processing status update: wamid.HBgMOTE5NTM4MDk1NjAxFQIAERgSRTlCRTI4MDE3QTcwMERCQzA1AA== -> delivered
[INFO] 2025-09-12 12:51:17,467 webhook_processor Message delivered to +919538095601, triggering next message
[INFO] 2025-09-12 12:51:17,651 webhook_processor Updated message wamid.HBgMOTE5NTM4MDk1NjAxFQIAERgSRTlCRTI4MDE3QTcwMERCQzA1AA==: sent -> delivered
[INFO] 2025-09-12 12:51:18,410 tasks Campaign 15 is not running, status: completed
[INFO] 2025-09-12 12:55:08,408 webhook_handler Received webhook: {
  "object": "whatsapp_business_account",
  "entry": [
    {
      "id": "114374441730441",
      "changes": [
        {
          "value": {
            "messaging_product": "whatsapp",
            "metadata": {
              "display_phone_number": "917996002222",
              "phone_number_id": "114392571729051"
            },
            "statuses": [
              {
                "id": "wamid.HBgMOTE5NTM4MDk1NjAxFQIAERgSRTlCRTI4MDE3QTcwMERCQzA1AA==",
                "status": "read",
                "timestamp": "1757660716",
                "recipient_id": "919538095601"
              }
            ]
          },
          "field": "messages"
        }
      ]
    }
  ]
}
[INFO] 2025-09-12 12:55:08,423 basehttp "POST /api/webhook/whatsapp/ HTTP/1.1" 200 22
[INFO] 2025-09-12 12:55:08,579 webhook_processor Processing status update: wamid.HBgMOTE5NTM4MDk1NjAxFQIAERgSRTlCRTI4MDE3QTcwMERCQzA1AA== -> read
[INFO] 2025-09-12 12:55:08,951 webhook_processor Updated message wamid.HBgMOTE5NTM4MDk1NjAxFQIAERgSRTlCRTI4MDE3QTcwMERCQzA1AA==: delivered -> read
[INFO] 2025-09-12 12:56:15,073 webhook_handler Received webhook: {
  "object": "whatsapp_business_account",
  "entry": [
    {
      "id": "114374441730441",
      "changes": [
        {
          "value": {
            "messaging_product": "whatsapp",
            "metadata": {
              "display_phone_number": "917996002222",
              "phone_number_id": "114392571729051"
            },
            "statuses": [
              {
                "id": "wamid.HBgMOTE5NTc3NjI1MTIxFQIAERgSREJCN0Y3NjA3M0QyNjgzQTNCAA==",
                "status": "delivered",
                "timestamp": "1757660759",
                "recipient_id": "919577625121",
                "conversation": {
                  "id": "26fc4a929e2ffd5d799e722aa55355c2",
                  "origin": {
                    "type": "marketing"
                  }
                },
                "pricing": {
                  "billable": true,
                  "pricing_model": "PMP",
                  "category": "marketing",
                  "type": "regular"
                }
              }
            ]
          },
          "field": "messages"
        }
      ]
    }
  ]
}
[INFO] 2025-09-12 12:56:15,090 basehttp "POST /api/webhook/whatsapp/ HTTP/1.1" 200 22
[INFO] 2025-09-12 12:56:15,218 webhook_processor Processing status update: wamid.HBgMOTE5NTc3NjI1MTIxFQIAERgSREJCN0Y3NjA3M0QyNjgzQTNCAA== -> delivered
[INFO] 2025-09-12 12:56:15,340 webhook_processor Message delivered to +919577625121, triggering next message
[INFO] 2025-09-12 12:56:15,486 webhook_processor Updated message wamid.HBgMOTE5NTc3NjI1MTIxFQIAERgSREJCN0Y3NjA3M0QyNjgzQTNCAA==: sent -> delivered
[INFO] 2025-09-12 12:56:15,533 tasks Campaign 17 is not running, status: completed
[INFO] 2025-09-12 12:57:25,828 webhook_handler Received webhook: {
  "object": "whatsapp_business_account",
  "entry": [
    {
      "id": "114374441730441",
      "changes": [
        {
          "value": {
            "messaging_product": "whatsapp",
            "metadata": {
              "display_phone_number": "917996002222",
              "phone_number_id": "114392571729051"
            },
            "statuses": [
              {
                "id": "wamid.HBgMOTE5NTc3NjI1MTIxFQIAERgSREJCN0Y3NjA3M0QyNjgzQTNCAA==",
                "status": "read",
                "timestamp": "1757660775",
                "recipient_id": "919577625121"
              }
            ]
          },
          "field": "messages"
        }
      ]
    }
  ]
}
[INFO] 2025-09-12 12:57:25,833 basehttp "POST /api/webhook/whatsapp/ HTTP/1.1" 200 22
[INFO] 2025-09-12 12:57:25,988 webhook_processor Processing status update: wamid.HBgMOTE5NTc3NjI1MTIxFQIAERgSREJCN0Y3NjA3M0QyNjgzQTNCAA== -> read
[INFO] 2025-09-12 12:57:26,238 webhook_processor Updated message wamid.HBgMOTE5NTc3NjI1MTIxFQIAERgSREJCN0Y3NjA3M0QyNjgzQTNCAA==: delivered -> read
[INFO] 2025-09-12 12:58:00,129 webhook_handler Received webhook: {
  "object": "whatsapp_business_account",
  "entry": [
    {
      "id": "114374441730441",
      "changes": [
        {
          "value": {
            "messaging_product": "whatsapp",
            "metadata": {
              "display_phone_number": "917996002222",
              "phone_number_id": "114392571729051"
            },
            "statuses": [
              {
                "id": "wamid.HBgMOTE5NTc3NjI1MTIxFQIAERgSQ0NFRjY0Nzg2NTdGNjg1REMxAA==",
                "status": "delivered",
                "timestamp": "1757677811",
                "recipient_id": "919577625121",
                "conversation": {
                  "id": "c0d2fde444e3c9bf147c9493ef8f43f9",
                  "origin": {
                    "type": "marketing"
                  }
                },
                "pricing": {
                  "billable": true,
                  "pricing_model": "PMP",
                  "category": "marketing",
                  "type": "regular"
                }
              }
            ]
          },
          "field": "messages"
        }
      ]
    }
  ]
}
[INFO] 2025-09-12 12:58:00,144 basehttp "POST /api/webhook/whatsapp/ HTTP/1.1" 200 22
[INFO] 2025-09-12 12:58:00,280 webhook_processor Processing status update: wamid.HBgMOTE5NTc3NjI1MTIxFQIAERgSQ0NFRjY0Nzg2NTdGNjg1REMxAA== -> delivered
[INFO] 2025-09-12 12:58:00,379 webhook_processor Message delivered to +919577625121, triggering next message
[INFO] 2025-09-12 12:58:00,488 webhook_processor Updated message wamid.HBgMOTE5NTc3NjI1MTIxFQIAERgSQ0NFRjY0Nzg2NTdGNjg1REMxAA==: read -> delivered
[INFO] 2025-09-12 12:58:00,568 tasks Campaign 19 is not running, status: completed
[INFO] 2025-09-12 12:59:26,937 webhook_handler Received webhook: {
  "object": "whatsapp_business_account",
  "entry": [
    {
      "id": "114374441730441",
      "changes": [
        {
          "value": {
            "messaging_product": "whatsapp",
            "metadata": {
              "display_phone_number": "917996002222",
              "phone_number_id": "114392571729051"
            },
            "statuses": [
              {
                "id": "wamid.HBgMOTE5NDczMTgxOTU4FQIAERgSOUM2MDlFNTc3QTIxNkE0NEFCAA==",
                "status": "delivered",
                "timestamp": "1757670776",
                "recipient_id": "919473181958",
                "conversation": {
                  "id": "e775d47d2461f06c785a6e08e9769bf9",
                  "origin": {
                    "type": "marketing"
                  }
                },
                "pricing": {
                  "billable": true,
                  "pricing_model": "PMP",
                  "category": "marketing",
                  "type": "regular"
                }
              }
            ]
          },
          "field": "messages"
        }
      ]
    }
  ]
}
[INFO] 2025-09-12 12:59:26,957 basehttp "POST /api/webhook/whatsapp/ HTTP/1.1" 200 22
[INFO] 2025-09-12 12:59:27,058 webhook_processor Processing status update: wamid.HBgMOTE5NDczMTgxOTU4FQIAERgSOUM2MDlFNTc3QTIxNkE0NEFCAA== -> delivered
[INFO] 2025-09-12 12:59:27,171 webhook_processor Message delivered to +919473181958, triggering next message
[INFO] 2025-09-12 12:59:27,285 webhook_processor Updated message wamid.HBgMOTE5NDczMTgxOTU4FQIAERgSOUM2MDlFNTc3QTIxNkE0NEFCAA==: read -> delivered
[INFO] 2025-09-12 12:59:27,390 tasks Campaign 19 is not running, status: completed
[INFO] 2025-09-12 13:01:59,920 webhook_handler Received webhook: {
  "object": "whatsapp_business_account",
  "entry": [
    {
      "id": "114374441730441",
      "changes": [
        {
          "value": {
            "messaging_product": "whatsapp",
            "metadata": {
              "display_phone_number": "917996002222",
              "phone_number_id": "114392571729051"
            },
            "statuses": [
              {
                "id": "wamid.HBgMOTE5NDczMTgxOTU4FQIAERgSMjdFODhDRjQ1REQ4NTIyQjYwAA==",
                "status": "sent",
                "timestamp": "1757660757",
                "recipient_id": "919473181958",
                "conversation": {
                  "id": "a22435d9998d3e7a04e003b9d79c0d65",
                  "expiration_timestamp": "1757660757",
                  "origin": {
                    "type": "marketing"
                  }
                },
                "pricing": {
                  "billable": true,
                  "pricing_model": "PMP",
                  "category": "marketing",
                  "type": "regular"
                }
              }
            ]
          },
          "field": "messages"
        }
      ]
    }
  ]
}
[INFO] 2025-09-12 13:01:59,937 basehttp "POST /api/webhook/whatsapp/ HTTP/1.1" 200 22
[INFO] 2025-09-12 13:02:00,057 webhook_processor Processing status update: wamid.HBgMOTE5NDczMTgxOTU4FQIAERgSMjdFODhDRjQ1REQ4NTIyQjYwAA== -> sent
[INFO] 2025-09-12 13:02:00,355 webhook_processor Updated message wamid.HBgMOTE5NDczMTgxOTU4FQIAERgSMjdFODhDRjQ1REQ4NTIyQjYwAA==: delivered -> sent
[INFO] 2025-09-12 13:05:27,468 webhook_handler Received webhook: {
  "object": "whatsapp_business_account",
  "entry": [
    {
      "id": "114374441730441",
      "changes": [
        {
          "value": {
            "messaging_product": "whatsapp",
            "metadata": {
              "display_phone_number": "917996002222",
              "phone_number_id": "114392571729051"
            },
            "statuses": [
              {
                "id": "wamid.HBgMOTE3NzAyODI4ODExFQIAERgSRUJDRDlENzhFRTNCMzczNDk4AA==",
                "status": "failed",
                "timestamp": "1757670770",
                "recipient_id": "917702828811",
                "errors": [
                  {
                    "code": 131049,
                    "title": "This message was not delivered to maintain healthy ecosystem engagement.",
                    "message": "This message was not delivered to maintain healthy ecosystem engagement.",
                    "error_data": {
                      "details": "In order to maintain a healthy ecosystem engagement, the message failed to be delivered."
                    },
                    "href": "https://developers.facebook.com/docs/whatsapp/cloud-api/support/error-codes/"
                  }
                ]
              }
            ]
          },
          "field": "messages"
        }
      ]
    }
  ]
}
[INFO] 2025-09-12 13:05:27,487 basehttp "POST /api/webhook/whatsapp/ HTTP/1.1" 200 22
[INFO] 2025-09-12 13:05:27,604 webhook_processor Processing status update: wamid.HBgMOTE3NzAyODI4ODExFQIAERgSRUJDRDlENzhFRTNCMzczNDk4AA== -> failed
[INFO] 2025-09-12 13:05:27,953 webhook_processor Updated message wamid.HBgMOTE3NzAyODI4ODExFQIAERgSRUJDRDlENzhFRTNCMzczNDk4AA==: sent -> failed
[INFO] 2025-09-12 13:05:28,312 tasks Campaign 19 is not running, status: completed
[INFO] 2025-09-12 13:09:36,141 webhook_handler Received webhook: {
  "object": "whatsapp_business_account",
  "entry": [
    {
      "id": "114374441730441",
      "changes": [
        {
          "value": {
            "messaging_product": "whatsapp",
            "metadata": {
              "display_phone_number": "917996002222",
              "phone_number_id": "114392571729051"
            },
            "statuses": [
              {
                "id": "wamid.HBgMOTE5NTc3NjI1MTIxFQIAERgSQ0NFRjY0Nzg2NTdGNjg1REMxAA==",
                "status": "sent",
                "timestamp": "1757670775",
                "recipient_id": "919577625121",
                "conversation": {
                  "id": "c0d2fde444e3c9bf147c9493ef8f43f9",
                  "expiration_timestamp": "1757670775",
                  "origin": {
                    "type": "marketing"
                  }
                },
                "pricing": {
                  "billable": true,
                  "pricing_model": "PMP",
                  "category": "marketing",
                  "type": "regular"
                }
              }
            ]
          },
          "field": "messages"
        }
      ]
    }
  ]
}
[INFO] 2025-09-12 13:09:36,158 basehttp "POST /api/webhook/whatsapp/ HTTP/1.1" 200 22
[INFO] 2025-09-12 13:09:36,254 webhook_processor Processing status update: wamid.HBgMOTE5NTc3NjI1MTIxFQIAERgSQ0NFRjY0Nzg2NTdGNjg1REMxAA== -> sent
[INFO] 2025-09-12 13:09:36,525 webhook_processor Updated message wamid.HBgMOTE5NTc3NjI1MTIxFQIAERgSQ0NFRjY0Nzg2NTdGNjg1REMxAA==: delivered -> sent
[INFO] 2025-09-12 13:10:21,936 webhook_handler Received webhook: {
  "object": "whatsapp_business_account",
  "entry": [
    {
      "id": "114374441730441",
      "changes": [
        {
          "value": {
            "messaging_product": "whatsapp",
            "metadata": {
              "display_phone_number": "917996002222",
              "phone_number_id": "114392571729051"
            },
            "statuses": [
              {
                "id": "wamid.HBgMOTE5NDczMTgxOTU4FQIAERgSOUM2MDlFNTc3QTIxNkE0NEFCAA==",
                "status": "sent",
                "timestamp": "1757670774",
                "recipient_id": "919473181958",
                "conversation": {
                  "id": "e775d47d2461f06c785a6e08e9769bf9",
                  "expiration_timestamp": "1757670774",
                  "origin": {
                    "type": "marketing"
                  }
                },
                "pricing": {
                  "billable": true,
                  "pricing_model": "PMP",
                  "category": "marketing",
                  "type": "regular"
                }
              }
            ]
          },
          "field": "messages"
        }
      ]
    }
  ]
}
[INFO] 2025-09-12 13:10:21,952 basehttp "POST /api/webhook/whatsapp/ HTTP/1.1" 200 22
[INFO] 2025-09-12 13:10:22,057 webhook_processor Processing status update: wamid.HBgMOTE5NDczMTgxOTU4FQIAERgSOUM2MDlFNTc3QTIxNkE0NEFCAA== -> sent
[INFO] 2025-09-12 13:10:22,245 webhook_processor Updated message wamid.HBgMOTE5NDczMTgxOTU4FQIAERgSOUM2MDlFNTc3QTIxNkE0NEFCAA==: delivered -> sent
[INFO] 2025-09-12 13:11:32,320 webhook_handler Received webhook: {
  "object": "whatsapp_business_account",
  "entry": [
    {
      "id": "114374441730441",
      "changes": [
        {
          "value": {
            "messaging_product": "whatsapp",
            "metadata": {
              "display_phone_number": "917996002222",
              "phone_number_id": "114392571729051"
            },
            "statuses": [
              {
                "id": "wamid.HBgMOTE5NDczMTgxOTU4FQIAERgSMjdFODhDRjQ1REQ4NTIyQjYwAA==",
                "status": "read",
                "timestamp": "1757660762",
                "recipient_id": "919473181958"
              }
            ]
          },
          "field": "messages"
        }
      ]
    }
  ]
}
[INFO] 2025-09-12 13:11:32,338 basehttp "POST /api/webhook/whatsapp/ HTTP/1.1" 200 22
[INFO] 2025-09-12 13:11:32,451 webhook_processor Processing status update: wamid.HBgMOTE5NDczMTgxOTU4FQIAERgSMjdFODhDRjQ1REQ4NTIyQjYwAA== -> read
[INFO] 2025-09-12 13:11:32,689 webhook_processor Updated message wamid.HBgMOTE5NDczMTgxOTU4FQIAERgSMjdFODhDRjQ1REQ4NTIyQjYwAA==: sent -> read
[INFO] 2025-09-12 13:19:55,564 webhook_handler Received webhook: {
  "object": "whatsapp_business_account",
  "entry": [
    {
      "id": "114374441730441",
      "changes": [
        {
          "value": {
            "messaging_product": "whatsapp",
            "metadata": {
              "display_phone_number": "917996002222",
              "phone_number_id": "114392571729051"
            },
            "statuses": [
              {
                "id": "wamid.HBgMOTE3NzAyODI4ODExFQIAERgSNEYwNzExM0Q3QUQ1QTI4MUFGAA==",
                "status": "failed",
                "timestamp": "1757660750",
                "recipient_id": "917702828811",
                "errors": [
                  {
                    "code": 131049,
                    "title": "This message was not delivered to maintain healthy ecosystem engagement.",
                    "message": "This message was not delivered to maintain healthy ecosystem engagement.",
                    "error_data": {
                      "details": "In order to maintain a healthy ecosystem engagement, the message failed to be delivered."
                    },
                    "href": "https://developers.facebook.com/docs/whatsapp/cloud-api/support/error-codes/"
                  }
                ]
              }
            ]
          },
          "field": "messages"
        }
      ]
    }
  ]
}
[INFO] 2025-09-12 13:19:55,581 basehttp "POST /api/webhook/whatsapp/ HTTP/1.1" 200 22
[INFO] 2025-09-12 13:19:55,720 webhook_processor Processing status update: wamid.HBgMOTE3NzAyODI4ODExFQIAERgSNEYwNzExM0Q3QUQ1QTI4MUFGAA== -> failed
[INFO] 2025-09-12 13:19:56,132 webhook_processor Updated message wamid.HBgMOTE3NzAyODI4ODExFQIAERgSNEYwNzExM0Q3QUQ1QTI4MUFGAA==: sent -> failed
[INFO] 2025-09-12 13:19:56,163 tasks Campaign 17 is not running, status: completed
[INFO] 2025-09-12 15:39:47,601 views User logged in: campaign_user
[INFO] 2025-09-12 15:39:47,735 basehttp "POST /api/auth/login/ HTTP/1.1" 200 308
[INFO] 2025-09-12 16:17:17,241 views User logged in: campaign_user
[INFO] 2025-09-12 16:17:17,496 basehttp "POST /api/auth/login/ HTTP/1.1" 200 308
[INFO] 2025-09-12 16:20:38,566 basehttp "GET /api/stats/ HTTP/1.1" 200 235
[INFO] 2025-09-12 16:39:53,583 basehttp "GET /api/stats/ HTTP/1.1" 200 235
[INFO] 2025-09-12 16:59:04,469 webhook_handler Received webhook: {
  "object": "whatsapp_business_account",
  "entry": [
    {
      "id": "114374441730441",
      "changes": [
        {
          "value": {
            "messaging_product": "whatsapp",
            "metadata": {
              "display_phone_number": "917996002222",
              "phone_number_id": "114392571729051"
            },
            "statuses": [
              {
                "id": "wamid.HBgMOTE5NTc3NjI1MTIxFQIAERgSREJCN0Y3NjA3M0QyNjgzQTNCAA==",
                "status": "sent",
                "timestamp": "1757660758",
                "recipient_id": "919577625121",
                "conversation": {
                  "id": "26fc4a929e2ffd5d799e722aa55355c2",
                  "expiration_timestamp": "1757660758",
                  "origin": {
                    "type": "marketing"
                  }
                },
                "pricing": {
                  "billable": true,
                  "pricing_model": "PMP",
                  "category": "marketing",
                  "type": "regular"
                }
              }
            ]
          },
          "field": "messages"
        }
      ]
    }
  ]
}
[INFO] 2025-09-12 16:59:05,072 basehttp "POST /api/webhook/whatsapp/ HTTP/1.1" 200 22
[INFO] 2025-09-12 16:59:05,441 webhook_processor Processing status update: wamid.HBgMOTE5NTc3NjI1MTIxFQIAERgSREJCN0Y3NjA3M0QyNjgzQTNCAA== -> sent
[INFO] 2025-09-12 16:59:06,139 webhook_processor Updated message wamid.HBgMOTE5NTc3NjI1MTIxFQIAERgSREJCN0Y3NjA3M0QyNjgzQTNCAA==: read -> sent
[INFO] 2025-09-12 17:01:59,977 views User logged in: campaign_user
[INFO] 2025-09-12 17:02:00,086 basehttp "POST /api/auth/login/ HTTP/1.1" 200 308
[INFO] 2025-09-12 17:02:00,866 basehttp "GET /api/stats/ HTTP/1.1" 200 235
[INFO] 2025-09-12 17:02:36,561 basehttp "GET /api/stats/ HTTP/1.1" 200 235
[INFO] 2025-09-12 17:14:51,562 basehttp "GET /api/stats/ HTTP/1.1" 200 235
[INFO] 2025-09-12 17:31:54,533 basehttp "GET /api/stats/ HTTP/1.1" 200 235
[INFO] 2025-09-12 17:32:42,220 webhook_handler Received webhook: {
  "object": "whatsapp_business_account",
  "entry": [
    {
      "id": "114374441730441",
      "changes": [
        {
          "value": {
            "messaging_product": "whatsapp",
            "metadata": {
              "display_phone_number": "917996002222",
              "phone_number_id": "114392571729051"
            },
            "statuses": [
              {
                "id": "wamid.HBgMOTE3NzAyODI4ODExFQIAERgSMURFQ0E4Qzk4QjY2QUQyRTgzAA==",
                "status": "failed",
                "timestamp": "1757673259",
                "recipient_id": "917702828811",
                "errors": [
                  {
                    "code": 131049,
                    "title": "This message was not delivered to maintain healthy ecosystem engagement.",
                    "message": "This message was not delivered to maintain healthy ecosystem engagement.",
                    "error_data": {
                      "details": "In order to maintain a healthy ecosystem engagement, the message failed to be delivered."
                    },
                    "href": "https://developers.facebook.com/docs/whatsapp/cloud-api/support/error-codes/"
                  }
                ]
              }
            ]
          },
          "field": "messages"
        }
      ]
    }
  ]
}
[INFO] 2025-09-12 17:32:42,590 basehttp "POST /api/webhook/whatsapp/ HTTP/1.1" 200 22
[INFO] 2025-09-12 17:32:42,716 webhook_processor Processing status update: wamid.HBgMOTE3NzAyODI4ODExFQIAERgSMURFQ0E4Qzk4QjY2QUQyRTgzAA== -> failed
[INFO] 2025-09-12 17:32:43,254 webhook_processor Updated message wamid.HBgMOTE3NzAyODI4ODExFQIAERgSMURFQ0E4Qzk4QjY2QUQyRTgzAA==: sent -> failed
[INFO] 2025-09-12 17:32:43,711 tasks Campaign 21 is not running, status: completed
[INFO] 2025-09-12 17:36:47,031 webhook_handler Received webhook: {
  "object": "whatsapp_business_account",
  "entry": [
    {
      "id": "114374441730441",
      "changes": [
        {
          "value": {
            "messaging_product": "whatsapp",
            "metadata": {
              "display_phone_number": "917996002222",
              "phone_number_id": "114392571729051"
            },
            "statuses": [
              {
                "id": "wamid.HBgMOTE5NTM4MDk1NjAxFQIAERgSRTlCRTI4MDE3QTcwMERCQzA1AA==",
                "status": "sent",
                "timestamp": "1757659979",
                "recipient_id": "919538095601",
                "conversation": {
                  "id": "7984162ccc1feeeb7e4dc54e2ae2ebdc",
                  "expiration_timestamp": "1757659979",
                  "origin": {
                    "type": "marketing"
                  }
                },
                "pricing": {
                  "billable": true,
                  "pricing_model": "PMP",
                  "category": "marketing",
                  "type": "regular"
                }
              }
            ]
          },
          "field": "messages"
        }
      ]
    }
  ]
}
[INFO] 2025-09-12 17:36:47,046 basehttp "POST /api/webhook/whatsapp/ HTTP/1.1" 200 22
[INFO] 2025-09-12 17:36:47,303 webhook_processor Processing status update: wamid.HBgMOTE5NTM4MDk1NjAxFQIAERgSRTlCRTI4MDE3QTcwMERCQzA1AA== -> sent
[INFO] 2025-09-12 17:36:47,600 webhook_processor Updated message wamid.HBgMOTE5NTM4MDk1NjAxFQIAERgSRTlCRTI4MDE3QTcwMERCQzA1AA==: read -> sent
[INFO] 2025-09-12 17:39:29,325 basehttp "GET /api/stats/ HTTP/1.1" 200 235
[INFO] 2025-09-12 17:44:20,191 basehttp "GET /api/stats/ HTTP/1.1" 200 235
[INFO] 2025-09-12 17:51:54,521 basehttp "GET /api/stats/ HTTP/1.1" 200 235
[INFO] 2025-09-12 17:56:38,657 views User logged in: campaign_user
[INFO] 2025-09-12 17:56:39,026 basehttp "POST /api/auth/login/ HTTP/1.1" 200 308
[INFO] 2025-09-12 17:56:39,724 basehttp "GET /api/stats/ HTTP/1.1" 200 235
[INFO] 2025-09-12 18:03:37,024 views User logged in: campaign_user
[INFO] 2025-09-12 18:03:37,571 basehttp "POST /api/auth/login/ HTTP/1.1" 200 308
[INFO] 2025-09-12 18:03:38,240 basehttp "GET /api/stats/ HTTP/1.1" 200 235
[INFO] 2025-09-12 18:03:53,271 basehttp "GET /api/stats/ HTTP/1.1" 200 235
[INFO] 2025-09-12 18:04:02,254 basehttp "GET /api/stats/ HTTP/1.1" 200 235
[INFO] 2025-09-12 18:06:06,009 basehttp "GET /api/stats/ HTTP/1.1" 200 235
[INFO] 2025-09-12 18:06:06,843 basehttp "GET /api/campaigns/?page=1 HTTP/1.1" 200 4887
[INFO] 2025-09-12 18:08:36,021 basehttp "GET /api/campaigns/?page=1 HTTP/1.1" 200 4887
[INFO] 2025-09-12 18:28:53,036 basehttp "GET /api/campaigns/?page=1 HTTP/1.1" 200 4887
[INFO] 2025-09-12 18:28:53,780 basehttp "GET /api/campaigns/?page=1 HTTP/1.1" 200 4887
[INFO] 2025-09-12 18:28:54,647 basehttp "GET /api/campaigns/22/ HTTP/1.1" 200 1705
[INFO] 2025-09-12 18:28:55,370 basehttp "GET /api/campaigns/22/statistics/ HTTP/1.1" 200 446
[INFO] 2025-09-12 18:30:20,016 views User logged in: campaign_user
[INFO] 2025-09-12 18:30:20,206 basehttp "POST /api/auth/login/ HTTP/1.1" 200 308
[INFO] 2025-09-12 18:30:20,878 basehttp "GET /api/stats/ HTTP/1.1" 200 235
[INFO] 2025-09-12 18:30:38,581 basehttp "GET /api/campaigns/?page=1 HTTP/1.1" 200 4887
[INFO] 2025-09-12 18:30:56,564 basehttp "GET /api/campaigns/?page=1 HTTP/1.1" 200 4887
[INFO] 2025-09-12 18:30:57,390 basehttp "GET /api/campaigns/?page=1 HTTP/1.1" 200 4887
[INFO] 2025-09-12 18:30:58,031 basehttp "GET /api/campaigns/22/ HTTP/1.1" 200 1705
[INFO] 2025-09-12 18:30:58,667 basehttp "GET /api/campaigns/22/statistics/ HTTP/1.1" 200 446
[INFO] 2025-09-12 18:35:37,485 basehttp "POST /api/validate-file/ HTTP/1.1" 200 216
[INFO] 2025-09-12 18:35:49,168 views Campaign created: 23, processing file: 23
[INFO] 2025-09-12 18:35:49,233 basehttp "POST /api/campaigns/ HTTP/1.1" 201 703
[INFO] 2025-09-12 18:35:49,691 tasks Processing file: test_contacts.csv
[INFO] 2025-09-12 18:35:50,343 tasks File processed: 3 valid, 0 invalid rows
[INFO] 2025-09-12 18:35:54,449 basehttp "GET /api/campaigns/?page=1 HTTP/1.1" 200 4947
[INFO] 2025-09-12 18:35:55,101 basehttp "GET /api/campaigns/23/ HTTP/1.1" 200 1331
[INFO] 2025-09-12 18:35:55,706 basehttp "GET /api/campaigns/23/statistics/ HTTP/1.1" 200 342
[INFO] 2025-09-12 18:35:56,349 basehttp "GET /api/campaigns/23/messages/ HTTP/1.1" 200 711
[INFO] 2025-09-12 18:36:00,540 basehttp "GET /api/campaigns/?page=1 HTTP/1.1" 200 4947
[INFO] 2025-09-12 18:36:01,196 basehttp "GET /api/campaigns/23/ HTTP/1.1" 200 1331
[INFO] 2025-09-12 18:36:01,862 basehttp "GET /api/campaigns/23/statistics/ HTTP/1.1" 200 342
[INFO] 2025-09-12 18:36:02,707 views Campaign started: 23
[INFO] 2025-09-12 18:36:02,742 basehttp "POST /api/campaigns/23/start/ HTTP/1.1" 200 1392
[INFO] 2025-09-12 18:36:03,006 tasks Starting campaign: 23
[INFO] 2025-09-12 18:36:03,080 tasks Found 3 messages to send
[INFO] 2025-09-12 18:36:03,087 tasks Scheduled message 42 with 0s delay
[INFO] 2025-09-12 18:36:03,089 tasks Scheduled message 43 with 2s delay
[INFO] 2025-09-12 18:36:03,091 tasks Scheduled message 44 with 4s delay
[INFO] 2025-09-12 18:36:03,093 tasks Scheduled completion check in 36s
[INFO] 2025-09-12 18:36:04,598 basehttp "GET /api/campaigns/?page=1 HTTP/1.1" 200 4947
[INFO] 2025-09-12 18:36:04,669 tasks Sending message to +917702828811
[INFO] 2025-09-12 18:36:04,677 whatsapp_360_client Sending WhatsApp message to 917702828811 using template welcome_template_txt
[INFO] 2025-09-12 18:36:05,282 basehttp "GET /api/campaigns/23/ HTTP/1.1" 200 1357
[INFO] 2025-09-12 18:36:05,972 basehttp "GET /api/campaigns/23/statistics/ HTTP/1.1" 200 398
[INFO] 2025-09-12 18:36:06,349 tasks Sending message to +919538095601
[INFO] 2025-09-12 18:36:06,359 whatsapp_360_client Sending WhatsApp message to 919538095601 using template welcome_template_txt
[INFO] 2025-09-12 18:36:06,631 basehttp "GET /api/campaigns/23/messages/ HTTP/1.1" 200 713
[INFO] 2025-09-12 18:36:06,938 whatsapp_360_client Message sent successfully. Message ID: wamid.HBgMOTE3NzAyODI4ODExFQIAERgSMzYxOUMyQTYxQkUwQzgzMUE1AA==
[INFO] 2025-09-12 18:36:07,549 tasks Message sent successfully to +917702828811, Message ID: wamid.HBgMOTE3NzAyODI4ODExFQIAERgSMzYxOUMyQTYxQkUwQzgzMUE1AA==
[INFO] 2025-09-12 18:36:08,022 whatsapp_360_client Message sent successfully. Message ID: wamid.HBgMOTE5NTM4MDk1NjAxFQIAERgSRkZGNEM3NzMwMDcyOTY1Qzc4AA==
[INFO] 2025-09-12 18:36:08,581 tasks Message sent successfully to +919538095601, Message ID: wamid.HBgMOTE5NTM4MDk1NjAxFQIAERgSRkZGNEM3NzMwMDcyOTY1Qzc4AA==
[INFO] 2025-09-12 18:36:09,073 tasks Sending message to +919474816594
[INFO] 2025-09-12 18:36:09,293 whatsapp_360_client Sending WhatsApp message to 919474816594 using template welcome_template_txt
[INFO] 2025-09-12 18:36:09,370 webhook_handler Received webhook: {
  "object": "whatsapp_business_account",
  "entry": [
    {
      "id": "114374441730441",
      "changes": [
        {
          "value": {
            "messaging_product": "whatsapp",
            "metadata": {
              "display_phone_number": "917996002222",
              "phone_number_id": "114392571729051"
            },
            "statuses": [
              {
                "id": "wamid.HBgMOTE3NzAyODI4ODExFQIAERgSMzYxOUMyQTYxQkUwQzgzMUE1AA==",
                "status": "failed",
                "timestamp": "1757702167",
                "recipient_id": "917702828811",
                "errors": [
                  {
                    "code": 131049,
                    "title": "This message was not delivered to maintain healthy ecosystem engagement.",
                    "message": "This message was not delivered to maintain healthy ecosystem engagement.",
                    "error_data": {
                      "details": "In order to maintain a healthy ecosystem engagement, the message failed to be delivered."
                    },
                    "href": "https://developers.facebook.com/docs/whatsapp/cloud-api/support/error-codes/"
                  }
                ]
              }
            ]
          },
          "field": "messages"
        }
      ]
    }
  ]
}
[INFO] 2025-09-12 18:36:09,378 basehttp "POST /api/webhook/whatsapp/ HTTP/1.1" 200 22
[INFO] 2025-09-12 18:36:09,683 webhook_processor Processing status update: wamid.HBgMOTE3NzAyODI4ODExFQIAERgSMzYxOUMyQTYxQkUwQzgzMUE1AA== -> failed
[INFO] 2025-09-12 18:36:10,232 tasks Campaign 23 still has 1 pending messages
[INFO] 2025-09-12 18:36:10,232 webhook_handler Received webhook: {
  "object": "whatsapp_business_account",
  "entry": [
    {
      "id": "114374441730441",
      "changes": [
        {
          "value": {
            "messaging_product": "whatsapp",
            "metadata": {
              "display_phone_number": "917996002222",
              "phone_number_id": "114392571729051"
            },
            "statuses": [
              {
                "id": "wamid.HBgMOTE5NTM4MDk1NjAxFQIAERgSRkZGNEM3NzMwMDcyOTY1Qzc4AA==",
                "status": "failed",
                "timestamp": "1757702168",
                "recipient_id": "919538095601",
                "errors": [
                  {
                    "code": 131049,
                    "title": "This message was not delivered to maintain healthy ecosystem engagement.",
                    "message": "This message was not delivered to maintain healthy ecosystem engagement.",
                    "error_data": {
                      "details": "In order to maintain a healthy ecosystem engagement, the message failed to be delivered."
                    },
                    "href": "https://developers.facebook.com/docs/whatsapp/cloud-api/support/error-codes/"
                  }
                ]
              }
            ]
          },
          "field": "messages"
        }
      ]
    }
  ]
}
[INFO] 2025-09-12 18:36:10,332 basehttp "POST /api/webhook/whatsapp/ HTTP/1.1" 200 22
[INFO] 2025-09-12 18:36:10,232 tasks Campaign 23 still has 1 pending messages
[INFO] 2025-09-12 18:36:10,706 webhook_processor Updated message wamid.HBgMOTE3NzAyODI4ODExFQIAERgSMzYxOUMyQTYxQkUwQzgzMUE1AA==: sent -> failed
[INFO] 2025-09-12 18:36:11,176 webhook_processor Processing status update: wamid.HBgMOTE5NTM4MDk1NjAxFQIAERgSRkZGNEM3NzMwMDcyOTY1Qzc4AA== -> failed
[INFO] 2025-09-12 18:36:11,361 tasks Campaign 23 still has 1 pending messages
[INFO] 2025-09-12 18:36:12,812 webhook_processor Updated message wamid.HBgMOTE5NTM4MDk1NjAxFQIAERgSRkZGNEM3NzMwMDcyOTY1Qzc4AA==: sent -> failed
[INFO] 2025-09-12 18:36:13,389 tasks Campaign 23 still has 1 pending messages
[INFO] 2025-09-12 18:36:14,720 whatsapp_360_client Message sent successfully. Message ID: wamid.HBgMOTE5NDc0ODE2NTk0FQIAERgSRURFMTk2ODJGNTBGNkYwRjA0AA==
[INFO] 2025-09-12 18:36:14,954 tasks Message sent successfully to +919474816594, Message ID: wamid.HBgMOTE5NDc0ODE2NTk0FQIAERgSRURFMTk2ODJGNTBGNkYwRjA0AA==
[INFO] 2025-09-12 18:36:15,472 tasks Campaign 23 marked as completed - all messages sent
[INFO] 2025-09-12 18:36:15,714 webhook_handler Received webhook: {
  "object": "whatsapp_business_account",
  "entry": [
    {
      "id": "114374441730441",
      "changes": [
        {
          "value": {
            "messaging_product": "whatsapp",
            "metadata": {
              "display_phone_number": "917996002222",
              "phone_number_id": "114392571729051"
            },
            "statuses": [
              {
                "id": "wamid.HBgMOTE5NDc0ODE2NTk0FQIAERgSRURFMTk2ODJGNTBGNkYwRjA0AA==",
                "status": "sent",
                "timestamp": "1757702174",
                "recipient_id": "919474816594",
                "conversation": {
                  "id": "68f84ca51bfc38c141a05fa80009fddd",
                  "expiration_timestamp": "1757702174",
                  "origin": {
                    "type": "marketing"
                  }
                },
                "pricing": {
                  "billable": true,
                  "pricing_model": "PMP",
                  "category": "marketing",
                  "type": "regular"
                }
              }
            ]
          },
          "field": "messages"
        }
      ]
    }
  ]
}
[INFO] 2025-09-12 18:36:15,723 basehttp "POST /api/webhook/whatsapp/ HTTP/1.1" 200 22
[INFO] 2025-09-12 18:36:15,949 webhook_processor Processing status update: wamid.HBgMOTE5NDc0ODE2NTk0FQIAERgSRURFMTk2ODJGNTBGNkYwRjA0AA== -> sent
[INFO] 2025-09-12 18:36:16,225 webhook_processor Updated message wamid.HBgMOTE5NDc0ODE2NTk0FQIAERgSRURFMTk2ODJGNTBGNkYwRjA0AA==: sent -> sent
[INFO] 2025-09-12 18:36:31,935 basehttp "GET /api/campaigns/?page=1 HTTP/1.1" 200 4964
[INFO] 2025-09-12 18:36:32,624 basehttp "GET /api/campaigns/23/ HTTP/1.1" 200 1651
[INFO] 2025-09-12 18:36:33,258 basehttp "GET /api/campaigns/23/statistics/ HTTP/1.1" 200 437
[INFO] 2025-09-12 18:36:33,394 webhook_handler Received webhook: {
  "object": "whatsapp_business_account",
  "entry": [
    {
      "id": "114374441730441",
      "changes": [
        {
          "value": {
            "messaging_product": "whatsapp",
            "metadata": {
              "display_phone_number": "917996002222",
              "phone_number_id": "114392571729051"
            },
            "statuses": [
              {
                "id": "wamid.HBgMOTE5NDc0ODE2NTk0FQIAERgSRjQxNjZDREEwNjEwNEVFRkNFAA==",
                "status": "sent",
                "timestamp": "1757673262",
                "recipient_id": "919474816594",
                "conversation": {
                  "id": "21b6e1ca8a740f233db361fe7412fc83",
                  "expiration_timestamp": "1757673262",
                  "origin": {
                    "type": "marketing"
                  }
                },
                "pricing": {
                  "billable": true,
                  "pricing_model": "PMP",
                  "category": "marketing",
                  "type": "regular"
                }
              }
            ]
          },
          "field": "messages"
        }
      ]
    }
  ]
}
[INFO] 2025-09-12 18:36:33,402 basehttp "POST /api/webhook/whatsapp/ HTTP/1.1" 200 22
[INFO] 2025-09-12 18:36:33,615 webhook_processor Processing status update: wamid.HBgMOTE5NDc0ODE2NTk0FQIAERgSRjQxNjZDREEwNjEwNEVFRkNFAA== -> sent
[INFO] 2025-09-12 18:36:34,171 webhook_processor Updated message wamid.HBgMOTE5NDc0ODE2NTk0FQIAERgSRjQxNjZDREEwNjEwNEVFRkNFAA==: delivered -> sent
[INFO] 2025-09-12 18:36:39,199 tasks Campaign 23 is not running, status: completed
[INFO] 2025-09-12 18:36:40,384 tasks Campaign 23 is not running, status: completed
[INFO] 2025-09-12 18:36:40,869 tasks Campaign 23 is not running, status: completed
[INFO] 2025-09-12 18:36:41,689 tasks Campaign 23 is not running, status: completed
[INFO] 2025-09-12 18:36:43,596 tasks Campaign 23 is not running, status: completed
[INFO] 2025-09-12 18:36:54,140 basehttp "GET /api/campaigns/?page=1 HTTP/1.1" 200 4977
[INFO] 2025-09-12 18:36:54,810 basehttp "GET /api/campaigns/23/ HTTP/1.1" 200 1651
[INFO] 2025-09-12 18:36:55,481 basehttp "GET /api/campaigns/23/statistics/ HTTP/1.1" 200 437
[INFO] 2025-09-12 18:37:58,076 webhook_handler Received webhook: {
  "object": "whatsapp_business_account",
  "entry": [
    {
      "id": "114374441730441",
      "changes": [
        {
          "value": {
            "messaging_product": "whatsapp",
            "metadata": {
              "display_phone_number": "917996002222",
              "phone_number_id": "114392571729051"
            },
            "statuses": [
              {
                "id": "wamid.HBgMOTE5NDc0ODE2NTk0FQIAERgSRURFMTk2ODJGNTBGNkYwRjA0AA==",
                "status": "delivered",
                "timestamp": "1757702276",
                "recipient_id": "919474816594",
                "conversation": {
                  "id": "68f84ca51bfc38c141a05fa80009fddd",
                  "origin": {
                    "type": "marketing"
                  }
                },
                "pricing": {
                  "billable": true,
                  "pricing_model": "PMP",
                  "category": "marketing",
                  "type": "regular"
                }
              }
            ]
          },
          "field": "messages"
        }
      ]
    }
  ]
}
[INFO] 2025-09-12 18:37:58,102 basehttp "POST /api/webhook/whatsapp/ HTTP/1.1" 200 22
[INFO] 2025-09-12 18:37:58,243 webhook_processor Processing status update: wamid.HBgMOTE5NDc0ODE2NTk0FQIAERgSRURFMTk2ODJGNTBGNkYwRjA0AA== -> delivered
[INFO] 2025-09-12 18:37:58,552 webhook_processor Message delivered to +919474816594, triggering next message
[INFO] 2025-09-12 18:37:58,963 webhook_processor Updated message wamid.HBgMOTE5NDc0ODE2NTk0FQIAERgSRURFMTk2ODJGNTBGNkYwRjA0AA==: sent -> delivered
[INFO] 2025-09-12 18:37:59,075 tasks Campaign 23 is not running, status: completed
[WARNING] 2025-09-12 18:54:01,605 log Bad Request: /api/auth/signup/
[WARNING] 2025-09-12 18:54:01,693 basehttp "POST /api/auth/signup/ HTTP/1.1" 400 141
[WARNING] 2025-09-12 18:54:07,627 log Bad Request: /api/auth/signup/
[WARNING] 2025-09-12 18:54:07,628 basehttp "POST /api/auth/signup/ HTTP/1.1" 400 141
[WARNING] 2025-09-12 18:54:13,712 log Bad Request: /api/auth/signup/
[WARNING] 2025-09-12 18:54:13,713 basehttp "POST /api/auth/signup/ HTTP/1.1" 400 141
[WARNING] 2025-09-12 18:54:19,602 log Bad Request: /api/auth/signup/
[WARNING] 2025-09-12 18:54:19,603 basehttp "POST /api/auth/signup/ HTTP/1.1" 400 141
[INFO] 2025-09-12 18:56:18,283 webhook_handler Received webhook: {
  "object": "whatsapp_business_account",
  "entry": [
    {
      "id": "114374441730441",
      "changes": [
        {
          "value": {
            "messaging_product": "whatsapp",
            "metadata": {
              "display_phone_number": "917996002222",
              "phone_number_id": "114392571729051"
            },
            "statuses": [
              {
                "id": "wamid.HBgMOTE5NTM4MDk1NjAxFQIAERgSODI4MzBEMEY4MTc0QjJEQUI2AA==",
                "status": "delivered",
                "timestamp": "1757660754",
                "recipient_id": "919538095601",
                "conversation": {
                  "id": "5da3766985fc26562b04153427de7dfb",
                  "origin": {
                    "type": "marketing"
                  }
                },
                "pricing": {
                  "billable": true,
                  "pricing_model": "PMP",
                  "category": "marketing",
                  "type": "regular"
                }
              }
            ]
          },
          "field": "messages"
        }
      ]
    }
  ]
}
[INFO] 2025-09-12 18:56:18,721 basehttp "POST /api/webhook/whatsapp/ HTTP/1.1" 200 22
[INFO] 2025-09-12 18:56:19,073 webhook_processor Processing status update: wamid.HBgMOTE5NTM4MDk1NjAxFQIAERgSODI4MzBEMEY4MTc0QjJEQUI2AA== -> delivered
[INFO] 2025-09-12 18:56:19,276 webhook_processor Message delivered to +919538095601, triggering next message
[INFO] 2025-09-12 18:56:19,526 webhook_processor Updated message wamid.HBgMOTE5NTM4MDk1NjAxFQIAERgSODI4MzBEMEY4MTc0QjJEQUI2AA==: read -> delivered
[INFO] 2025-09-12 18:56:19,655 tasks Campaign 17 is not running, status: completed
[INFO] 2025-09-12 19:37:40,733 webhook_handler Received webhook: {
  "object": "whatsapp_business_account",
  "entry": [
    {
      "id": "114374441730441",
      "changes": [
        {
          "value": {
            "messaging_product": "whatsapp",
            "metadata": {
              "display_phone_number": "917996002222",
              "phone_number_id": "114392571729051"
            },
            "statuses": [
              {
                "id": "wamid.HBgMOTE3NzAyODI4ODExFQIAERgSMTYxOTQ2NjE0MTQwNjg2RUExAA==",
                "status": "failed",
                "timestamp": "1757659977",
                "recipient_id": "917702828811",
                "errors": [
                  {
                    "code": 131049,
                    "title": "This message was not delivered to maintain healthy ecosystem engagement.",
                    "message": "This message was not delivered to maintain healthy ecosystem engagement.",
                    "error_data": {
                      "details": "In order to maintain a healthy ecosystem engagement, the message failed to be delivered."
                    },
                    "href": "https://developers.facebook.com/docs/whatsapp/cloud-api/support/error-codes/"
                  }
                ]
              }
            ]
          },
          "field": "messages"
        }
      ]
    }
  ]
}
[INFO] 2025-09-12 19:37:41,547 basehttp "POST /api/webhook/whatsapp/ HTTP/1.1" 200 22
[INFO] 2025-09-12 19:37:41,664 webhook_processor Processing status update: wamid.HBgMOTE3NzAyODI4ODExFQIAERgSMTYxOTQ2NjE0MTQwNjg2RUExAA== -> failed
[INFO] 2025-09-12 19:37:42,027 webhook_processor Updated message wamid.HBgMOTE3NzAyODI4ODExFQIAERgSMTYxOTQ2NjE0MTQwNjg2RUExAA==: sent -> failed
[INFO] 2025-09-12 19:37:42,093 tasks Campaign 15 is not running, status: completed
[INFO] 2025-09-13 12:02:50,115 autoreload Watching for file changes with StatReloader
[ERROR] 2025-09-13 12:05:10,029 exception Invalid HTTP_HOST header: '15d940fbaa6b.ngrok-free.app'. You may need to add '15d940fbaa6b.ngrok-free.app' to ALLOWED_HOSTS.
Traceback (most recent call last):
  File "/home/sohan/whatsapp-campaign/venv/lib/python3.10/site-packages/django/core/handlers/exception.py", line 55, in inner
    response = get_response(request)
  File "/home/sohan/whatsapp-campaign/venv/lib/python3.10/site-packages/django/utils/deprecation.py", line 133, in __call__
    response = self.process_request(request)
  File "/home/sohan/whatsapp-campaign/venv/lib/python3.10/site-packages/django/middleware/common.py", line 48, in process_request
    host = request.get_host()
  File "/home/sohan/whatsapp-campaign/venv/lib/python3.10/site-packages/django/http/request.py", line 150, in get_host
    raise DisallowedHost(msg)
django.core.exceptions.DisallowedHost: Invalid HTTP_HOST header: '15d940fbaa6b.ngrok-free.app'. You may need to add '15d940fbaa6b.ngrok-free.app' to ALLOWED_HOSTS.
[WARNING] 2025-09-13 12:05:10,178 log Bad Request: /api/webhook/whatsapp/
[WARNING] 2025-09-13 12:05:10,179 basehttp "POST /api/webhook/whatsapp/ HTTP/1.1" 400 74836
[ERROR] 2025-09-13 12:05:32,289 exception Invalid HTTP_HOST header: '15d940fbaa6b.ngrok-free.app'. You may need to add '15d940fbaa6b.ngrok-free.app' to ALLOWED_HOSTS.
Traceback (most recent call last):
  File "/home/sohan/whatsapp-campaign/venv/lib/python3.10/site-packages/django/core/handlers/exception.py", line 55, in inner
    response = get_response(request)
  File "/home/sohan/whatsapp-campaign/venv/lib/python3.10/site-packages/django/utils/deprecation.py", line 133, in __call__
    response = self.process_request(request)
  File "/home/sohan/whatsapp-campaign/venv/lib/python3.10/site-packages/django/middleware/common.py", line 48, in process_request
    host = request.get_host()
  File "/home/sohan/whatsapp-campaign/venv/lib/python3.10/site-packages/django/http/request.py", line 150, in get_host
    raise DisallowedHost(msg)
django.core.exceptions.DisallowedHost: Invalid HTTP_HOST header: '15d940fbaa6b.ngrok-free.app'. You may need to add '15d940fbaa6b.ngrok-free.app' to ALLOWED_HOSTS.
[WARNING] 2025-09-13 12:05:32,330 log Bad Request: /api/auth/login/
[WARNING] 2025-09-13 12:05:32,330 basehttp "POST /api/auth/login/ HTTP/1.1" 400 73413
[INFO] 2025-09-13 12:06:28,103 autoreload Watching for file changes with StatReloader
[INFO] 2025-09-13 12:06:33,219 views User logged in: campaign_user
[INFO] 2025-09-13 12:06:33,500 basehttp "POST /api/auth/login/ HTTP/1.1" 200 308
[INFO] 2025-09-13 12:06:34,211 basehttp "GET /api/stats/ HTTP/1.1" 200 235
[INFO] 2025-09-13 12:06:44,876 basehttp "GET /api/campaigns/?page=1 HTTP/1.1" 200 4977
[INFO] 2025-09-13 12:06:54,924 basehttp "GET /api/campaigns/?page=1 HTTP/1.1" 200 4977
[INFO] 2025-09-13 12:06:55,955 basehttp "GET /api/stats/ HTTP/1.1" 200 235
[INFO] 2025-09-13 12:06:56,615 basehttp "GET /api/campaigns/?page=1 HTTP/1.1" 200 4977
[INFO] 2025-09-13 12:06:59,466 basehttp "GET /api/campaigns/?page=1 HTTP/1.1" 200 4977
[INFO] 2025-09-13 12:07:02,445 basehttp "GET /api/campaigns/?page=1 HTTP/1.1" 200 4977
[INFO] 2025-09-13 12:07:09,403 basehttp "GET /api/stats/ HTTP/1.1" 200 235
[INFO] 2025-09-13 12:07:10,089 basehttp "GET /api/campaigns/?page=1 HTTP/1.1" 200 4977
[INFO] 2025-09-13 12:27:59,795 basehttp "GET /admin/ HTTP/1.1" 302 0
[INFO] 2025-09-13 12:28:00,065 basehttp "GET /admin/login/?next=/admin/ HTTP/1.1" 200 4181
[INFO] 2025-09-13 12:28:00,236 basehttp "GET /static/admin/css/dark_mode.css HTTP/1.1" 200 2929
[INFO] 2025-09-13 12:28:00,236 basehttp "GET /static/admin/css/login.css HTTP/1.1" 200 958
[INFO] 2025-09-13 12:28:00,236 basehttp "GET /static/admin/css/nav_sidebar.css HTTP/1.1" 200 2694
[INFO] 2025-09-13 12:28:00,254 basehttp "GET /static/admin/js/nav_sidebar.js HTTP/1.1" 200 3063
[INFO] 2025-09-13 12:28:00,255 basehttp "GET /static/admin/js/theme.js HTTP/1.1" 200 1943
[INFO] 2025-09-13 12:28:00,272 basehttp "GET /static/admin/css/base.css HTTP/1.1" 200 21207
[INFO] 2025-09-13 12:28:00,288 basehttp "GET /static/admin/css/responsive.css HTTP/1.1" 200 18533
[WARNING] 2025-09-13 12:28:00,380 log Not Found: /favicon.ico
[WARNING] 2025-09-13 12:28:00,381 basehttp "GET /favicon.ico HTTP/1.1" 404 2587
[INFO] 2025-09-13 12:28:03,068 basehttp "POST /admin/login/?next=/admin/ HTTP/1.1" 302 0
[INFO] 2025-09-13 12:28:03,219 basehttp "GET /admin/ HTTP/1.1" 200 9524
[INFO] 2025-09-13 12:28:03,318 basehttp "GET /static/admin/css/dashboard.css HTTP/1.1" 200 441
[INFO] 2025-09-13 12:28:03,345 basehttp "GET /static/admin/img/icon-addlink.svg HTTP/1.1" 200 331
[INFO] 2025-09-13 12:28:03,345 basehttp "GET /static/admin/img/icon-changelink.svg HTTP/1.1" 200 380
[INFO] 2025-09-13 12:28:04,557 basehttp "GET /admin/campaigns/message/ HTTP/1.1" 200 36183
[INFO] 2025-09-13 12:28:04,623 basehttp "GET /static/admin/js/admin/RelatedObjectLookups.js HTTP/1.1" 200 8943
[INFO] 2025-09-13 12:28:04,624 basehttp "GET /static/admin/js/jquery.init.js HTTP/1.1" 200 347
[INFO] 2025-09-13 12:28:04,624 basehttp "GET /static/admin/js/core.js HTTP/1.1" 200 5682
[INFO] 2025-09-13 12:28:04,625 basehttp "GET /static/admin/css/changelists.css HTTP/1.1" 200 6566
[INFO] 2025-09-13 12:28:04,641 basehttp "GET /admin/jsi18n/ HTTP/1.1" 200 3343
[INFO] 2025-09-13 12:28:04,679 basehttp "GET /static/admin/js/actions.js HTTP/1.1" 200 7872
[INFO] 2025-09-13 12:28:04,679 basehttp "GET /static/admin/js/filters.js HTTP/1.1" 200 978
[INFO] 2025-09-13 12:28:04,680 basehttp "GET /static/admin/js/prepopulate.js HTTP/1.1" 200 1531
[INFO] 2025-09-13 12:28:04,681 basehttp "GET /static/admin/js/urlify.js HTTP/1.1" 200 7887
[INFO] 2025-09-13 12:28:04,706 basehttp "GET /static/admin/js/vendor/jquery/jquery.js HTTP/1.1" 200 292458
[INFO] 2025-09-13 12:28:04,757 basehttp "GET /static/admin/js/vendor/xregexp/xregexp.js HTTP/1.1" 200 232381
[INFO] 2025-09-13 12:28:04,800 basehttp "GET /static/admin/img/search.svg HTTP/1.1" 200 458
[INFO] 2025-09-13 12:28:04,800 basehttp "GET /static/admin/img/tooltag-add.svg HTTP/1.1" 200 331
[INFO] 2025-09-13 12:28:04,801 basehttp "GET /static/admin/img/sorting-icons.svg HTTP/1.1" 200 1097
[INFO] 2025-09-13 14:19:30,524 views User logged in: campaign_user
[INFO] 2025-09-13 14:19:30,678 basehttp "POST /api/auth/login/ HTTP/1.1" 200 308
[INFO] 2025-09-13 14:19:31,396 basehttp "GET /api/stats/ HTTP/1.1" 200 234
[INFO] 2025-09-13 14:19:34,425 basehttp "GET /api/stats/ HTTP/1.1" 200 234
[INFO] 2025-09-13 14:19:35,122 basehttp "GET /api/campaigns/?page=1 HTTP/1.1" 200 4976
[INFO] 2025-09-13 14:20:04,579 basehttp "GET /api/campaigns/?page=1 HTTP/1.1" 200 4976
[INFO] 2025-09-13 14:20:40,183 basehttp "POST /api/validate-file/ HTTP/1.1" 200 216
[INFO] 2025-09-13 14:20:44,080 views Campaign created: 24, processing file: 24
[INFO] 2025-09-13 14:20:44,089 basehttp "POST /api/campaigns/ HTTP/1.1" 201 695
[INFO] 2025-09-13 14:20:44,505 tasks Processing file: test_contacts.csv
[INFO] 2025-09-13 14:20:45,098 tasks File processed: 3 valid, 0 invalid rows
[INFO] 2025-09-13 14:21:00,658 basehttp "GET /api/campaigns/?page=1 HTTP/1.1" 200 4982
[INFO] 2025-09-13 14:21:01,325 basehttp "GET /api/campaigns/24/ HTTP/1.1" 200 1323
[INFO] 2025-09-13 14:21:01,961 basehttp "GET /api/campaigns/24/statistics/ HTTP/1.1" 200 342
[INFO] 2025-09-13 14:21:02,662 basehttp "GET /api/campaigns/24/messages/ HTTP/1.1" 200 711
[INFO] 2025-09-13 14:21:05,932 basehttp "GET /api/campaigns/?page=1 HTTP/1.1" 200 4982
[INFO] 2025-09-13 14:21:06,572 basehttp "GET /api/campaigns/24/ HTTP/1.1" 200 1323
[INFO] 2025-09-13 14:21:07,211 basehttp "GET /api/campaigns/24/statistics/ HTTP/1.1" 200 342
[INFO] 2025-09-13 14:21:08,014 views Campaign started: 24
[INFO] 2025-09-13 14:21:08,039 basehttp "POST /api/campaigns/24/start/ HTTP/1.1" 200 1384
[INFO] 2025-09-13 14:21:08,066 tasks Starting campaign: 24
[INFO] 2025-09-13 14:21:08,070 tasks Found 3 messages to send
[INFO] 2025-09-13 14:21:08,132 tasks Scheduled message 45 with 0s delay
[INFO] 2025-09-13 14:21:08,134 tasks Scheduled message 46 with 2s delay
[INFO] 2025-09-13 14:21:08,136 tasks Scheduled message 47 with 4s delay
[INFO] 2025-09-13 14:21:08,138 tasks Scheduled completion check in 36s
[INFO] 2025-09-13 14:21:09,443 tasks Sending message to +917702828811
[INFO] 2025-09-13 14:21:09,451 whatsapp_360_client Sending WhatsApp message to 917702828811 using template welcome_template_txt
[INFO] 2025-09-13 14:21:09,790 basehttp "GET /api/campaigns/?page=1 HTTP/1.1" 200 4982
[INFO] 2025-09-13 14:21:10,501 basehttp "GET /api/campaigns/24/ HTTP/1.1" 200 1349
[INFO] 2025-09-13 14:21:11,132 basehttp "GET /api/campaigns/24/statistics/ HTTP/1.1" 200 398
[INFO] 2025-09-13 14:21:11,321 tasks Sending message to +919538095601
[INFO] 2025-09-13 14:21:11,327 whatsapp_360_client Sending WhatsApp message to 919538095601 using template welcome_template_txt
[INFO] 2025-09-13 14:21:11,347 whatsapp_360_client Message sent successfully. Message ID: wamid.HBgMOTE3NzAyODI4ODExFQIAERgSRkZCMTlFNDI0MDNBNkFBOTBFAA==
[INFO] 2025-09-13 14:21:11,544 tasks Message sent successfully to +917702828811, Message ID: wamid.HBgMOTE3NzAyODI4ODExFQIAERgSRkZCMTlFNDI0MDNBNkFBOTBFAA==
[INFO] 2025-09-13 14:21:11,781 basehttp "GET /api/campaigns/24/messages/ HTTP/1.1" 200 735
[INFO] 2025-09-13 14:21:11,796 tasks Campaign 24 still has 2 pending messages
[INFO] 2025-09-13 14:21:12,815 whatsapp_360_client Message sent successfully. Message ID: wamid.HBgMOTE5NTM4MDk1NjAxFQIAERgSQzdGQTJDMjYzQkQwRjBCQzA5AA==
[INFO] 2025-09-13 14:21:13,209 tasks Message sent successfully to +919538095601, Message ID: wamid.HBgMOTE5NTM4MDk1NjAxFQIAERgSQzdGQTJDMjYzQkQwRjBCQzA5AA==
[INFO] 2025-09-13 14:21:13,451 tasks Sending message to +919474816594
[INFO] 2025-09-13 14:21:13,454 whatsapp_360_client Sending WhatsApp message to 919474816594 using template welcome_template_txt
[INFO] 2025-09-13 14:21:13,563 webhook_handler Received webhook: {
  "object": "whatsapp_business_account",
  "entry": [
    {
      "id": "114374441730441",
      "changes": [
        {
          "value": {
            "messaging_product": "whatsapp",
            "metadata": {
              "display_phone_number": "917996002222",
              "phone_number_id": "114392571729051"
            },
            "statuses": [
              {
                "id": "wamid.HBgMOTE3NzAyODI4ODExFQIAERgSRkZCMTlFNDI0MDNBNkFBOTBFAA==",
                "status": "failed",
                "timestamp": "1757773271",
                "recipient_id": "917702828811",
                "errors": [
                  {
                    "code": 131049,
                    "title": "This message was not delivered to maintain healthy ecosystem engagement.",
                    "message": "This message was not delivered to maintain healthy ecosystem engagement.",
                    "error_data": {
                      "details": "In order to maintain a healthy ecosystem engagement, the message failed to be delivered."
                    },
                    "href": "https://developers.facebook.com/docs/whatsapp/cloud-api/support/error-codes/"
                  }
                ]
              }
            ]
          },
          "field": "messages"
        }
      ]
    }
  ]
}
[INFO] 2025-09-13 14:21:13,576 basehttp "POST /api/webhook/whatsapp/ HTTP/1.1" 200 22
[INFO] 2025-09-13 14:21:13,738 tasks Campaign 24 still has 1 pending messages
[INFO] 2025-09-13 14:21:13,792 webhook_processor Processing status update: wamid.HBgMOTE3NzAyODI4ODExFQIAERgSRkZCMTlFNDI0MDNBNkFBOTBFAA== -> failed
[INFO] 2025-09-13 14:21:14,234 webhook_processor Updated message wamid.HBgMOTE3NzAyODI4ODExFQIAERgSRkZCMTlFNDI0MDNBNkFBOTBFAA==: sent -> failed
[INFO] 2025-09-13 14:21:14,321 tasks Campaign 24 still has 1 pending messages
[INFO] 2025-09-13 14:21:14,922 webhook_handler Received webhook: {
  "object": "whatsapp_business_account",
  "entry": [
    {
      "id": "114374441730441",
      "changes": [
        {
          "value": {
            "messaging_product": "whatsapp",
            "metadata": {
              "display_phone_number": "917996002222",
              "phone_number_id": "114392571729051"
            },
            "statuses": [
              {
                "id": "wamid.HBgMOTE5NTM4MDk1NjAxFQIAERgSQzdGQTJDMjYzQkQwRjBCQzA5AA==",
                "status": "failed",
                "timestamp": "1757773273",
                "recipient_id": "919538095601",
                "errors": [
                  {
                    "code": 131049,
                    "title": "This message was not delivered to maintain healthy ecosystem engagement.",
                    "message": "This message was not delivered to maintain healthy ecosystem engagement.",
                    "error_data": {
                      "details": "In order to maintain a healthy ecosystem engagement, the message failed to be delivered."
                    },
                    "href": "https://developers.facebook.com/docs/whatsapp/cloud-api/support/error-codes/"
                  }
                ]
              }
            ]
          },
          "field": "messages"
        }
      ]
    }
  ]
}
[INFO] 2025-09-13 14:21:14,939 basehttp "POST /api/webhook/whatsapp/ HTTP/1.1" 200 22
[INFO] 2025-09-13 14:21:14,960 whatsapp_360_client Message sent successfully. Message ID: wamid.HBgMOTE5NDc0ODE2NTk0FQIAERgSRTFFNjA2QjE3RjdBM0ZGQkM0AA==
[INFO] 2025-09-13 14:21:15,060 webhook_processor Processing status update: wamid.HBgMOTE5NTM4MDk1NjAxFQIAERgSQzdGQTJDMjYzQkQwRjBCQzA5AA== -> failed
[INFO] 2025-09-13 14:21:15,340 tasks Message sent successfully to +919474816594, Message ID: wamid.HBgMOTE5NDc0ODE2NTk0FQIAERgSRTFFNjA2QjE3RjdBM0ZGQkM0AA==
[INFO] 2025-09-13 14:21:15,474 webhook_processor Updated message wamid.HBgMOTE5NTM4MDk1NjAxFQIAERgSQzdGQTJDMjYzQkQwRjBCQzA5AA==: sent -> failed
[INFO] 2025-09-13 14:21:15,691 tasks Campaign 24 marked as completed - all messages sent
[INFO] 2025-09-13 14:21:15,825 tasks Campaign 24 marked as completed - all messages sent
[INFO] 2025-09-13 14:21:16,294 webhook_handler Received webhook: {
  "object": "whatsapp_business_account",
  "entry": [
    {
      "id": "114374441730441",
      "changes": [
        {
          "value": {
            "messaging_product": "whatsapp",
            "metadata": {
              "display_phone_number": "917996002222",
              "phone_number_id": "114392571729051"
            },
            "statuses": [
              {
                "id": "wamid.HBgMOTE5NDc0ODE2NTk0FQIAERgSRTFFNjA2QjE3RjdBM0ZGQkM0AA==",
                "status": "sent",
                "timestamp": "1757773275",
                "recipient_id": "919474816594",
                "conversation": {
                  "id": "6b0abf7a00262c107fd43bab6a7df13d",
                  "expiration_timestamp": "1757773275",
                  "origin": {
                    "type": "marketing"
                  }
                },
                "pricing": {
                  "billable": true,
                  "pricing_model": "PMP",
                  "category": "marketing",
                  "type": "regular"
                }
              }
            ]
          },
          "field": "messages"
        }
      ]
    }
  ]
}
[INFO] 2025-09-13 14:21:16,308 basehttp "POST /api/webhook/whatsapp/ HTTP/1.1" 200 22
[INFO] 2025-09-13 14:21:16,465 webhook_processor Processing status update: wamid.HBgMOTE5NDc0ODE2NTk0FQIAERgSRTFFNjA2QjE3RjdBM0ZGQkM0AA== -> sent
[INFO] 2025-09-13 14:21:16,828 webhook_handler Received webhook: {
  "object": "whatsapp_business_account",
  "entry": [
    {
      "id": "114374441730441",
      "changes": [
        {
          "value": {
            "messaging_product": "whatsapp",
            "metadata": {
              "display_phone_number": "917996002222",
              "phone_number_id": "114392571729051"
            },
            "statuses": [
              {
                "id": "wamid.HBgMOTE5NDc0ODE2NTk0FQIAERgSRTFFNjA2QjE3RjdBM0ZGQkM0AA==",
                "status": "delivered",
                "timestamp": "1757773275",
                "recipient_id": "919474816594",
                "conversation": {
                  "id": "6b0abf7a00262c107fd43bab6a7df13d",
                  "origin": {
                    "type": "marketing"
                  }
                },
                "pricing": {
                  "billable": true,
                  "pricing_model": "PMP",
                  "category": "marketing",
                  "type": "regular"
                }
              }
            ]
          },
          "field": "messages"
        }
      ]
    }
  ]
}
[INFO] 2025-09-13 14:21:16,863 basehttp "POST /api/webhook/whatsapp/ HTTP/1.1" 200 22
[INFO] 2025-09-13 14:21:16,894 webhook_processor Updated message wamid.HBgMOTE5NDc0ODE2NTk0FQIAERgSRTFFNjA2QjE3RjdBM0ZGQkM0AA==: sent -> sent
[INFO] 2025-09-13 14:21:17,009 webhook_processor Processing status update: wamid.HBgMOTE5NDc0ODE2NTk0FQIAERgSRTFFNjA2QjE3RjdBM0ZGQkM0AA== -> delivered
[INFO] 2025-09-13 14:21:17,204 webhook_processor Message delivered to +919474816594, triggering next message
[INFO] 2025-09-13 14:21:17,338 webhook_processor Updated message wamid.HBgMOTE5NDc0ODE2NTk0FQIAERgSRTFFNjA2QjE3RjdBM0ZGQkM0AA==: sent -> delivered
[INFO] 2025-09-13 14:21:17,435 tasks Campaign 24 is not running, status: completed
[INFO] 2025-09-13 14:21:31,613 basehttp "GET /api/campaigns/?page=1 HTTP/1.1" 200 4999
[INFO] 2025-09-13 14:21:32,275 basehttp "GET /api/campaigns/24/ HTTP/1.1" 200 1673
[INFO] 2025-09-13 14:21:32,951 basehttp "GET /api/campaigns/24/statistics/ HTTP/1.1" 200 446
[INFO] 2025-09-13 14:21:41,941 tasks Campaign 24 is not running, status: completed
[INFO] 2025-09-13 14:21:44,310 tasks Campaign 24 is not running, status: completed
[INFO] 2025-09-13 14:21:44,433 tasks Campaign 24 is not running, status: completed
[INFO] 2025-09-13 14:21:44,552 tasks Campaign 24 is not running, status: completed
[INFO] 2025-09-13 14:22:12,710 autoreload Watching for file changes with StatReloader
[INFO] 2025-09-13 14:22:29,590 basehttp "GET /api/campaigns/?page=1 HTTP/1.1" 200 4999
[INFO] 2025-09-13 14:22:30,325 basehttp "GET /api/campaigns/?page=1 HTTP/1.1" 200 4999
[INFO] 2025-09-13 14:22:30,961 basehttp "GET /api/campaigns/24/ HTTP/1.1" 200 1673
[INFO] 2025-09-13 14:22:31,677 basehttp "GET /api/campaigns/24/statistics/ HTTP/1.1" 200 446
[INFO] 2025-09-13 14:22:34,637 basehttp "GET /api/campaigns/?page=1 HTTP/1.1" 200 4999
[INFO] 2025-09-13 14:22:40,396 basehttp "GET /api/campaigns/?page=1 HTTP/1.1" 200 4999
[INFO] 2025-09-13 14:22:46,168 basehttp "GET /api/campaigns/?page=1 HTTP/1.1" 200 4999
[INFO] 2025-09-13 14:24:56,956 basehttp "POST /api/validate-file/ HTTP/1.1" 200 216
[INFO] 2025-09-13 14:25:07,271 views Campaign created: 25, processing file: 25
[INFO] 2025-09-13 14:25:07,279 basehttp "POST /api/campaigns/ HTTP/1.1" 201 702
[INFO] 2025-09-13 14:25:07,542 tasks Processing file: test_contacts.csv
[INFO] 2025-09-13 14:25:08,051 tasks File processed: 4 valid, 0 invalid rows
[INFO] 2025-09-13 14:25:15,389 basehttp "GET /api/campaigns/?page=1 HTTP/1.1" 200 5004
[INFO] 2025-09-13 14:25:21,165 basehttp "GET /api/campaigns/?page=1 HTTP/1.1" 200 5004
[INFO] 2025-09-13 14:25:26,962 basehttp "GET /api/campaigns/?page=1 HTTP/1.1" 200 5004
[INFO] 2025-09-13 14:25:28,973 basehttp "GET /api/campaigns/?page=1 HTTP/1.1" 200 5004
[INFO] 2025-09-13 14:25:31,281 basehttp "GET /api/campaigns/?page=1 HTTP/1.1" 200 5004
[INFO] 2025-09-13 14:25:32,128 basehttp "GET /api/campaigns/?page=1 HTTP/1.1" 200 5004
[INFO] 2025-09-13 14:25:35,253 basehttp "GET /api/campaigns/?page=1 HTTP/1.1" 200 5004
[INFO] 2025-09-13 14:25:41,024 basehttp "GET /api/campaigns/?page=1 HTTP/1.1" 200 5004
[INFO] 2025-09-13 14:25:46,783 basehttp "GET /api/campaigns/?page=1 HTTP/1.1" 200 5004
[INFO] 2025-09-13 14:25:52,560 basehttp "GET /api/campaigns/?page=1 HTTP/1.1" 200 5004
[INFO] 2025-09-13 14:25:58,320 basehttp "GET /api/campaigns/?page=1 HTTP/1.1" 200 5004
[INFO] 2025-09-13 14:26:04,023 basehttp "GET /api/campaigns/?page=1 HTTP/1.1" 200 5004
[INFO] 2025-09-13 14:26:05,777 basehttp "GET /api/campaigns/?page=1 HTTP/1.1" 200 5004
[INFO] 2025-09-13 14:26:06,447 basehttp "GET /api/campaigns/25/ HTTP/1.1" 200 1550
[INFO] 2025-09-13 14:26:07,066 basehttp "GET /api/campaigns/25/statistics/ HTTP/1.1" 200 341
[INFO] 2025-09-13 14:26:07,747 basehttp "GET /api/campaigns/25/messages/ HTTP/1.1" 200 931
[INFO] 2025-09-13 14:26:13,935 basehttp "GET /api/campaigns/?page=1 HTTP/1.1" 200 5004
[INFO] 2025-09-13 14:26:14,591 basehttp "GET /api/campaigns/25/ HTTP/1.1" 200 1550
[INFO] 2025-09-13 14:26:15,256 basehttp "GET /api/campaigns/25/statistics/ HTTP/1.1" 200 341
[INFO] 2025-09-13 14:26:16,027 views Campaign started: 25
[INFO] 2025-09-13 14:26:16,056 basehttp "POST /api/campaigns/25/start/ HTTP/1.1" 200 1611
[INFO] 2025-09-13 14:26:16,072 tasks Starting campaign: 25
[INFO] 2025-09-13 14:26:16,075 tasks Found 4 messages to send
[INFO] 2025-09-13 14:26:16,094 tasks Scheduled message 48 with 0s delay
[INFO] 2025-09-13 14:26:16,096 tasks Scheduled message 49 with 2s delay
[INFO] 2025-09-13 14:26:16,098 tasks Scheduled message 50 with 4s delay
[INFO] 2025-09-13 14:26:16,099 tasks Scheduled message 51 with 6s delay
[INFO] 2025-09-13 14:26:16,101 tasks Scheduled completion check in 38s
[INFO] 2025-09-13 14:26:17,431 tasks Sending message to +917702828811
[INFO] 2025-09-13 14:26:17,436 whatsapp_360_client Sending WhatsApp message to 917702828811 using template sample_template_txt
[INFO] 2025-09-13 14:26:17,785 basehttp "GET /api/campaigns/?page=1 HTTP/1.1" 200 5004
[INFO] 2025-09-13 14:26:18,444 basehttp "GET /api/campaigns/25/ HTTP/1.1" 200 1576
[INFO] 2025-09-13 14:26:19,079 basehttp "GET /api/campaigns/25/statistics/ HTTP/1.1" 200 397
[INFO] 2025-09-13 14:26:19,177 whatsapp_360_client Message sent successfully. Message ID: wamid.HBgMOTE3NzAyODI4ODExFQIAERgSOUY1RjFGNDIzMzlGNzVCMUQ3AA==
[INFO] 2025-09-13 14:26:19,408 tasks Sending message to +919538095601
[INFO] 2025-09-13 14:26:19,412 whatsapp_360_client Sending WhatsApp message to 919538095601 using template sample_template_txt
[INFO] 2025-09-13 14:26:19,558 tasks Message sent successfully to +917702828811, Message ID: wamid.HBgMOTE3NzAyODI4ODExFQIAERgSOUY1RjFGNDIzMzlGNzVCMUQ3AA==
[INFO] 2025-09-13 14:26:19,724 tasks Campaign 25 still has 3 pending messages
[INFO] 2025-09-13 14:26:19,740 basehttp "GET /api/campaigns/25/messages/ HTTP/1.1" 200 955
[INFO] 2025-09-13 14:26:20,652 webhook_handler Received webhook: {
  "object": "whatsapp_business_account",
  "entry": [
    {
      "id": "114374441730441",
      "changes": [
        {
          "value": {
            "messaging_product": "whatsapp",
            "metadata": {
              "display_phone_number": "917996002222",
              "phone_number_id": "114392571729051"
            },
            "statuses": [
              {
                "id": "wamid.HBgMOTE3NzAyODI4ODExFQIAERgSOUY1RjFGNDIzMzlGNzVCMUQ3AA==",
                "status": "failed",
                "timestamp": "1757773579",
                "recipient_id": "917702828811",
                "errors": [
                  {
                    "code": 131049,
                    "title": "This message was not delivered to maintain healthy ecosystem engagement.",
                    "message": "This message was not delivered to maintain healthy ecosystem engagement.",
                    "error_data": {
                      "details": "In order to maintain a healthy ecosystem engagement, the message failed to be delivered."
                    },
                    "href": "https://developers.facebook.com/docs/whatsapp/cloud-api/support/error-codes/"
                  }
                ]
              }
            ]
          },
          "field": "messages"
        }
      ]
    }
  ]
}
[INFO] 2025-09-13 14:26:20,669 basehttp "POST /api/webhook/whatsapp/ HTTP/1.1" 200 22
[INFO] 2025-09-13 14:26:20,766 webhook_processor Processing status update: wamid.HBgMOTE3NzAyODI4ODExFQIAERgSOUY1RjFGNDIzMzlGNzVCMUQ3AA== -> failed
[INFO] 2025-09-13 14:26:20,808 whatsapp_360_client Message sent successfully. Message ID: wamid.HBgMOTE5NTM4MDk1NjAxFQIAERgSOUE3MDUwREVBQ0UyMkY4M0JBAA==
[INFO] 2025-09-13 14:26:21,049 webhook_processor Updated message wamid.HBgMOTE3NzAyODI4ODExFQIAERgSOUY1RjFGNDIzMzlGNzVCMUQ3AA==: sent -> failed
[INFO] 2025-09-13 14:26:21,063 tasks Campaign 25 still has 2 pending messages
[INFO] 2025-09-13 14:26:21,146 tasks Message sent successfully to +919538095601, Message ID: wamid.HBgMOTE5NTM4MDk1NjAxFQIAERgSOUE3MDUwREVBQ0UyMkY4M0JBAA==
[INFO] 2025-09-13 14:26:21,465 tasks Sending message to +919445392454
[INFO] 2025-09-13 14:26:21,472 whatsapp_360_client Sending WhatsApp message to 919445392454 using template sample_template_txt
[INFO] 2025-09-13 14:26:21,479 tasks Campaign 25 still has 2 pending messages
[INFO] 2025-09-13 14:26:22,667 webhook_handler Received webhook: {
  "object": "whatsapp_business_account",
  "entry": [
    {
      "id": "114374441730441",
      "changes": [
        {
          "value": {
            "messaging_product": "whatsapp",
            "metadata": {
              "display_phone_number": "917996002222",
              "phone_number_id": "114392571729051"
            },
            "statuses": [
              {
                "id": "wamid.HBgMOTE5NTM4MDk1NjAxFQIAERgSOUE3MDUwREVBQ0UyMkY4M0JBAA==",
                "status": "failed",
                "timestamp": "1757773580",
                "recipient_id": "919538095601",
                "errors": [
                  {
                    "code": 131049,
                    "title": "This message was not delivered to maintain healthy ecosystem engagement.",
                    "message": "This message was not delivered to maintain healthy ecosystem engagement.",
                    "error_data": {
                      "details": "In order to maintain a healthy ecosystem engagement, the message failed to be delivered."
                    },
                    "href": "https://developers.facebook.com/docs/whatsapp/cloud-api/support/error-codes/"
                  }
                ]
              }
            ]
          },
          "field": "messages"
        }
      ]
    }
  ]
}
[INFO] 2025-09-13 14:26:22,682 basehttp "POST /api/webhook/whatsapp/ HTTP/1.1" 200 22
[INFO] 2025-09-13 14:26:22,787 webhook_processor Processing status update: wamid.HBgMOTE5NTM4MDk1NjAxFQIAERgSOUE3MDUwREVBQ0UyMkY4M0JBAA== -> failed
[INFO] 2025-09-13 14:26:23,043 webhook_processor Updated message wamid.HBgMOTE5NTM4MDk1NjAxFQIAERgSOUE3MDUwREVBQ0UyMkY4M0JBAA==: sent -> failed
[INFO] 2025-09-13 14:26:23,101 tasks Campaign 25 still has 2 pending messages
[INFO] 2025-09-13 14:26:23,419 tasks Sending message to +917869732732
[INFO] 2025-09-13 14:26:23,425 whatsapp_360_client Sending WhatsApp message to 917869732732 using template sample_template_txt
[INFO] 2025-09-13 14:26:23,676 whatsapp_360_client Message sent successfully. Message ID: wamid.HBgMOTE5NDQ1MzkyNDU0FQIAERgSMTQ3MkYzRTk5MEM1MUREMzk2AA==
[INFO] 2025-09-13 14:26:23,835 tasks Message sent successfully to +919445392454, Message ID: wamid.HBgMOTE5NDQ1MzkyNDU0FQIAERgSMTQ3MkYzRTk5MEM1MUREMzk2AA==
[INFO] 2025-09-13 14:26:24,025 tasks Campaign 25 still has 1 pending messages
[INFO] 2025-09-13 14:26:24,924 whatsapp_360_client Message sent successfully. Message ID: wamid.HBgMOTE3ODY5NzMyNzMyFQIAERgSNjNFNkNDN0M3Q0ZGREI0ODBGAA==
[INFO] 2025-09-13 14:26:25,107 tasks Message sent successfully to +917869732732, Message ID: wamid.HBgMOTE3ODY5NzMyNzMyFQIAERgSNjNFNkNDN0M3Q0ZGREI0ODBGAA==
[INFO] 2025-09-13 14:26:25,390 tasks Campaign 25 marked as completed - all messages sent
[INFO] 2025-09-13 14:26:27,083 webhook_handler Received webhook: {
  "object": "whatsapp_business_account",
  "entry": [
    {
      "id": "114374441730441",
      "changes": [
        {
          "value": {
            "messaging_product": "whatsapp",
            "metadata": {
              "display_phone_number": "917996002222",
              "phone_number_id": "114392571729051"
            },
            "statuses": [
              {
                "id": "wamid.HBgMOTE5NDQ1MzkyNDU0FQIAERgSMTQ3MkYzRTk5MEM1MUREMzk2AA==",
                "status": "sent",
                "timestamp": "1757773585",
                "recipient_id": "919445392454",
                "conversation": {
                  "id": "7cf50c49e315f44a5bc93ba8f56f9c60",
                  "expiration_timestamp": "1757773585",
                  "origin": {
                    "type": "marketing"
                  }
                },
                "pricing": {
                  "billable": true,
                  "pricing_model": "PMP",
                  "category": "marketing",
                  "type": "regular"
                }
              }
            ]
          },
          "field": "messages"
        }
      ]
    }
  ]
}
[INFO] 2025-09-13 14:26:27,101 basehttp "POST /api/webhook/whatsapp/ HTTP/1.1" 200 22
[INFO] 2025-09-13 14:26:27,230 webhook_processor Processing status update: wamid.HBgMOTE5NDQ1MzkyNDU0FQIAERgSMTQ3MkYzRTk5MEM1MUREMzk2AA== -> sent
[INFO] 2025-09-13 14:26:27,239 webhook_processor Webhook 'sent' received for message wamid.HBgMOTE5NDQ1MzkyNDU0FQIAERgSMTQ3MkYzRTk5MEM1MUREMzk2AA== - already handled on API success
[INFO] 2025-09-13 14:26:27,244 webhook_processor Updated message wamid.HBgMOTE5NDQ1MzkyNDU0FQIAERgSMTQ3MkYzRTk5MEM1MUREMzk2AA==: sent -> sent
[INFO] 2025-09-13 14:26:27,503 webhook_handler Received webhook: {
  "object": "whatsapp_business_account",
  "entry": [
    {
      "id": "114374441730441",
      "changes": [
        {
          "value": {
            "messaging_product": "whatsapp",
            "metadata": {
              "display_phone_number": "917996002222",
              "phone_number_id": "114392571729051"
            },
            "statuses": [
              {
                "id": "wamid.HBgMOTE5NDQ1MzkyNDU0FQIAERgSMTQ3MkYzRTk5MEM1MUREMzk2AA==",
                "status": "delivered",
                "timestamp": "1757773586",
                "recipient_id": "919445392454",
                "conversation": {
                  "id": "7cf50c49e315f44a5bc93ba8f56f9c60",
                  "origin": {
                    "type": "marketing"
                  }
                },
                "pricing": {
                  "billable": true,
                  "pricing_model": "PMP",
                  "category": "marketing",
                  "type": "regular"
                }
              }
            ]
          },
          "field": "messages"
        }
      ]
    }
  ]
}
[INFO] 2025-09-13 14:26:27,510 basehttp "POST /api/webhook/whatsapp/ HTTP/1.1" 200 22
[INFO] 2025-09-13 14:26:27,647 webhook_processor Processing status update: wamid.HBgMOTE5NDQ1MzkyNDU0FQIAERgSMTQ3MkYzRTk5MEM1MUREMzk2AA== -> delivered
[INFO] 2025-09-13 14:26:27,801 webhook_processor Message delivered to +919445392454, triggering next message
[INFO] 2025-09-13 14:26:27,935 webhook_processor Updated message wamid.HBgMOTE5NDQ1MzkyNDU0FQIAERgSMTQ3MkYzRTk5MEM1MUREMzk2AA==: sent -> delivered
[INFO] 2025-09-13 14:26:27,992 tasks Campaign 25 is not running, status: completed
[INFO] 2025-09-13 14:26:28,532 webhook_handler Received webhook: {
  "object": "whatsapp_business_account",
  "entry": [
    {
      "id": "114374441730441",
      "changes": [
        {
          "value": {
            "messaging_product": "whatsapp",
            "metadata": {
              "display_phone_number": "917996002222",
              "phone_number_id": "114392571729051"
            },
            "statuses": [
              {
                "id": "wamid.HBgMOTE3ODY5NzMyNzMyFQIAERgSNjNFNkNDN0M3Q0ZGREI0ODBGAA==",
                "status": "sent",
                "timestamp": "1757773586",
                "recipient_id": "917869732732",
                "conversation": {
                  "id": "1c0a23cd4bf5fcf2f44c24439c7c2b88",
                  "expiration_timestamp": "1757773586",
                  "origin": {
                    "type": "marketing"
                  }
                },
                "pricing": {
                  "billable": true,
                  "pricing_model": "PMP",
                  "category": "marketing",
                  "type": "regular"
                }
              }
            ]
          },
          "field": "messages"
        }
      ]
    }
  ]
}
[INFO] 2025-09-13 14:26:28,547 basehttp "POST /api/webhook/whatsapp/ HTTP/1.1" 200 22
[INFO] 2025-09-13 14:26:28,750 webhook_processor Processing status update: wamid.HBgMOTE3ODY5NzMyNzMyFQIAERgSNjNFNkNDN0M3Q0ZGREI0ODBGAA== -> sent
[INFO] 2025-09-13 14:26:28,756 webhook_processor Webhook 'sent' received for message wamid.HBgMOTE3ODY5NzMyNzMyFQIAERgSNjNFNkNDN0M3Q0ZGREI0ODBGAA== - already handled on API success
[INFO] 2025-09-13 14:26:28,760 webhook_processor Updated message wamid.HBgMOTE3ODY5NzMyNzMyFQIAERgSNjNFNkNDN0M3Q0ZGREI0ODBGAA==: sent -> sent
[INFO] 2025-09-13 14:26:49,834 tasks Campaign 25 is not running, status: completed
[INFO] 2025-09-13 14:26:51,201 tasks Campaign 25 is not running, status: completed
[INFO] 2025-09-13 14:26:51,594 tasks Campaign 25 is not running, status: completed
[INFO] 2025-09-13 14:26:53,279 tasks Campaign 25 is not running, status: completed
[INFO] 2025-09-13 14:26:54,120 tasks Campaign 25 is not running, status: completed
[INFO] 2025-09-13 14:26:54,211 tasks Campaign 25 is not running, status: completed
[INFO] 2025-09-13 14:27:11,624 basehttp "GET /api/campaigns/?page=1 HTTP/1.1" 200 5008
[INFO] 2025-09-13 14:27:12,310 basehttp "GET /api/campaigns/25/ HTTP/1.1" 200 1910
[INFO] 2025-09-13 14:27:13,113 basehttp "GET /api/campaigns/25/statistics/ HTTP/1.1" 200 460
[INFO] 2025-09-13 14:27:13,780 basehttp "GET /api/campaigns/25/messages/ HTTP/1.1" 200 1225
[INFO] 2025-09-13 14:28:52,029 basehttp "GET /api/campaigns/?page=1 HTTP/1.1" 200 5008
[INFO] 2025-09-13 14:28:52,672 basehttp "GET /api/campaigns/25/ HTTP/1.1" 200 1910
[INFO] 2025-09-13 14:28:53,331 basehttp "GET /api/campaigns/25/statistics/ HTTP/1.1" 200 460
[INFO] 2025-09-13 14:28:54,114 basehttp "GET /api/campaigns/?page=1 HTTP/1.1" 200 5008
[INFO] 2025-09-13 14:28:54,764 basehttp "GET /api/campaigns/25/ HTTP/1.1" 200 1910
[INFO] 2025-09-13 14:28:55,404 basehttp "GET /api/campaigns/25/statistics/ HTTP/1.1" 200 460
[INFO] 2025-09-13 14:28:56,089 basehttp "GET /api/campaigns/25/messages/ HTTP/1.1" 200 1225
[INFO] 2025-09-13 14:29:42,104 views User logged out: 
[INFO] 2025-09-13 14:29:42,106 basehttp "POST /api/auth/logout/ HTTP/1.1" 200 46
[INFO] 2025-09-13 14:30:45,628 views New user registered: Sohan
[INFO] 2025-09-13 14:30:45,635 basehttp "POST /api/auth/signup/ HTTP/1.1" 201 308
[INFO] 2025-09-13 14:31:02,932 views User logged in: Sohan
[INFO] 2025-09-13 14:31:03,065 basehttp "POST /api/auth/login/ HTTP/1.1" 200 316
[INFO] 2025-09-13 14:31:03,764 basehttp "GET /api/stats/ HTTP/1.1" 200 193
[INFO] 2025-09-13 14:31:14,634 basehttp "GET /api/campaigns/?page=1 HTTP/1.1" 200 52
[INFO] 2025-09-13 14:31:19,399 basehttp "GET /api/campaigns/?page=1 HTTP/1.1" 200 52
[INFO] 2025-09-13 14:34:57,218 webhook_handler Received webhook: {
  "object": "whatsapp_business_account",
  "entry": [
    {
      "id": "114374441730441",
      "changes": [
        {
          "value": {
            "messaging_product": "whatsapp",
            "metadata": {
              "display_phone_number": "917996002222",
              "phone_number_id": "114392571729051"
            },
            "statuses": [
              {
                "id": "wamid.HBgMOTE5NDQ1MzkyNDU0FQIAERgSMTQ3MkYzRTk5MEM1MUREMzk2AA==",
                "status": "read",
                "timestamp": "1757774095",
                "recipient_id": "919445392454"
              }
            ]
          },
          "field": "messages"
        }
      ]
    }
  ]
}
[INFO] 2025-09-13 14:34:57,223 basehttp "POST /api/webhook/whatsapp/ HTTP/1.1" 200 22
[INFO] 2025-09-13 14:34:57,336 webhook_processor Processing status update: wamid.HBgMOTE5NDQ1MzkyNDU0FQIAERgSMTQ3MkYzRTk5MEM1MUREMzk2AA== -> read
[INFO] 2025-09-13 14:34:57,594 webhook_processor Updated message wamid.HBgMOTE5NDQ1MzkyNDU0FQIAERgSMTQ3MkYzRTk5MEM1MUREMzk2AA==: delivered -> read
[INFO] 2025-09-13 14:36:44,727 basehttp "POST /api/validate-file/ HTTP/1.1" 200 216
[INFO] 2025-09-13 14:36:55,149 views Campaign created: 26, processing file: 26
[INFO] 2025-09-13 14:36:55,158 basehttp "POST /api/campaigns/ HTTP/1.1" 201 692
[INFO] 2025-09-13 14:36:55,412 tasks Processing file: test_contacts.csv
[INFO] 2025-09-13 14:36:55,805 tasks File processed: 4 valid, 0 invalid rows
[INFO] 2025-09-13 14:37:01,202 basehttp "GET /api/campaigns/?page=1 HTTP/1.1" 200 281
[INFO] 2025-09-13 14:37:01,873 basehttp "GET /api/campaigns/26/ HTTP/1.1" 200 1565
[INFO] 2025-09-13 14:37:02,500 basehttp "GET /api/campaigns/26/statistics/ HTTP/1.1" 200 339
[INFO] 2025-09-13 14:37:03,307 basehttp "GET /api/campaigns/26/messages/ HTTP/1.1" 200 956
[INFO] 2025-09-13 14:37:06,297 basehttp "GET /api/campaigns/?page=1 HTTP/1.1" 200 281
[INFO] 2025-09-13 14:37:06,933 basehttp "GET /api/campaigns/26/ HTTP/1.1" 200 1565
[INFO] 2025-09-13 14:37:07,560 basehttp "GET /api/campaigns/26/statistics/ HTTP/1.1" 200 339
[INFO] 2025-09-13 14:37:08,389 views Campaign started: 26
[INFO] 2025-09-13 14:37:08,404 basehttp "POST /api/campaigns/26/start/ HTTP/1.1" 200 1626
[INFO] 2025-09-13 14:37:08,442 tasks Starting campaign: 26
[INFO] 2025-09-13 14:37:08,446 tasks Found 4 messages to send
[INFO] 2025-09-13 14:37:08,454 tasks Scheduled message 52 with 0s delay
[INFO] 2025-09-13 14:37:08,456 tasks Scheduled message 53 with 2s delay
[INFO] 2025-09-13 14:37:08,458 tasks Scheduled message 54 with 4s delay
[INFO] 2025-09-13 14:37:08,459 tasks Scheduled message 55 with 6s delay
[INFO] 2025-09-13 14:37:08,461 tasks Scheduled completion check in 38s
[INFO] 2025-09-13 14:37:09,818 tasks Sending message to +917702828811
[INFO] 2025-09-13 14:37:09,820 whatsapp_360_client Sending WhatsApp message to 917702828811 using template sample_template_1
[INFO] 2025-09-13 14:37:10,089 basehttp "GET /api/campaigns/?page=1 HTTP/1.1" 200 281
[INFO] 2025-09-13 14:37:10,734 basehttp "GET /api/campaigns/26/ HTTP/1.1" 200 1591
[INFO] 2025-09-13 14:37:11,107 whatsapp_360_client Message sent successfully. Message ID: wamid.HBgMOTE3NzAyODI4ODExFQIAERgSRTM0QjkwOEU5RTZGQjRGNzNCAA==
[INFO] 2025-09-13 14:37:11,388 tasks Message sent successfully to +917702828811, Message ID: wamid.HBgMOTE3NzAyODI4ODExFQIAERgSRTM0QjkwOEU5RTZGQjRGNzNCAA==
[INFO] 2025-09-13 14:37:11,492 basehttp "GET /api/campaigns/26/statistics/ HTTP/1.1" 200 393
[INFO] 2025-09-13 14:37:11,536 tasks Campaign 26 still has 3 pending messages
[INFO] 2025-09-13 14:37:11,740 tasks Sending message to +919538095601
[INFO] 2025-09-13 14:37:11,746 whatsapp_360_client Sending WhatsApp message to 919538095601 using template sample_template_1
[INFO] 2025-09-13 14:37:12,155 basehttp "GET /api/campaigns/26/messages/ HTTP/1.1" 200 980
[INFO] 2025-09-13 14:37:12,741 webhook_handler Received webhook: {
  "object": "whatsapp_business_account",
  "entry": [
    {
      "id": "114374441730441",
      "changes": [
        {
          "value": {
            "messaging_product": "whatsapp",
            "metadata": {
              "display_phone_number": "917996002222",
              "phone_number_id": "114392571729051"
            },
            "statuses": [
              {
                "id": "wamid.HBgMOTE3NzAyODI4ODExFQIAERgSRTM0QjkwOEU5RTZGQjRGNzNCAA==",
                "status": "failed",
                "timestamp": "1757774231",
                "recipient_id": "917702828811",
                "errors": [
                  {
                    "code": 131049,
                    "title": "This message was not delivered to maintain healthy ecosystem engagement.",
                    "message": "This message was not delivered to maintain healthy ecosystem engagement.",
                    "error_data": {
                      "details": "In order to maintain a healthy ecosystem engagement, the message failed to be delivered."
                    },
                    "href": "https://developers.facebook.com/docs/whatsapp/cloud-api/support/error-codes/"
                  }
                ]
              }
            ]
          },
          "field": "messages"
        }
      ]
    }
  ]
}
[INFO] 2025-09-13 14:37:12,758 basehttp "POST /api/webhook/whatsapp/ HTTP/1.1" 200 22
[INFO] 2025-09-13 14:37:12,892 webhook_processor Processing status update: wamid.HBgMOTE3NzAyODI4ODExFQIAERgSRTM0QjkwOEU5RTZGQjRGNzNCAA== -> failed
[INFO] 2025-09-13 14:37:13,133 webhook_processor Updated message wamid.HBgMOTE3NzAyODI4ODExFQIAERgSRTM0QjkwOEU5RTZGQjRGNzNCAA==: sent -> failed
[INFO] 2025-09-13 14:37:13,184 whatsapp_360_client Message sent successfully. Message ID: wamid.HBgMOTE5NTM4MDk1NjAxFQIAERgSMzE4QzA4QThERDBEODZCQzdFAA==
[INFO] 2025-09-13 14:37:13,194 tasks Campaign 26 still has 3 pending messages
[INFO] 2025-09-13 14:37:13,552 tasks Message sent successfully to +919538095601, Message ID: wamid.HBgMOTE5NTM4MDk1NjAxFQIAERgSMzE4QzA4QThERDBEODZCQzdFAA==
[INFO] 2025-09-13 14:37:13,770 tasks Sending message to +919445392454
[INFO] 2025-09-13 14:37:13,776 whatsapp_360_client Sending WhatsApp message to 919445392454 using template sample_template_1
[INFO] 2025-09-13 14:37:13,857 tasks Campaign 26 still has 2 pending messages
[INFO] 2025-09-13 14:37:14,305 webhook_handler Received webhook: {
  "object": "whatsapp_business_account",
  "entry": [
    {
      "id": "114374441730441",
      "changes": [
        {
          "value": {
            "messaging_product": "whatsapp",
            "metadata": {
              "display_phone_number": "917996002222",
              "phone_number_id": "114392571729051"
            },
            "statuses": [
              {
                "id": "wamid.HBgMOTE5NTM4MDk1NjAxFQIAERgSMzE4QzA4QThERDBEODZCQzdFAA==",
                "status": "failed",
                "timestamp": "1757774233",
                "recipient_id": "919538095601",
                "errors": [
                  {
                    "code": 131049,
                    "title": "This message was not delivered to maintain healthy ecosystem engagement.",
                    "message": "This message was not delivered to maintain healthy ecosystem engagement.",
                    "error_data": {
                      "details": "In order to maintain a healthy ecosystem engagement, the message failed to be delivered."
                    },
                    "href": "https://developers.facebook.com/docs/whatsapp/cloud-api/support/error-codes/"
                  }
                ]
              }
            ]
          },
          "field": "messages"
        }
      ]
    }
  ]
}
[INFO] 2025-09-13 14:37:14,310 basehttp "POST /api/webhook/whatsapp/ HTTP/1.1" 200 22
[INFO] 2025-09-13 14:37:14,441 webhook_processor Processing status update: wamid.HBgMOTE5NTM4MDk1NjAxFQIAERgSMzE4QzA4QThERDBEODZCQzdFAA== -> failed
[INFO] 2025-09-13 14:37:14,672 webhook_processor Updated message wamid.HBgMOTE5NTM4MDk1NjAxFQIAERgSMzE4QzA4QThERDBEODZCQzdFAA==: sent -> failed
[INFO] 2025-09-13 14:37:14,734 tasks Campaign 26 still has 2 pending messages
[INFO] 2025-09-13 14:37:15,061 whatsapp_360_client Message sent successfully. Message ID: wamid.HBgMOTE5NDQ1MzkyNDU0FQIAERgSMzlBNTZENjQ5MjU2NDkzQ0RFAA==
[INFO] 2025-09-13 14:37:15,324 tasks Message sent successfully to +919445392454, Message ID: wamid.HBgMOTE5NDQ1MzkyNDU0FQIAERgSMzlBNTZENjQ5MjU2NDkzQ0RFAA==
[INFO] 2025-09-13 14:37:15,526 tasks Campaign 26 still has 1 pending messages
[INFO] 2025-09-13 14:37:15,718 tasks Sending message to +917869732732
[INFO] 2025-09-13 14:37:15,722 whatsapp_360_client Sending WhatsApp message to 917869732732 using template sample_template_1
[INFO] 2025-09-13 14:37:16,593 webhook_handler Received webhook: {
  "object": "whatsapp_business_account",
  "entry": [
    {
      "id": "114374441730441",
      "changes": [
        {
          "value": {
            "messaging_product": "whatsapp",
            "metadata": {
              "display_phone_number": "917996002222",
              "phone_number_id": "114392571729051"
            },
            "statuses": [
              {
                "id": "wamid.HBgMOTE5NDQ1MzkyNDU0FQIAERgSMzlBNTZENjQ5MjU2NDkzQ0RFAA==",
                "status": "sent",
                "timestamp": "1757774235",
                "recipient_id": "919445392454",
                "conversation": {
                  "id": "5d88a6fef9dddb78efd3fc4d4ed2535e",
                  "expiration_timestamp": "1757774235",
                  "origin": {
                    "type": "marketing"
                  }
                },
                "pricing": {
                  "billable": true,
                  "pricing_model": "PMP",
                  "category": "marketing",
                  "type": "regular"
                }
              }
            ]
          },
          "field": "messages"
        }
      ]
    }
  ]
}
[INFO] 2025-09-13 14:37:16,607 basehttp "POST /api/webhook/whatsapp/ HTTP/1.1" 200 22
[INFO] 2025-09-13 14:37:16,723 webhook_processor Processing status update: wamid.HBgMOTE5NDQ1MzkyNDU0FQIAERgSMzlBNTZENjQ5MjU2NDkzQ0RFAA== -> sent
[INFO] 2025-09-13 14:37:16,728 webhook_processor Webhook 'sent' received for message wamid.HBgMOTE5NDQ1MzkyNDU0FQIAERgSMzlBNTZENjQ5MjU2NDkzQ0RFAA== - already handled on API success
[INFO] 2025-09-13 14:37:16,732 webhook_processor Updated message wamid.HBgMOTE5NDQ1MzkyNDU0FQIAERgSMzlBNTZENjQ5MjU2NDkzQ0RFAA==: sent -> sent
[INFO] 2025-09-13 14:37:16,978 webhook_handler Received webhook: {
  "object": "whatsapp_business_account",
  "entry": [
    {
      "id": "114374441730441",
      "changes": [
        {
          "value": {
            "messaging_product": "whatsapp",
            "metadata": {
              "display_phone_number": "917996002222",
              "phone_number_id": "114392571729051"
            },
            "statuses": [
              {
                "id": "wamid.HBgMOTE5NDQ1MzkyNDU0FQIAERgSMzlBNTZENjQ5MjU2NDkzQ0RFAA==",
                "status": "delivered",
                "timestamp": "1757774235",
                "recipient_id": "919445392454",
                "conversation": {
                  "id": "5d88a6fef9dddb78efd3fc4d4ed2535e",
                  "origin": {
                    "type": "marketing"
                  }
                },
                "pricing": {
                  "billable": true,
                  "pricing_model": "PMP",
                  "category": "marketing",
                  "type": "regular"
                }
              }
            ]
          },
          "field": "messages"
        }
      ]
    }
  ]
}
[INFO] 2025-09-13 14:37:16,994 basehttp "POST /api/webhook/whatsapp/ HTTP/1.1" 200 22
[INFO] 2025-09-13 14:37:17,077 whatsapp_360_client Message sent successfully. Message ID: wamid.HBgMOTE3ODY5NzMyNzMyFQIAERgSMUVBMjRGMzk2ODE4OTRGRjlCAA==
[INFO] 2025-09-13 14:37:17,142 webhook_processor Processing status update: wamid.HBgMOTE5NDQ1MzkyNDU0FQIAERgSMzlBNTZENjQ5MjU2NDkzQ0RFAA== -> delivered
[INFO] 2025-09-13 14:37:17,263 webhook_handler Received webhook: {
  "object": "whatsapp_business_account",
  "entry": [
    {
      "id": "114374441730441",
      "changes": [
        {
          "value": {
            "messaging_product": "whatsapp",
            "metadata": {
              "display_phone_number": "917996002222",
              "phone_number_id": "114392571729051"
            },
            "statuses": [
              {
                "id": "wamid.HBgMOTE5NDQ1MzkyNDU0FQIAERgSMzlBNTZENjQ5MjU2NDkzQ0RFAA==",
                "status": "delivered",
                "timestamp": "1757774235",
                "recipient_id": "919445392454",
                "conversation": {
                  "id": "5d88a6fef9dddb78efd3fc4d4ed2535e",
                  "origin": {
                    "type": "marketing"
                  }
                },
                "pricing": {
                  "billable": true,
                  "pricing_model": "PMP",
                  "category": "marketing",
                  "type": "regular"
                }
              }
            ]
          },
          "field": "messages"
        }
      ]
    }
  ]
}
[INFO] 2025-09-13 14:37:17,280 basehttp "POST /api/webhook/whatsapp/ HTTP/1.1" 200 22
[INFO] 2025-09-13 14:37:17,401 webhook_processor Processing status update: wamid.HBgMOTE5NDQ1MzkyNDU0FQIAERgSMzlBNTZENjQ5MjU2NDkzQ0RFAA== -> delivered
[INFO] 2025-09-13 14:37:17,446 webhook_processor Message delivered to +919445392454, triggering next message
[INFO] 2025-09-13 14:37:17,580 tasks Message sent successfully to +917869732732, Message ID: wamid.HBgMOTE3ODY5NzMyNzMyFQIAERgSMUVBMjRGMzk2ODE4OTRGRjlCAA==
[INFO] 2025-09-13 14:37:17,697 webhook_processor Message delivered to +919445392454, triggering next message
[INFO] 2025-09-13 14:37:17,822 webhook_processor Updated message wamid.HBgMOTE5NDQ1MzkyNDU0FQIAERgSMzlBNTZENjQ5MjU2NDkzQ0RFAA==: sent -> delivered
[INFO] 2025-09-13 14:37:18,024 webhook_processor Updated message wamid.HBgMOTE5NDQ1MzkyNDU0FQIAERgSMzlBNTZENjQ5MjU2NDkzQ0RFAA==: sent -> delivered
[INFO] 2025-09-13 14:37:18,024 tasks Campaign 26 completed
[INFO] 2025-09-13 14:37:18,132 tasks Campaign 26 marked as completed - all messages sent
[INFO] 2025-09-13 14:37:18,283 tasks Campaign 26 completed
[INFO] 2025-09-13 14:37:18,692 webhook_handler Received webhook: {
  "object": "whatsapp_business_account",
  "entry": [
    {
      "id": "114374441730441",
      "changes": [
        {
          "value": {
            "messaging_product": "whatsapp",
            "metadata": {
              "display_phone_number": "917996002222",
              "phone_number_id": "114392571729051"
            },
            "statuses": [
              {
                "id": "wamid.HBgMOTE3ODY5NzMyNzMyFQIAERgSMUVBMjRGMzk2ODE4OTRGRjlCAA==",
                "status": "failed",
                "timestamp": "1757774237",
                "recipient_id": "917869732732",
                "errors": [
                  {
                    "code": 131049,
                    "title": "This message was not delivered to maintain healthy ecosystem engagement.",
                    "message": "This message was not delivered to maintain healthy ecosystem engagement.",
                    "error_data": {
                      "details": "In order to maintain a healthy ecosystem engagement, the message failed to be delivered."
                    },
                    "href": "https://developers.facebook.com/docs/whatsapp/cloud-api/support/error-codes/"
                  }
                ]
              }
            ]
          },
          "field": "messages"
        }
      ]
    }
  ]
}
[INFO] 2025-09-13 14:37:18,709 basehttp "POST /api/webhook/whatsapp/ HTTP/1.1" 200 22
[INFO] 2025-09-13 14:37:18,840 webhook_processor Processing status update: wamid.HBgMOTE3ODY5NzMyNzMyFQIAERgSMUVBMjRGMzk2ODE4OTRGRjlCAA== -> failed
[INFO] 2025-09-13 14:37:19,151 webhook_processor Updated message wamid.HBgMOTE3ODY5NzMyNzMyFQIAERgSMUVBMjRGMzk2ODE4OTRGRjlCAA==: sent -> failed
[INFO] 2025-09-13 14:37:19,194 tasks Campaign 26 is not running, status: completed
[INFO] 2025-09-13 14:37:41,675 tasks Campaign 26 is not running, status: completed
[INFO] 2025-09-13 14:37:43,352 tasks Campaign 26 is not running, status: completed
[INFO] 2025-09-13 14:37:43,962 tasks Campaign 26 is not running, status: completed
[INFO] 2025-09-13 14:37:44,885 tasks Campaign 26 is not running, status: completed
[INFO] 2025-09-13 14:37:45,648 tasks Campaign 26 is not running, status: completed
[INFO] 2025-09-13 14:37:46,565 tasks Campaign 26 is not running, status: completed
[INFO] 2025-09-13 14:38:49,491 webhook_handler Received webhook: {
  "object": "whatsapp_business_account",
  "entry": [
    {
      "id": "114374441730441",
      "changes": [
        {
          "value": {
            "messaging_product": "whatsapp",
            "metadata": {
              "display_phone_number": "917996002222",
              "phone_number_id": "114392571729051"
            },
            "statuses": [
              {
                "id": "wamid.HBgMOTE5NDQ1MzkyNDU0FQIAERgSMzlBNTZENjQ5MjU2NDkzQ0RFAA==",
                "status": "read",
                "timestamp": "1757774328",
                "recipient_id": "919445392454"
              }
            ]
          },
          "field": "messages"
        }
      ]
    }
  ]
}
[INFO] 2025-09-13 14:38:49,511 basehttp "POST /api/webhook/whatsapp/ HTTP/1.1" 200 22
[INFO] 2025-09-13 14:38:49,625 webhook_processor Processing status update: wamid.HBgMOTE5NDQ1MzkyNDU0FQIAERgSMzlBNTZENjQ5MjU2NDkzQ0RFAA== -> read
[INFO] 2025-09-13 14:38:49,933 webhook_processor Updated message wamid.HBgMOTE5NDQ1MzkyNDU0FQIAERgSMzlBNTZENjQ5MjU2NDkzQ0RFAA==: delivered -> read
[INFO] 2025-09-13 14:42:58,699 webhook_handler Received webhook: {
  "object": "whatsapp_business_account",
  "entry": [
    {
      "id": "114374441730441",
      "changes": [
        {
          "value": {
            "messaging_product": "whatsapp",
            "metadata": {
              "display_phone_number": "917996002222",
              "phone_number_id": "114392571729051"
            },
            "statuses": [
              {
                "id": "wamid.HBgMOTE3ODY5NzMyNzMyFQIAERgSNjNFNkNDN0M3Q0ZGREI0ODBGAA==",
                "status": "delivered",
                "timestamp": "1757774576",
                "recipient_id": "917869732732",
                "conversation": {
                  "id": "1c0a23cd4bf5fcf2f44c24439c7c2b88",
                  "origin": {
                    "type": "marketing"
                  }
                },
                "pricing": {
                  "billable": true,
                  "pricing_model": "PMP",
                  "category": "marketing",
                  "type": "regular"
                }
              }
            ]
          },
          "field": "messages"
        }
      ]
    }
  ]
}
[INFO] 2025-09-13 14:42:58,716 basehttp "POST /api/webhook/whatsapp/ HTTP/1.1" 200 22
[INFO] 2025-09-13 14:42:58,845 webhook_processor Processing status update: wamid.HBgMOTE3ODY5NzMyNzMyFQIAERgSNjNFNkNDN0M3Q0ZGREI0ODBGAA== -> delivered
[INFO] 2025-09-13 14:42:58,966 webhook_processor Message delivered to +917869732732, triggering next message
[INFO] 2025-09-13 14:42:59,116 webhook_processor Updated message wamid.HBgMOTE3ODY5NzMyNzMyFQIAERgSNjNFNkNDN0M3Q0ZGREI0ODBGAA==: sent -> delivered
[INFO] 2025-09-13 14:42:59,172 tasks Campaign 25 is not running, status: completed
[INFO] 2025-09-13 14:43:06,339 webhook_handler Received webhook: {
  "object": "whatsapp_business_account",
  "entry": [
    {
      "id": "114374441730441",
      "changes": [
        {
          "value": {
            "messaging_product": "whatsapp",
            "metadata": {
              "display_phone_number": "917996002222",
              "phone_number_id": "114392571729051"
            },
            "statuses": [
              {
                "id": "wamid.HBgMOTE3ODY5NzMyNzMyFQIAERgSNjNFNkNDN0M3Q0ZGREI0ODBGAA==",
                "status": "read",
                "timestamp": "1757774585",
                "recipient_id": "917869732732"
              }
            ]
          },
          "field": "messages"
        }
      ]
    }
  ]
}
[INFO] 2025-09-13 14:43:06,356 basehttp "POST /api/webhook/whatsapp/ HTTP/1.1" 200 22
[INFO] 2025-09-13 14:43:06,527 webhook_processor Processing status update: wamid.HBgMOTE3ODY5NzMyNzMyFQIAERgSNjNFNkNDN0M3Q0ZGREI0ODBGAA== -> read
[INFO] 2025-09-13 14:43:06,797 webhook_processor Updated message wamid.HBgMOTE3ODY5NzMyNzMyFQIAERgSNjNFNkNDN0M3Q0ZGREI0ODBGAA==: delivered -> read
[INFO] 2025-09-13 14:43:34,765 webhook_handler Received webhook: {
  "object": "whatsapp_business_account",
  "entry": [
    {
      "id": "114374441730441",
      "changes": [
        {
          "value": {
            "messaging_product": "whatsapp",
            "metadata": {
              "display_phone_number": "917996002222",
              "phone_number_id": "114392571729051"
            },
            "contacts": [
              {
                "profile": {
                  "name": "Shivam Shukla"
                },
                "wa_id": "917869732732"
              }
            ],
            "messages": [
              {
                "from": "917869732732",
                "id": "wamid.HBgMOTE3ODY5NzMyNzMyFQIAEhgUM0FCMDhBMkQ3OTZENTlFNDlBOUYA",
                "timestamp": "1757774613",
                "text": {
                  "body": "Hi"
                },
                "type": "text"
              }
            ]
          },
          "field": "messages"
        }
      ]
    }
  ]
}
[INFO] 2025-09-13 14:43:34,780 basehttp "POST /api/webhook/whatsapp/ HTTP/1.1" 200 22
[INFO] 2025-09-13 14:52:19,520 basehttp "GET /api/campaigns/?page=1 HTTP/1.1" 200 285
[INFO] 2025-09-13 14:52:20,157 basehttp "GET /api/campaigns/26/ HTTP/1.1" 200 2031
[INFO] 2025-09-13 14:52:20,860 basehttp "GET /api/campaigns/26/statistics/ HTTP/1.1" 200 425
[INFO] 2025-09-13 14:52:21,507 basehttp "GET /api/campaigns/26/messages/ HTTP/1.1" 200 1356
[INFO] 2025-09-13 15:01:38,436 basehttp "GET /admin/campaigns/message/ HTTP/1.1" 200 41926
[INFO] 2025-09-13 15:01:38,488 basehttp "GET /admin/jsi18n/ HTTP/1.1" 200 3343
[INFO] 2025-09-13 15:01:55,031 basehttp "GET /admin/campaigns/message/55/change/ HTTP/1.1" 200 24936
[INFO] 2025-09-13 15:01:55,110 basehttp "GET /admin/jsi18n/ HTTP/1.1" 200 3343
[INFO] 2025-09-13 15:01:55,118 basehttp "GET /static/admin/js/change_form.js HTTP/1.1" 200 606
[INFO] 2025-09-13 15:01:55,119 basehttp "GET /static/admin/js/prepopulate_init.js HTTP/1.1" 200 586
[INFO] 2025-09-13 15:01:55,125 basehttp "GET /static/admin/css/forms.css HTTP/1.1" 200 9047
[INFO] 2025-09-13 15:01:55,168 basehttp "GET /static/admin/img/icon-viewlink.svg HTTP/1.1" 200 581
[INFO] 2025-09-13 15:01:55,170 basehttp "GET /static/admin/css/widgets.css HTTP/1.1" 200 11900
[INFO] 2025-09-13 15:06:12,362 basehttp "GET /admin/campaigns/message/ HTTP/1.1" 200 41926
[INFO] 2025-09-13 15:06:12,406 basehttp "GET /admin/jsi18n/ HTTP/1.1" 200 3343
[INFO] 2025-09-13 15:06:17,723 basehttp "GET /admin/campaigns/message/53/change/ HTTP/1.1" 200 24936
[INFO] 2025-09-13 15:06:17,774 basehttp "GET /admin/jsi18n/ HTTP/1.1" 200 3343
[INFO] 2025-09-13 15:10:33,117 basehttp "GET /api/campaigns/?page=1 HTTP/1.1" 200 285
[INFO] 2025-09-13 15:10:33,752 basehttp "GET /api/campaigns/26/ HTTP/1.1" 200 2031
[INFO] 2025-09-13 15:10:34,540 basehttp "GET /api/campaigns/26/statistics/ HTTP/1.1" 200 425
[INFO] 2025-09-13 15:10:35,258 basehttp "GET /api/campaigns/?page=1 HTTP/1.1" 200 285
[INFO] 2025-09-13 15:10:35,940 basehttp "GET /api/campaigns/26/ HTTP/1.1" 200 2031
[INFO] 2025-09-13 15:10:36,577 basehttp "GET /api/campaigns/26/statistics/ HTTP/1.1" 200 425
[INFO] 2025-09-13 15:10:37,253 basehttp "GET /api/campaigns/26/messages/ HTTP/1.1" 200 1356
[INFO] 2025-09-13 15:19:58,978 autoreload Watching for file changes with StatReloader
[INFO] 2025-09-13 15:35:40,529 basehttp "GET /api/campaigns/?page=1 HTTP/1.1" 200 285
[INFO] 2025-09-13 15:35:41,166 basehttp "GET /api/campaigns/26/ HTTP/1.1" 200 2031
[INFO] 2025-09-13 15:35:41,845 basehttp "GET /api/campaigns/26/statistics/ HTTP/1.1" 200 425
[INFO] 2025-09-13 15:35:42,543 basehttp "GET /api/campaigns/?page=1 HTTP/1.1" 200 285
[INFO] 2025-09-13 15:35:43,226 basehttp "GET /api/campaigns/26/ HTTP/1.1" 200 2031
[INFO] 2025-09-13 15:35:43,860 basehttp "GET /api/campaigns/26/statistics/ HTTP/1.1" 200 425
[INFO] 2025-09-13 15:35:44,510 basehttp "GET /api/campaigns/26/messages/ HTTP/1.1" 200 1356
[INFO] 2025-09-14 17:41:35,909 autoreload Watching for file changes with StatReloader
[ERROR] 2025-09-14 19:29:53,808 exception Invalid HTTP_HOST header: 'ff0cb040aff1.ngrok-free.app'. You may need to add 'ff0cb040aff1.ngrok-free.app' to ALLOWED_HOSTS.
Traceback (most recent call last):
  File "/home/sohan/whatsapp-campaign/venv/lib/python3.10/site-packages/django/core/handlers/exception.py", line 55, in inner
    response = get_response(request)
  File "/home/sohan/whatsapp-campaign/venv/lib/python3.10/site-packages/django/utils/deprecation.py", line 133, in __call__
    response = self.process_request(request)
  File "/home/sohan/whatsapp-campaign/venv/lib/python3.10/site-packages/django/middleware/common.py", line 48, in process_request
    host = request.get_host()
  File "/home/sohan/whatsapp-campaign/venv/lib/python3.10/site-packages/django/http/request.py", line 150, in get_host
    raise DisallowedHost(msg)
django.core.exceptions.DisallowedHost: Invalid HTTP_HOST header: 'ff0cb040aff1.ngrok-free.app'. You may need to add 'ff0cb040aff1.ngrok-free.app' to ALLOWED_HOSTS.
[WARNING] 2025-09-14 19:29:53,857 log Bad Request: /api/webhook/whatsapp/
[WARNING] 2025-09-14 19:29:53,857 basehttp "HEAD /api/webhook/whatsapp/ HTTP/1.1" 400 0
[ERROR] 2025-09-14 19:29:54,851 exception Invalid HTTP_HOST header: 'ff0cb040aff1.ngrok-free.app'. You may need to add 'ff0cb040aff1.ngrok-free.app' to ALLOWED_HOSTS.
Traceback (most recent call last):
  File "/home/sohan/whatsapp-campaign/venv/lib/python3.10/site-packages/django/core/handlers/exception.py", line 55, in inner
    response = get_response(request)
  File "/home/sohan/whatsapp-campaign/venv/lib/python3.10/site-packages/django/utils/deprecation.py", line 133, in __call__
    response = self.process_request(request)
  File "/home/sohan/whatsapp-campaign/venv/lib/python3.10/site-packages/django/middleware/common.py", line 48, in process_request
    host = request.get_host()
  File "/home/sohan/whatsapp-campaign/venv/lib/python3.10/site-packages/django/http/request.py", line 150, in get_host
    raise DisallowedHost(msg)
django.core.exceptions.DisallowedHost: Invalid HTTP_HOST header: 'ff0cb040aff1.ngrok-free.app'. You may need to add 'ff0cb040aff1.ngrok-free.app' to ALLOWED_HOSTS.
[WARNING] 2025-09-14 19:29:54,877 log Bad Request: /api/webhook/whatsapp/
[WARNING] 2025-09-14 19:29:54,878 basehttp "HEAD /api/webhook/whatsapp/ HTTP/1.1" 400 0
[ERROR] 2025-09-14 19:29:55,629 exception Invalid HTTP_HOST header: 'ff0cb040aff1.ngrok-free.app'. You may need to add 'ff0cb040aff1.ngrok-free.app' to ALLOWED_HOSTS.
Traceback (most recent call last):
  File "/home/sohan/whatsapp-campaign/venv/lib/python3.10/site-packages/django/core/handlers/exception.py", line 55, in inner
    response = get_response(request)
  File "/home/sohan/whatsapp-campaign/venv/lib/python3.10/site-packages/django/utils/deprecation.py", line 133, in __call__
    response = self.process_request(request)
  File "/home/sohan/whatsapp-campaign/venv/lib/python3.10/site-packages/django/middleware/common.py", line 48, in process_request
    host = request.get_host()
  File "/home/sohan/whatsapp-campaign/venv/lib/python3.10/site-packages/django/http/request.py", line 150, in get_host
    raise DisallowedHost(msg)
django.core.exceptions.DisallowedHost: Invalid HTTP_HOST header: 'ff0cb040aff1.ngrok-free.app'. You may need to add 'ff0cb040aff1.ngrok-free.app' to ALLOWED_HOSTS.
[WARNING] 2025-09-14 19:29:55,652 log Bad Request: /api/webhook/orders/
[WARNING] 2025-09-14 19:29:55,653 basehttp "HEAD /api/webhook/orders/ HTTP/1.1" 400 0
[ERROR] 2025-09-14 19:29:56,525 exception Invalid HTTP_HOST header: 'ff0cb040aff1.ngrok-free.app'. You may need to add 'ff0cb040aff1.ngrok-free.app' to ALLOWED_HOSTS.
Traceback (most recent call last):
  File "/home/sohan/whatsapp-campaign/venv/lib/python3.10/site-packages/django/core/handlers/exception.py", line 55, in inner
    response = get_response(request)
  File "/home/sohan/whatsapp-campaign/venv/lib/python3.10/site-packages/django/utils/deprecation.py", line 133, in __call__
    response = self.process_request(request)
  File "/home/sohan/whatsapp-campaign/venv/lib/python3.10/site-packages/django/middleware/common.py", line 48, in process_request
    host = request.get_host()
  File "/home/sohan/whatsapp-campaign/venv/lib/python3.10/site-packages/django/http/request.py", line 150, in get_host
    raise DisallowedHost(msg)
django.core.exceptions.DisallowedHost: Invalid HTTP_HOST header: 'ff0cb040aff1.ngrok-free.app'. You may need to add 'ff0cb040aff1.ngrok-free.app' to ALLOWED_HOSTS.
[WARNING] 2025-09-14 19:29:56,557 log Bad Request: /api/webhook/orders/
[WARNING] 2025-09-14 19:29:56,558 basehttp "HEAD /api/webhook/orders/ HTTP/1.1" 400 0
[INFO] 2025-09-14 20:04:53,246 autoreload /home/sohan/whatsapp-campaign/whatsapp_campaign/settings.py changed, reloading.
[INFO] 2025-09-14 20:04:54,497 autoreload Watching for file changes with StatReloader
[INFO] 2025-09-14 20:07:40,114 webhook_processor Processing status update: wamid.test_campaign_123 -> delivered
[INFO] 2025-09-14 20:07:40,716 webhook_processor Message delivered to +919876543210, triggering next message
[INFO] 2025-09-14 20:07:40,916 webhook_processor Updated campaign message wamid.test_campaign_123: sent -> delivered
[INFO] 2025-09-14 20:07:41,292 webhook_processor Processing status update: wamid.test_order_456 -> read
[INFO] 2025-09-14 20:07:41,297 webhook_processor Message wamid.test_order_456 not found in campaigns, trying orders
[INFO] 2025-09-14 20:07:41,297 webhook_processor Processing order status update: wamid.test_order_456 -> read
[INFO] 2025-09-14 20:07:41,300 webhook_processor Order wamid.test_order_456 marked as read
[INFO] 2025-09-14 20:07:41,385 webhook_processor Updated order wamid.test_order_456: sent -> read
[INFO] 2025-09-14 20:07:41,389 webhook_processor Processing status update: wamid.unknown_message_999 -> delivered
[INFO] 2025-09-14 20:07:41,393 webhook_processor Message wamid.unknown_message_999 not found in campaigns, trying orders
[INFO] 2025-09-14 20:07:41,393 webhook_processor Processing order status update: wamid.unknown_message_999 -> delivered
[WARNING] 2025-09-14 20:07:41,397 webhook_processor Order not found for message ID: wamid.unknown_message_999
[WARNING] 2025-09-14 20:14:01,330 log Not Found: /api/api/auth/login/
[WARNING] 2025-09-14 20:14:01,331 basehttp "POST /api/api/auth/login/ HTTP/1.1" 404 8823
[WARNING] 2025-09-14 20:17:03,880 log Not Found: /api/api/auth/login/
[WARNING] 2025-09-14 20:17:03,881 basehttp "POST /api/api/auth/login/ HTTP/1.1" 404 8823
[INFO] 2025-09-14 20:17:38,361 views User logged in: campaign_user
[INFO] 2025-09-14 20:17:38,468 basehttp "POST /api/auth/login/ HTTP/1.1" 200 308
[INFO] 2025-09-14 20:17:38,544 basehttp "GET /api/orders/stats/ HTTP/1.1" 200 159
[INFO] 2025-09-14 20:17:51,990 basehttp "GET /api/orders/processed-files/ HTTP/1.1" 200 52
[INFO] 2025-09-14 20:18:45,483 views Chat file uploaded: chat-for-demo.txt by user campaign_user
[INFO] 2025-09-14 20:18:45,488 basehttp "POST /api/orders/chatfiles/ HTTP/1.1" 201 341
[INFO] 2025-09-14 20:18:45,559 basehttp "POST /api/orders/chatfiles/d820dc75-f1a1-4195-812c-8301870996a9/process/ HTTP/1.1" 200 101
[INFO] 2025-09-14 20:18:50,596 basehttp "GET /api/orders/chatfiles/d820dc75-f1a1-4195-812c-8301870996a9/ HTTP/1.1" 200 278
[INFO] 2025-09-14 20:18:55,632 basehttp "GET /api/orders/chatfiles/d820dc75-f1a1-4195-812c-8301870996a9/ HTTP/1.1" 200 278
[INFO] 2025-09-14 20:19:00,670 basehttp "GET /api/orders/chatfiles/d820dc75-f1a1-4195-812c-8301870996a9/ HTTP/1.1" 200 278
[INFO] 2025-09-14 20:19:05,709 basehttp "GET /api/orders/chatfiles/d820dc75-f1a1-4195-812c-8301870996a9/ HTTP/1.1" 200 278
[INFO] 2025-09-14 20:19:10,733 basehttp "GET /api/orders/chatfiles/d820dc75-f1a1-4195-812c-8301870996a9/ HTTP/1.1" 200 278
[INFO] 2025-09-14 20:19:15,769 basehttp "GET /api/orders/chatfiles/d820dc75-f1a1-4195-812c-8301870996a9/ HTTP/1.1" 200 278
[INFO] 2025-09-14 20:19:20,807 basehttp "GET /api/orders/chatfiles/d820dc75-f1a1-4195-812c-8301870996a9/ HTTP/1.1" 200 278
[INFO] 2025-09-14 20:19:25,846 basehttp "GET /api/orders/chatfiles/d820dc75-f1a1-4195-812c-8301870996a9/ HTTP/1.1" 200 278
[INFO] 2025-09-14 20:19:30,886 basehttp "GET /api/orders/chatfiles/d820dc75-f1a1-4195-812c-8301870996a9/ HTTP/1.1" 200 278
[INFO] 2025-09-14 20:19:35,926 basehttp "GET /api/orders/chatfiles/d820dc75-f1a1-4195-812c-8301870996a9/ HTTP/1.1" 200 278
[INFO] 2025-09-14 20:19:40,965 basehttp "GET /api/orders/chatfiles/d820dc75-f1a1-4195-812c-8301870996a9/ HTTP/1.1" 200 278
[INFO] 2025-09-14 20:19:45,986 basehttp "GET /api/orders/chatfiles/d820dc75-f1a1-4195-812c-8301870996a9/ HTTP/1.1" 200 278
[INFO] 2025-09-14 20:19:51,026 basehttp "GET /api/orders/chatfiles/d820dc75-f1a1-4195-812c-8301870996a9/ HTTP/1.1" 200 278
[INFO] 2025-09-14 20:19:56,065 basehttp "GET /api/orders/chatfiles/d820dc75-f1a1-4195-812c-8301870996a9/ HTTP/1.1" 200 278
[INFO] 2025-09-14 20:20:01,107 basehttp "GET /api/orders/chatfiles/d820dc75-f1a1-4195-812c-8301870996a9/ HTTP/1.1" 200 278
[INFO] 2025-09-14 20:20:06,146 basehttp "GET /api/orders/chatfiles/d820dc75-f1a1-4195-812c-8301870996a9/ HTTP/1.1" 200 278
[INFO] 2025-09-14 20:20:11,171 basehttp "GET /api/orders/chatfiles/d820dc75-f1a1-4195-812c-8301870996a9/ HTTP/1.1" 200 278
[INFO] 2025-09-14 20:20:16,215 basehttp "GET /api/orders/chatfiles/d820dc75-f1a1-4195-812c-8301870996a9/ HTTP/1.1" 200 278
[INFO] 2025-09-14 20:20:21,253 basehttp "GET /api/orders/chatfiles/d820dc75-f1a1-4195-812c-8301870996a9/ HTTP/1.1" 200 278
[INFO] 2025-09-14 20:20:26,291 basehttp "GET /api/orders/chatfiles/d820dc75-f1a1-4195-812c-8301870996a9/ HTTP/1.1" 200 278
[INFO] 2025-09-14 20:20:31,330 basehttp "GET /api/orders/chatfiles/d820dc75-f1a1-4195-812c-8301870996a9/ HTTP/1.1" 200 278
[INFO] 2025-09-14 20:20:36,367 basehttp "GET /api/orders/chatfiles/d820dc75-f1a1-4195-812c-8301870996a9/ HTTP/1.1" 200 278
[INFO] 2025-09-14 20:20:41,407 basehttp "GET /api/orders/chatfiles/d820dc75-f1a1-4195-812c-8301870996a9/ HTTP/1.1" 200 278
[INFO] 2025-09-14 20:20:46,452 basehttp "GET /api/orders/chatfiles/d820dc75-f1a1-4195-812c-8301870996a9/ HTTP/1.1" 200 278
[INFO] 2025-09-14 20:20:51,494 basehttp "GET /api/orders/chatfiles/d820dc75-f1a1-4195-812c-8301870996a9/ HTTP/1.1" 200 278
[INFO] 2025-09-14 20:20:56,509 basehttp "GET /api/orders/chatfiles/d820dc75-f1a1-4195-812c-8301870996a9/ HTTP/1.1" 200 278
[INFO] 2025-09-14 20:21:01,547 basehttp "GET /api/orders/chatfiles/d820dc75-f1a1-4195-812c-8301870996a9/ HTTP/1.1" 200 278
[INFO] 2025-09-14 20:21:06,587 basehttp "GET /api/orders/chatfiles/d820dc75-f1a1-4195-812c-8301870996a9/ HTTP/1.1" 200 278
[INFO] 2025-09-14 20:21:11,626 basehttp "GET /api/orders/chatfiles/d820dc75-f1a1-4195-812c-8301870996a9/ HTTP/1.1" 200 278
[INFO] 2025-09-14 20:21:16,665 basehttp "GET /api/orders/chatfiles/d820dc75-f1a1-4195-812c-8301870996a9/ HTTP/1.1" 200 278
[INFO] 2025-09-14 20:21:21,689 basehttp "GET /api/orders/chatfiles/d820dc75-f1a1-4195-812c-8301870996a9/ HTTP/1.1" 200 278
[INFO] 2025-09-14 20:21:26,729 basehttp "GET /api/orders/chatfiles/d820dc75-f1a1-4195-812c-8301870996a9/ HTTP/1.1" 200 278
[INFO] 2025-09-14 20:21:31,758 basehttp "GET /api/orders/chatfiles/d820dc75-f1a1-4195-812c-8301870996a9/ HTTP/1.1" 200 278
[INFO] 2025-09-14 20:21:36,797 basehttp "GET /api/orders/chatfiles/d820dc75-f1a1-4195-812c-8301870996a9/ HTTP/1.1" 200 278
[INFO] 2025-09-14 20:21:41,840 basehttp "GET /api/orders/chatfiles/d820dc75-f1a1-4195-812c-8301870996a9/ HTTP/1.1" 200 278
[INFO] 2025-09-14 20:21:46,868 basehttp "GET /api/orders/chatfiles/d820dc75-f1a1-4195-812c-8301870996a9/ HTTP/1.1" 200 278
[INFO] 2025-09-14 20:21:51,888 basehttp "GET /api/orders/chatfiles/d820dc75-f1a1-4195-812c-8301870996a9/ HTTP/1.1" 200 278
[INFO] 2025-09-14 20:21:56,915 basehttp "GET /api/orders/chatfiles/d820dc75-f1a1-4195-812c-8301870996a9/ HTTP/1.1" 200 278
[INFO] 2025-09-14 20:22:01,955 basehttp "GET /api/orders/chatfiles/d820dc75-f1a1-4195-812c-8301870996a9/ HTTP/1.1" 200 278
[INFO] 2025-09-14 20:22:06,997 basehttp "GET /api/orders/chatfiles/d820dc75-f1a1-4195-812c-8301870996a9/ HTTP/1.1" 200 278
[INFO] 2025-09-14 20:22:12,040 basehttp "GET /api/orders/chatfiles/d820dc75-f1a1-4195-812c-8301870996a9/ HTTP/1.1" 200 278
[INFO] 2025-09-14 20:22:17,077 basehttp "GET /api/orders/chatfiles/d820dc75-f1a1-4195-812c-8301870996a9/ HTTP/1.1" 200 278
[INFO] 2025-09-14 20:22:22,098 basehttp "GET /api/orders/chatfiles/d820dc75-f1a1-4195-812c-8301870996a9/ HTTP/1.1" 200 278
[INFO] 2025-09-14 20:22:27,114 basehttp "GET /api/orders/chatfiles/d820dc75-f1a1-4195-812c-8301870996a9/ HTTP/1.1" 200 278
[INFO] 2025-09-14 20:22:32,148 basehttp "GET /api/orders/chatfiles/d820dc75-f1a1-4195-812c-8301870996a9/ HTTP/1.1" 200 278
[INFO] 2025-09-14 20:22:37,189 basehttp "GET /api/orders/chatfiles/d820dc75-f1a1-4195-812c-8301870996a9/ HTTP/1.1" 200 278
[INFO] 2025-09-14 20:22:42,232 basehttp "GET /api/orders/chatfiles/d820dc75-f1a1-4195-812c-8301870996a9/ HTTP/1.1" 200 278
[INFO] 2025-09-14 20:22:47,274 basehttp "GET /api/orders/chatfiles/d820dc75-f1a1-4195-812c-8301870996a9/ HTTP/1.1" 200 278
[INFO] 2025-09-14 20:22:52,301 basehttp "GET /api/orders/chatfiles/d820dc75-f1a1-4195-812c-8301870996a9/ HTTP/1.1" 200 278
[INFO] 2025-09-14 20:22:57,342 basehttp "GET /api/orders/chatfiles/d820dc75-f1a1-4195-812c-8301870996a9/ HTTP/1.1" 200 278
[INFO] 2025-09-14 20:23:02,386 basehttp "GET /api/orders/chatfiles/d820dc75-f1a1-4195-812c-8301870996a9/ HTTP/1.1" 200 278
[INFO] 2025-09-14 20:23:07,425 basehttp "GET /api/orders/chatfiles/d820dc75-f1a1-4195-812c-8301870996a9/ HTTP/1.1" 200 278
[INFO] 2025-09-14 20:23:12,472 basehttp "GET /api/orders/chatfiles/d820dc75-f1a1-4195-812c-8301870996a9/ HTTP/1.1" 200 278
[INFO] 2025-09-14 20:23:17,516 basehttp "GET /api/orders/chatfiles/d820dc75-f1a1-4195-812c-8301870996a9/ HTTP/1.1" 200 278
[INFO] 2025-09-14 20:23:22,557 basehttp "GET /api/orders/chatfiles/d820dc75-f1a1-4195-812c-8301870996a9/ HTTP/1.1" 200 278
[INFO] 2025-09-14 20:23:27,581 basehttp "GET /api/orders/chatfiles/d820dc75-f1a1-4195-812c-8301870996a9/ HTTP/1.1" 200 278
[INFO] 2025-09-14 20:23:32,601 basehttp "GET /api/orders/chatfiles/d820dc75-f1a1-4195-812c-8301870996a9/ HTTP/1.1" 200 278
[INFO] 2025-09-14 20:23:37,640 basehttp "GET /api/orders/chatfiles/d820dc75-f1a1-4195-812c-8301870996a9/ HTTP/1.1" 200 278
[INFO] 2025-09-14 20:23:42,683 basehttp "GET /api/orders/chatfiles/d820dc75-f1a1-4195-812c-8301870996a9/ HTTP/1.1" 200 278
[INFO] 2025-09-14 20:23:47,720 basehttp "GET /api/orders/chatfiles/d820dc75-f1a1-4195-812c-8301870996a9/ HTTP/1.1" 200 278
[INFO] 2025-09-14 20:23:52,759 basehttp "GET /api/orders/chatfiles/d820dc75-f1a1-4195-812c-8301870996a9/ HTTP/1.1" 200 278
[INFO] 2025-09-14 20:23:57,801 basehttp "GET /api/orders/chatfiles/d820dc75-f1a1-4195-812c-8301870996a9/ HTTP/1.1" 200 278
[INFO] 2025-09-14 20:24:02,842 basehttp "GET /api/orders/chatfiles/d820dc75-f1a1-4195-812c-8301870996a9/ HTTP/1.1" 200 278
[INFO] 2025-09-14 20:24:07,857 basehttp "GET /api/orders/chatfiles/d820dc75-f1a1-4195-812c-8301870996a9/ HTTP/1.1" 200 278
[INFO] 2025-09-14 20:24:12,892 basehttp "GET /api/orders/chatfiles/d820dc75-f1a1-4195-812c-8301870996a9/ HTTP/1.1" 200 278
[INFO] 2025-09-14 20:24:17,931 basehttp "GET /api/orders/chatfiles/d820dc75-f1a1-4195-812c-8301870996a9/ HTTP/1.1" 200 278
[INFO] 2025-09-14 20:24:22,954 basehttp "GET /api/orders/chatfiles/d820dc75-f1a1-4195-812c-8301870996a9/ HTTP/1.1" 200 278
[INFO] 2025-09-14 20:24:27,994 basehttp "GET /api/orders/chatfiles/d820dc75-f1a1-4195-812c-8301870996a9/ HTTP/1.1" 200 278
[INFO] 2025-09-14 20:24:33,023 basehttp "GET /api/orders/chatfiles/d820dc75-f1a1-4195-812c-8301870996a9/ HTTP/1.1" 200 278
[INFO] 2025-09-14 20:24:38,059 basehttp "GET /api/orders/chatfiles/d820dc75-f1a1-4195-812c-8301870996a9/ HTTP/1.1" 200 278
[INFO] 2025-09-14 20:24:43,097 basehttp "GET /api/orders/chatfiles/d820dc75-f1a1-4195-812c-8301870996a9/ HTTP/1.1" 200 278
[INFO] 2025-09-14 20:24:48,137 basehttp "GET /api/orders/chatfiles/d820dc75-f1a1-4195-812c-8301870996a9/ HTTP/1.1" 200 278
[INFO] 2025-09-14 20:24:53,183 basehttp "GET /api/orders/chatfiles/d820dc75-f1a1-4195-812c-8301870996a9/ HTTP/1.1" 200 278
[INFO] 2025-09-14 20:24:58,214 basehttp "GET /api/orders/chatfiles/d820dc75-f1a1-4195-812c-8301870996a9/ HTTP/1.1" 200 278
[INFO] 2025-09-14 20:25:03,247 basehttp "GET /api/orders/chatfiles/d820dc75-f1a1-4195-812c-8301870996a9/ HTTP/1.1" 200 278
[INFO] 2025-09-14 20:25:08,288 basehttp "GET /api/orders/chatfiles/d820dc75-f1a1-4195-812c-8301870996a9/ HTTP/1.1" 200 278
[INFO] 2025-09-14 20:25:13,329 basehttp "GET /api/orders/chatfiles/d820dc75-f1a1-4195-812c-8301870996a9/ HTTP/1.1" 200 278
[INFO] 2025-09-14 20:25:18,356 basehttp "GET /api/orders/chatfiles/d820dc75-f1a1-4195-812c-8301870996a9/ HTTP/1.1" 200 278
[INFO] 2025-09-14 20:25:23,394 basehttp "GET /api/orders/chatfiles/d820dc75-f1a1-4195-812c-8301870996a9/ HTTP/1.1" 200 278
[INFO] 2025-09-14 20:25:28,416 basehttp "GET /api/orders/chatfiles/d820dc75-f1a1-4195-812c-8301870996a9/ HTTP/1.1" 200 278
[INFO] 2025-09-14 20:25:33,430 basehttp "GET /api/orders/chatfiles/d820dc75-f1a1-4195-812c-8301870996a9/ HTTP/1.1" 200 278
[INFO] 2025-09-14 20:25:38,451 basehttp "GET /api/orders/chatfiles/d820dc75-f1a1-4195-812c-8301870996a9/ HTTP/1.1" 200 278
[INFO] 2025-09-14 20:25:43,486 basehttp "GET /api/orders/chatfiles/d820dc75-f1a1-4195-812c-8301870996a9/ HTTP/1.1" 200 278
[INFO] 2025-09-14 20:25:48,524 basehttp "GET /api/orders/chatfiles/d820dc75-f1a1-4195-812c-8301870996a9/ HTTP/1.1" 200 278
[INFO] 2025-09-14 20:25:53,540 basehttp "GET /api/orders/chatfiles/d820dc75-f1a1-4195-812c-8301870996a9/ HTTP/1.1" 200 278
[INFO] 2025-09-14 20:25:58,563 basehttp "GET /api/orders/chatfiles/d820dc75-f1a1-4195-812c-8301870996a9/ HTTP/1.1" 200 278
[INFO] 2025-09-14 20:26:03,596 basehttp "GET /api/orders/chatfiles/d820dc75-f1a1-4195-812c-8301870996a9/ HTTP/1.1" 200 278
[INFO] 2025-09-14 20:26:08,620 basehttp "GET /api/orders/chatfiles/d820dc75-f1a1-4195-812c-8301870996a9/ HTTP/1.1" 200 278
[INFO] 2025-09-14 20:26:13,640 basehttp "GET /api/orders/chatfiles/d820dc75-f1a1-4195-812c-8301870996a9/ HTTP/1.1" 200 278
[INFO] 2025-09-14 20:26:18,676 basehttp "GET /api/orders/chatfiles/d820dc75-f1a1-4195-812c-8301870996a9/ HTTP/1.1" 200 278
[INFO] 2025-09-14 20:26:23,715 basehttp "GET /api/orders/chatfiles/d820dc75-f1a1-4195-812c-8301870996a9/ HTTP/1.1" 200 278
[INFO] 2025-09-14 20:26:28,755 basehttp "GET /api/orders/chatfiles/d820dc75-f1a1-4195-812c-8301870996a9/ HTTP/1.1" 200 278
[INFO] 2025-09-14 20:26:33,794 basehttp "GET /api/orders/chatfiles/d820dc75-f1a1-4195-812c-8301870996a9/ HTTP/1.1" 200 278
[INFO] 2025-09-14 20:26:38,829 basehttp "GET /api/orders/chatfiles/d820dc75-f1a1-4195-812c-8301870996a9/ HTTP/1.1" 200 278
[INFO] 2025-09-14 20:26:43,848 basehttp "GET /api/orders/chatfiles/d820dc75-f1a1-4195-812c-8301870996a9/ HTTP/1.1" 200 278
[INFO] 2025-09-14 20:26:48,885 basehttp "GET /api/orders/chatfiles/d820dc75-f1a1-4195-812c-8301870996a9/ HTTP/1.1" 200 278
[INFO] 2025-09-14 20:26:53,917 basehttp "GET /api/orders/chatfiles/d820dc75-f1a1-4195-812c-8301870996a9/ HTTP/1.1" 200 278
[INFO] 2025-09-14 20:26:58,942 basehttp "GET /api/orders/chatfiles/d820dc75-f1a1-4195-812c-8301870996a9/ HTTP/1.1" 200 278
[INFO] 2025-09-14 20:27:03,983 basehttp "GET /api/orders/chatfiles/d820dc75-f1a1-4195-812c-8301870996a9/ HTTP/1.1" 200 278
[INFO] 2025-09-14 20:27:09,022 basehttp "GET /api/orders/chatfiles/d820dc75-f1a1-4195-812c-8301870996a9/ HTTP/1.1" 200 278
[INFO] 2025-09-14 20:27:14,053 basehttp "GET /api/orders/chatfiles/d820dc75-f1a1-4195-812c-8301870996a9/ HTTP/1.1" 200 278
[INFO] 2025-09-14 20:27:19,093 basehttp "GET /api/orders/chatfiles/d820dc75-f1a1-4195-812c-8301870996a9/ HTTP/1.1" 200 278
[INFO] 2025-09-14 20:27:24,134 basehttp "GET /api/orders/chatfiles/d820dc75-f1a1-4195-812c-8301870996a9/ HTTP/1.1" 200 278
[INFO] 2025-09-14 20:27:29,173 basehttp "GET /api/orders/chatfiles/d820dc75-f1a1-4195-812c-8301870996a9/ HTTP/1.1" 200 278
[INFO] 2025-09-14 20:27:34,213 basehttp "GET /api/orders/chatfiles/d820dc75-f1a1-4195-812c-8301870996a9/ HTTP/1.1" 200 278
[INFO] 2025-09-14 20:27:39,253 basehttp "GET /api/orders/chatfiles/d820dc75-f1a1-4195-812c-8301870996a9/ HTTP/1.1" 200 278
[INFO] 2025-09-14 20:27:44,289 basehttp "GET /api/orders/chatfiles/d820dc75-f1a1-4195-812c-8301870996a9/ HTTP/1.1" 200 278
[INFO] 2025-09-14 20:27:49,324 basehttp "GET /api/orders/chatfiles/d820dc75-f1a1-4195-812c-8301870996a9/ HTTP/1.1" 200 278
[INFO] 2025-09-14 20:27:54,364 basehttp "GET /api/orders/chatfiles/d820dc75-f1a1-4195-812c-8301870996a9/ HTTP/1.1" 200 278
[INFO] 2025-09-14 20:27:59,400 basehttp "GET /api/orders/chatfiles/d820dc75-f1a1-4195-812c-8301870996a9/ HTTP/1.1" 200 278
[INFO] 2025-09-14 20:28:04,439 basehttp "GET /api/orders/chatfiles/d820dc75-f1a1-4195-812c-8301870996a9/ HTTP/1.1" 200 278
[INFO] 2025-09-14 20:28:09,482 basehttp "GET /api/orders/chatfiles/d820dc75-f1a1-4195-812c-8301870996a9/ HTTP/1.1" 200 278
[INFO] 2025-09-14 20:28:14,523 basehttp "GET /api/orders/chatfiles/d820dc75-f1a1-4195-812c-8301870996a9/ HTTP/1.1" 200 278
[INFO] 2025-09-14 20:28:19,564 basehttp "GET /api/orders/chatfiles/d820dc75-f1a1-4195-812c-8301870996a9/ HTTP/1.1" 200 278
[INFO] 2025-09-14 20:28:24,592 basehttp "GET /api/orders/chatfiles/d820dc75-f1a1-4195-812c-8301870996a9/ HTTP/1.1" 200 278
[INFO] 2025-09-14 20:28:29,617 basehttp "GET /api/orders/chatfiles/d820dc75-f1a1-4195-812c-8301870996a9/ HTTP/1.1" 200 278
[INFO] 2025-09-14 20:28:34,654 basehttp "GET /api/orders/chatfiles/d820dc75-f1a1-4195-812c-8301870996a9/ HTTP/1.1" 200 278
[INFO] 2025-09-14 20:28:39,693 basehttp "GET /api/orders/chatfiles/d820dc75-f1a1-4195-812c-8301870996a9/ HTTP/1.1" 200 278
[INFO] 2025-09-14 20:28:44,737 basehttp "GET /api/orders/chatfiles/d820dc75-f1a1-4195-812c-8301870996a9/ HTTP/1.1" 200 278
[INFO] 2025-09-14 20:28:49,760 basehttp "GET /api/orders/chatfiles/d820dc75-f1a1-4195-812c-8301870996a9/ HTTP/1.1" 200 278
[INFO] 2025-09-14 20:50:53,078 autoreload /home/sohan/whatsapp-campaign/venv/lib/python3.10/site-packages/requests/hooks.py changed, reloading.
[INFO] 2025-09-14 20:50:54,058 autoreload Watching for file changes with StatReloader
[INFO] 2025-09-14 20:52:10,552 tasks Starting complete processing of chat file: chat-for-demo.txt
[INFO] 2025-09-14 20:52:10,553 tasks Step 1: Basic chat parsing...
[INFO] 2025-09-14 20:52:10,553 tasks Parsed 8 messages
[INFO] 2025-09-14 20:52:10,553 tasks Step 2: AI classification (this may take time due to rate limits)...
[INFO] 2025-09-14 20:52:12,267 _client HTTP Request: POST https://api.groq.com/openai/v1/chat/completions "HTTP/1.1 200 OK"
[INFO] 2025-09-14 20:52:13,910 _client HTTP Request: POST https://api.groq.com/openai/v1/chat/completions "HTTP/1.1 200 OK"
[INFO] 2025-09-14 20:52:15,464 _client HTTP Request: POST https://api.groq.com/openai/v1/chat/completions "HTTP/1.1 200 OK"
[INFO] 2025-09-14 20:52:17,378 _client HTTP Request: POST https://api.groq.com/openai/v1/chat/completions "HTTP/1.1 200 OK"
[INFO] 2025-09-14 20:52:18,978 _client HTTP Request: POST https://api.groq.com/openai/v1/chat/completions "HTTP/1.1 200 OK"
[INFO] 2025-09-14 20:52:20,261 _client HTTP Request: POST https://api.groq.com/openai/v1/chat/completions "HTTP/1.1 429 Too Many Requests"
[INFO] 2025-09-14 20:52:20,262 _base_client Retrying request to /openai/v1/chat/completions in 10.000000 seconds
[INFO] 2025-09-14 20:52:31,285 _client HTTP Request: POST https://api.groq.com/openai/v1/chat/completions "HTTP/1.1 200 OK"
[INFO] 2025-09-14 20:52:32,584 _client HTTP Request: POST https://api.groq.com/openai/v1/chat/completions "HTTP/1.1 429 Too Many Requests"
[INFO] 2025-09-14 20:52:32,585 _base_client Retrying request to /openai/v1/chat/completions in 11.000000 seconds
[INFO] 2025-09-14 21:02:29,518 views Chat file uploaded: chat-for-demo.txt by user campaign_user
[INFO] 2025-09-14 21:02:29,522 basehttp "POST /api/orders/chatfiles/ HTTP/1.1" 201 349
[INFO] 2025-09-14 21:02:29,580 basehttp "POST /api/orders/chatfiles/30ae15f0-9798-414a-a6ad-91970c7187d6/process/ HTTP/1.1" 200 101
[INFO] 2025-09-14 21:02:44,629 basehttp "GET /api/orders/chatfiles/30ae15f0-9798-414a-a6ad-91970c7187d6/ HTTP/1.1" 200 286
[INFO] 2025-09-14 21:02:59,684 basehttp "GET /api/orders/chatfiles/30ae15f0-9798-414a-a6ad-91970c7187d6/ HTTP/1.1" 200 286
[INFO] 2025-09-14 21:03:14,713 basehttp "GET /api/orders/chatfiles/30ae15f0-9798-414a-a6ad-91970c7187d6/ HTTP/1.1" 200 286
[INFO] 2025-09-14 21:03:29,769 basehttp "GET /api/orders/chatfiles/30ae15f0-9798-414a-a6ad-91970c7187d6/ HTTP/1.1" 200 286
[INFO] 2025-09-14 21:03:44,795 basehttp "GET /api/orders/chatfiles/30ae15f0-9798-414a-a6ad-91970c7187d6/ HTTP/1.1" 200 286
[INFO] 2025-09-14 21:03:59,843 basehttp "GET /api/orders/chatfiles/30ae15f0-9798-414a-a6ad-91970c7187d6/ HTTP/1.1" 200 286
[INFO] 2025-09-14 21:04:14,879 basehttp "GET /api/orders/chatfiles/30ae15f0-9798-414a-a6ad-91970c7187d6/ HTTP/1.1" 200 286
[INFO] 2025-09-14 21:04:29,924 basehttp "GET /api/orders/chatfiles/30ae15f0-9798-414a-a6ad-91970c7187d6/ HTTP/1.1" 200 286
[INFO] 2025-09-14 21:04:44,972 basehttp "GET /api/orders/chatfiles/30ae15f0-9798-414a-a6ad-91970c7187d6/ HTTP/1.1" 200 286
[INFO] 2025-09-14 21:05:00,024 basehttp "GET /api/orders/chatfiles/30ae15f0-9798-414a-a6ad-91970c7187d6/ HTTP/1.1" 200 286
[INFO] 2025-09-14 21:05:15,071 basehttp "GET /api/orders/chatfiles/30ae15f0-9798-414a-a6ad-91970c7187d6/ HTTP/1.1" 200 286
[INFO] 2025-09-14 21:05:30,105 basehttp "GET /api/orders/chatfiles/30ae15f0-9798-414a-a6ad-91970c7187d6/ HTTP/1.1" 200 286
[INFO] 2025-09-14 21:05:45,152 basehttp "GET /api/orders/chatfiles/30ae15f0-9798-414a-a6ad-91970c7187d6/ HTTP/1.1" 200 286
[INFO] 2025-09-14 21:06:00,194 basehttp "GET /api/orders/chatfiles/30ae15f0-9798-414a-a6ad-91970c7187d6/ HTTP/1.1" 200 286
[INFO] 2025-09-14 21:06:15,242 basehttp "GET /api/orders/chatfiles/30ae15f0-9798-414a-a6ad-91970c7187d6/ HTTP/1.1" 200 286
[INFO] 2025-09-14 21:06:30,274 basehttp "GET /api/orders/chatfiles/30ae15f0-9798-414a-a6ad-91970c7187d6/ HTTP/1.1" 200 286
[INFO] 2025-09-14 21:06:45,320 basehttp "GET /api/orders/chatfiles/30ae15f0-9798-414a-a6ad-91970c7187d6/ HTTP/1.1" 200 286
[INFO] 2025-09-14 21:07:00,368 basehttp "GET /api/orders/chatfiles/30ae15f0-9798-414a-a6ad-91970c7187d6/ HTTP/1.1" 200 286
[INFO] 2025-09-14 21:07:15,416 basehttp "GET /api/orders/chatfiles/30ae15f0-9798-414a-a6ad-91970c7187d6/ HTTP/1.1" 200 286
[INFO] 2025-09-14 21:07:30,465 basehttp "GET /api/orders/chatfiles/30ae15f0-9798-414a-a6ad-91970c7187d6/ HTTP/1.1" 200 286
[INFO] 2025-09-14 21:07:45,513 basehttp "GET /api/orders/chatfiles/30ae15f0-9798-414a-a6ad-91970c7187d6/ HTTP/1.1" 200 286
[INFO] 2025-09-14 21:08:00,566 basehttp "GET /api/orders/chatfiles/30ae15f0-9798-414a-a6ad-91970c7187d6/ HTTP/1.1" 200 286
[INFO] 2025-09-14 21:08:15,616 basehttp "GET /api/orders/chatfiles/30ae15f0-9798-414a-a6ad-91970c7187d6/ HTTP/1.1" 200 286
[INFO] 2025-09-14 21:08:30,664 basehttp "GET /api/orders/chatfiles/30ae15f0-9798-414a-a6ad-91970c7187d6/ HTTP/1.1" 200 286
[INFO] 2025-09-14 21:08:45,704 basehttp "GET /api/orders/chatfiles/30ae15f0-9798-414a-a6ad-91970c7187d6/ HTTP/1.1" 200 286
[INFO] 2025-09-14 21:09:00,739 basehttp "GET /api/orders/chatfiles/30ae15f0-9798-414a-a6ad-91970c7187d6/ HTTP/1.1" 200 286
[INFO] 2025-09-14 21:09:15,762 basehttp "GET /api/orders/chatfiles/30ae15f0-9798-414a-a6ad-91970c7187d6/ HTTP/1.1" 200 286
[INFO] 2025-09-14 21:09:30,811 basehttp "GET /api/orders/chatfiles/30ae15f0-9798-414a-a6ad-91970c7187d6/ HTTP/1.1" 200 286
[INFO] 2025-09-14 21:09:45,834 basehttp "GET /api/orders/chatfiles/30ae15f0-9798-414a-a6ad-91970c7187d6/ HTTP/1.1" 200 286
[INFO] 2025-09-14 21:10:00,882 basehttp "GET /api/orders/chatfiles/30ae15f0-9798-414a-a6ad-91970c7187d6/ HTTP/1.1" 200 286
[INFO] 2025-09-14 21:10:15,930 basehttp "GET /api/orders/chatfiles/30ae15f0-9798-414a-a6ad-91970c7187d6/ HTTP/1.1" 200 286
[INFO] 2025-09-14 21:10:30,983 basehttp "GET /api/orders/chatfiles/30ae15f0-9798-414a-a6ad-91970c7187d6/ HTTP/1.1" 200 286
[INFO] 2025-09-14 21:10:46,029 basehttp "GET /api/orders/chatfiles/30ae15f0-9798-414a-a6ad-91970c7187d6/ HTTP/1.1" 200 286
[INFO] 2025-09-14 21:11:01,077 basehttp "GET /api/orders/chatfiles/30ae15f0-9798-414a-a6ad-91970c7187d6/ HTTP/1.1" 200 286
[INFO] 2025-09-14 21:11:16,124 basehttp "GET /api/orders/chatfiles/30ae15f0-9798-414a-a6ad-91970c7187d6/ HTTP/1.1" 200 286
[INFO] 2025-09-14 21:11:31,172 basehttp "GET /api/orders/chatfiles/30ae15f0-9798-414a-a6ad-91970c7187d6/ HTTP/1.1" 200 286
[INFO] 2025-09-14 21:11:46,220 basehttp "GET /api/orders/chatfiles/30ae15f0-9798-414a-a6ad-91970c7187d6/ HTTP/1.1" 200 286
[INFO] 2025-09-14 21:12:01,268 basehttp "GET /api/orders/chatfiles/30ae15f0-9798-414a-a6ad-91970c7187d6/ HTTP/1.1" 200 286
[INFO] 2025-09-14 21:12:16,316 basehttp "GET /api/orders/chatfiles/30ae15f0-9798-414a-a6ad-91970c7187d6/ HTTP/1.1" 200 286
[INFO] 2025-09-14 21:12:31,371 basehttp "GET /api/orders/chatfiles/30ae15f0-9798-414a-a6ad-91970c7187d6/ HTTP/1.1" 200 286
[INFO] 2025-09-14 21:12:46,420 basehttp "GET /api/orders/chatfiles/30ae15f0-9798-414a-a6ad-91970c7187d6/ HTTP/1.1" 200 286
[INFO] 2025-09-14 21:13:01,470 basehttp "GET /api/orders/chatfiles/30ae15f0-9798-414a-a6ad-91970c7187d6/ HTTP/1.1" 200 286
[INFO] 2025-09-14 21:13:16,519 basehttp "GET /api/orders/chatfiles/30ae15f0-9798-414a-a6ad-91970c7187d6/ HTTP/1.1" 200 286
[INFO] 2025-09-14 21:13:31,572 basehttp "GET /api/orders/chatfiles/30ae15f0-9798-414a-a6ad-91970c7187d6/ HTTP/1.1" 200 286
[INFO] 2025-09-14 21:13:46,621 basehttp "GET /api/orders/chatfiles/30ae15f0-9798-414a-a6ad-91970c7187d6/ HTTP/1.1" 200 286
[INFO] 2025-09-14 21:14:01,659 basehttp "GET /api/orders/chatfiles/30ae15f0-9798-414a-a6ad-91970c7187d6/ HTTP/1.1" 200 286
[INFO] 2025-09-14 21:14:16,708 basehttp "GET /api/orders/chatfiles/30ae15f0-9798-414a-a6ad-91970c7187d6/ HTTP/1.1" 200 286
[INFO] 2025-09-14 21:14:31,746 basehttp "GET /api/orders/chatfiles/30ae15f0-9798-414a-a6ad-91970c7187d6/ HTTP/1.1" 200 286
[INFO] 2025-09-14 21:14:46,791 basehttp "GET /api/orders/chatfiles/30ae15f0-9798-414a-a6ad-91970c7187d6/ HTTP/1.1" 200 286
[INFO] 2025-09-14 21:15:01,827 basehttp "GET /api/orders/chatfiles/30ae15f0-9798-414a-a6ad-91970c7187d6/ HTTP/1.1" 200 286
[INFO] 2025-09-14 21:15:16,879 basehttp "GET /api/orders/chatfiles/30ae15f0-9798-414a-a6ad-91970c7187d6/ HTTP/1.1" 200 286
[INFO] 2025-09-14 21:15:31,929 basehttp "GET /api/orders/chatfiles/30ae15f0-9798-414a-a6ad-91970c7187d6/ HTTP/1.1" 200 286
[INFO] 2025-09-14 21:15:46,980 basehttp "GET /api/orders/chatfiles/30ae15f0-9798-414a-a6ad-91970c7187d6/ HTTP/1.1" 200 286
[INFO] 2025-09-14 21:16:02,031 basehttp "GET /api/orders/chatfiles/30ae15f0-9798-414a-a6ad-91970c7187d6/ HTTP/1.1" 200 286
[INFO] 2025-09-14 21:16:17,084 basehttp "GET /api/orders/chatfiles/30ae15f0-9798-414a-a6ad-91970c7187d6/ HTTP/1.1" 200 286
[INFO] 2025-09-14 21:16:32,138 basehttp "GET /api/orders/chatfiles/30ae15f0-9798-414a-a6ad-91970c7187d6/ HTTP/1.1" 200 286
[INFO] 2025-09-14 21:16:47,179 basehttp "GET /api/orders/chatfiles/30ae15f0-9798-414a-a6ad-91970c7187d6/ HTTP/1.1" 200 286
[INFO] 2025-09-14 21:17:02,229 basehttp "GET /api/orders/chatfiles/30ae15f0-9798-414a-a6ad-91970c7187d6/ HTTP/1.1" 200 286
[INFO] 2025-09-14 21:17:17,271 basehttp "GET /api/orders/chatfiles/30ae15f0-9798-414a-a6ad-91970c7187d6/ HTTP/1.1" 200 286
[INFO] 2025-09-14 21:17:32,307 basehttp "GET /api/orders/chatfiles/30ae15f0-9798-414a-a6ad-91970c7187d6/ HTTP/1.1" 200 286
[INFO] 2025-09-14 21:24:36,848 tasks Starting complete processing of chat file: chat-for-demo.txt
[INFO] 2025-09-14 21:24:36,849 tasks Step 1: Basic chat parsing...
[INFO] 2025-09-14 21:24:36,850 tasks Parsed 8 messages
[INFO] 2025-09-14 21:24:36,850 tasks Step 2: AI classification (this may take time due to rate limits)...
[INFO] 2025-09-14 21:24:38,551 _client HTTP Request: POST https://api.groq.com/openai/v1/chat/completions "HTTP/1.1 200 OK"
[INFO] 2025-09-14 21:24:40,207 _client HTTP Request: POST https://api.groq.com/openai/v1/chat/completions "HTTP/1.1 200 OK"
[INFO] 2025-09-14 21:24:41,692 _client HTTP Request: POST https://api.groq.com/openai/v1/chat/completions "HTTP/1.1 200 OK"
[INFO] 2025-09-14 21:24:43,209 _client HTTP Request: POST https://api.groq.com/openai/v1/chat/completions "HTTP/1.1 200 OK"
[INFO] 2025-09-14 21:24:44,878 _client HTTP Request: POST https://api.groq.com/openai/v1/chat/completions "HTTP/1.1 200 OK"
[INFO] 2025-09-14 21:24:46,168 _client HTTP Request: POST https://api.groq.com/openai/v1/chat/completions "HTTP/1.1 429 Too Many Requests"
[INFO] 2025-09-14 21:24:46,169 _base_client Retrying request to /openai/v1/chat/completions in 10.000000 seconds
[INFO] 2025-09-14 21:24:56,634 _client HTTP Request: POST https://api.groq.com/openai/v1/chat/completions "HTTP/1.1 200 OK"
[INFO] 2025-09-14 21:24:57,927 _client HTTP Request: POST https://api.groq.com/openai/v1/chat/completions "HTTP/1.1 429 Too Many Requests"
[INFO] 2025-09-14 21:24:57,928 _base_client Retrying request to /openai/v1/chat/completions in 11.000000 seconds
[INFO] 2025-09-14 21:25:09,380 _client HTTP Request: POST https://api.groq.com/openai/v1/chat/completions "HTTP/1.1 200 OK"
[INFO] 2025-09-14 21:25:10,667 _client HTTP Request: POST https://api.groq.com/openai/v1/chat/completions "HTTP/1.1 429 Too Many Requests"
[INFO] 2025-09-14 21:25:10,667 _base_client Retrying request to /openai/v1/chat/completions in 12.000000 seconds
[INFO] 2025-09-14 21:25:23,158 _client HTTP Request: POST https://api.groq.com/openai/v1/chat/completions "HTTP/1.1 200 OK"
[INFO] 2025-09-14 21:25:23,162 tasks AI classification completed. Found 6 orders
[INFO] 2025-09-14 21:25:23,915 tasks Complete processing successful: chat-for-demo_processed.xlsx
[INFO] 2025-09-14 21:25:23,916 tasks Final stats: 8 messages, 6 orders
[INFO] 2025-09-14 21:33:29,241 autoreload /home/sohan/whatsapp-campaign/orders/tasks.py changed, reloading.
[INFO] 2025-09-14 21:33:30,274 autoreload Watching for file changes with StatReloader
[INFO] 2025-09-14 21:34:34,438 _client HTTP Request: POST https://api.groq.com/openai/v1/chat/completions "HTTP/1.1 200 OK"
[INFO] 2025-09-14 21:35:21,659 tasks Starting complete processing of chat file: chat-for-demo.txt
[INFO] 2025-09-14 21:35:21,660 tasks Step 1: Basic chat parsing...
[INFO] 2025-09-14 21:35:21,661 tasks Parsed 8 messages
[INFO] 2025-09-14 21:35:21,661 tasks Step 2: AI classification (this may take time due to rate limits)...
[INFO] 2025-09-14 21:35:23,385 _client HTTP Request: POST https://api.groq.com/openai/v1/chat/completions "HTTP/1.1 200 OK"
[INFO] 2025-09-14 21:35:24,920 _client HTTP Request: POST https://api.groq.com/openai/v1/chat/completions "HTTP/1.1 200 OK"
[INFO] 2025-09-14 21:35:26,387 _client HTTP Request: POST https://api.groq.com/openai/v1/chat/completions "HTTP/1.1 200 OK"
[INFO] 2025-09-14 21:35:27,900 _client HTTP Request: POST https://api.groq.com/openai/v1/chat/completions "HTTP/1.1 200 OK"
[INFO] 2025-09-14 21:35:29,421 _client HTTP Request: POST https://api.groq.com/openai/v1/chat/completions "HTTP/1.1 200 OK"
[INFO] 2025-09-14 21:35:30,711 _client HTTP Request: POST https://api.groq.com/openai/v1/chat/completions "HTTP/1.1 429 Too Many Requests"
[INFO] 2025-09-14 21:35:30,712 _base_client Retrying request to /openai/v1/chat/completions in 10.000000 seconds
[INFO] 2025-09-14 21:35:41,191 _client HTTP Request: POST https://api.groq.com/openai/v1/chat/completions "HTTP/1.1 200 OK"
[INFO] 2025-09-14 21:35:42,526 _client HTTP Request: POST https://api.groq.com/openai/v1/chat/completions "HTTP/1.1 429 Too Many Requests"
[INFO] 2025-09-14 21:35:42,528 _base_client Retrying request to /openai/v1/chat/completions in 12.000000 seconds
[INFO] 2025-09-14 21:35:55,013 _client HTTP Request: POST https://api.groq.com/openai/v1/chat/completions "HTTP/1.1 200 OK"
[INFO] 2025-09-14 21:35:56,285 _client HTTP Request: POST https://api.groq.com/openai/v1/chat/completions "HTTP/1.1 429 Too Many Requests"
[INFO] 2025-09-14 21:35:56,285 _base_client Retrying request to /openai/v1/chat/completions in 11.000000 seconds
[INFO] 2025-09-14 21:36:07,739 _client HTTP Request: POST https://api.groq.com/openai/v1/chat/completions "HTTP/1.1 200 OK"
[INFO] 2025-09-14 21:36:07,741 tasks AI classification completed. Found 6 orders
[ERROR] 2025-09-14 21:36:07,967 tasks Error in complete processing 30ae15f0-9798-414a-a6ad-91970c7187d6: (1062, "Duplicate entry '30ae15f09798414aa6ad91970c7187d6' for key 'parsed_chat_files.chatfile_id'")
[INFO] 2025-09-14 21:36:08,101 tasks Retrying complete processing in 180 seconds (attempt 1)
[INFO] 2025-09-14 21:38:04,030 views User logged in: campaign_user
[INFO] 2025-09-14 21:38:04,114 basehttp "POST /api/auth/login/ HTTP/1.1" 200 308
[INFO] 2025-09-14 21:38:04,196 basehttp "GET /api/orders/stats/ HTTP/1.1" 200 159
[INFO] 2025-09-14 21:38:21,093 views Chat file uploaded: chat-for-demo.txt by user campaign_user
[INFO] 2025-09-14 21:38:21,094 basehttp "POST /api/orders/chatfiles/ HTTP/1.1" 201 349
[INFO] 2025-09-14 21:38:21,138 basehttp "POST /api/orders/chatfiles/e23d19e6-ef6f-4ad2-afc5-b80b6b47174f/process/ HTTP/1.1" 200 101
[INFO] 2025-09-14 21:38:21,960 tasks Starting complete processing of chat file: chat-for-demo.txt
[INFO] 2025-09-14 21:38:21,961 tasks Step 1: Basic chat parsing...
[INFO] 2025-09-14 21:38:21,962 tasks Parsed 8 messages
[INFO] 2025-09-14 21:38:21,962 tasks Step 2: AI classification (this may take time due to rate limits)...
[INFO] 2025-09-14 21:38:36,187 basehttp "GET /api/orders/chatfiles/e23d19e6-ef6f-4ad2-afc5-b80b6b47174f/ HTTP/1.1" 200 286
[INFO] 2025-09-14 21:38:51,239 basehttp "GET /api/orders/chatfiles/e23d19e6-ef6f-4ad2-afc5-b80b6b47174f/ HTTP/1.1" 200 286
[INFO] 2025-09-14 21:39:06,287 basehttp "GET /api/orders/chatfiles/e23d19e6-ef6f-4ad2-afc5-b80b6b47174f/ HTTP/1.1" 200 286
[INFO] 2025-09-14 21:39:08,699 tasks AI classification completed. Found 6 orders
[INFO] 2025-09-14 21:39:09,047 tasks Complete processing successful: chat-for-demo_processed.xlsx
[INFO] 2025-09-14 21:39:09,047 tasks Final stats: 8 messages, 6 orders
[INFO] 2025-09-14 21:39:21,339 basehttp "GET /api/orders/chatfiles/e23d19e6-ef6f-4ad2-afc5-b80b6b47174f/ HTTP/1.1" 200 310
[INFO] 2025-09-14 21:39:21,375 basehttp "GET /api/orders/processed-files/ HTTP/1.1" 200 300
[INFO] 2025-09-14 21:39:49,439 basehttp "GET /api/orders/processed-files/ HTTP/1.1" 200 300
[INFO] 2025-09-14 21:40:14,904 basehttp "GET /api/orders/processed-files/ HTTP/1.1" 200 300
[ERROR] 2025-09-14 21:40:14,919 views Error downloading processed file: File not found
[WARNING] 2025-09-14 21:40:14,919 log Not Found: /api/orders/processed-files/64fe2ae5-b53a-44c3-9d77-76d8be554e5b/download/
[WARNING] 2025-09-14 21:40:14,920 basehttp "GET /api/orders/processed-files/64fe2ae5-b53a-44c3-9d77-76d8be554e5b/download/ HTTP/1.1" 404 23
[INFO] 2025-09-14 21:40:22,573 basehttp "GET /api/orders/processed-files/ HTTP/1.1" 200 300
[INFO] 2025-09-14 21:40:29,143 basehttp "GET /api/orders/processed-files/ HTTP/1.1" 200 300
[ERROR] 2025-09-14 21:40:29,163 views Error downloading processed file: File not found
[WARNING] 2025-09-14 21:40:29,164 log Not Found: /api/orders/processed-files/64fe2ae5-b53a-44c3-9d77-76d8be554e5b/download/
[WARNING] 2025-09-14 21:40:29,165 basehttp "GET /api/orders/processed-files/64fe2ae5-b53a-44c3-9d77-76d8be554e5b/download/ HTTP/1.1" 404 23
[INFO] 2025-09-14 21:40:38,408 basehttp "GET /api/orders/processed-files/ HTTP/1.1" 200 300
[ERROR] 2025-09-14 21:40:38,426 views Error downloading processed file: File not found
[WARNING] 2025-09-14 21:40:38,427 log Not Found: /api/orders/processed-files/64fe2ae5-b53a-44c3-9d77-76d8be554e5b/download/
[WARNING] 2025-09-14 21:40:38,427 basehttp "GET /api/orders/processed-files/64fe2ae5-b53a-44c3-9d77-76d8be554e5b/download/ HTTP/1.1" 404 23
[INFO] 2025-09-14 21:40:47,464 basehttp "GET /api/orders/processed-files/ HTTP/1.1" 200 300
[ERROR] 2025-09-14 21:40:47,487 views Error downloading processed file: File not found
[WARNING] 2025-09-14 21:40:47,488 log Not Found: /api/orders/processed-files/64fe2ae5-b53a-44c3-9d77-76d8be554e5b/download/
[WARNING] 2025-09-14 21:40:47,489 basehttp "GET /api/orders/processed-files/64fe2ae5-b53a-44c3-9d77-76d8be554e5b/download/ HTTP/1.1" 404 23
[INFO] 2025-09-14 21:41:19,518 basehttp "GET /api/orders/processed-files/ HTTP/1.1" 200 300
[INFO] 2025-09-14 21:52:14,218 autoreload /home/sohan/whatsapp-campaign/orders/views.py changed, reloading.
[INFO] 2025-09-14 21:52:15,656 autoreload Watching for file changes with StatReloader
[INFO] 2025-09-14 21:52:32,460 autoreload /home/sohan/whatsapp-campaign/whatsapp_campaign/urls.py changed, reloading.
[INFO] 2025-09-14 21:52:33,663 autoreload Watching for file changes with StatReloader
[INFO] 2025-09-14 21:53:10,220 autoreload /home/sohan/whatsapp-campaign/orders/views.py changed, reloading.
[INFO] 2025-09-14 21:53:11,544 autoreload Watching for file changes with StatReloader
[WARNING] 2025-09-14 21:53:37,676 log Unauthorized: /api/orders/processed-files/64fe2ae5-b53a-44c3-9d77-76d8be554e5b/download/
[WARNING] 2025-09-14 21:53:37,677 basehttp "GET /api/orders/processed-files/64fe2ae5-b53a-44c3-9d77-76d8be554e5b/download/ HTTP/1.1" 401 58
[INFO] 2025-09-14 21:54:07,380 autoreload Watching for file changes with StatReloader
[INFO] 2025-09-14 21:54:13,400 basehttp "GET /api/orders/processed-files/ HTTP/1.1" 200 300
[INFO] 2025-09-14 21:54:13,519 views Downloaded processed file: chat-for-demo_processed.xlsx by user campaign_user
[INFO] 2025-09-14 21:54:13,519 basehttp "GET /api/orders/processed-files/64fe2ae5-b53a-44c3-9d77-76d8be554e5b/download/ HTTP/1.1" 200 5479
[INFO] 2025-09-14 21:54:18,327 basehttp "GET /api/orders/processed-files/ HTTP/1.1" 200 325
[INFO] 2025-09-14 21:55:53,428 basehttp "GET /api/orders/processed-files/ HTTP/1.1" 200 325
[INFO] 2025-09-14 22:04:25,024 basehttp "GET /api/orders/orders/ HTTP/1.1" 200 52
[INFO] 2025-09-14 22:04:26,637 basehttp "GET /api/orders/validated-files/ HTTP/1.1" 200 52
[INFO] 2025-09-14 22:04:30,615 basehttp "GET /api/orders/processed-files/ HTTP/1.1" 200 325
[INFO] 2025-09-14 22:08:33,429 basehttp "GET /api/orders/processed-files/ HTTP/1.1" 200 325
[INFO] 2025-09-14 22:08:46,024 basehttp "GET /api/orders/processed-files/ HTTP/1.1" 200 325
[INFO] 2025-09-14 22:08:55,674 basehttp "GET /api/orders/processed-files/ HTTP/1.1" 200 325
[INFO] 2025-09-14 22:08:55,794 views Validated file uploaded: chat-for-demo_processed_validated.xlsx by user campaign_user
[INFO] 2025-09-14 22:08:55,796 basehttp "POST /api/orders/validated-files/ HTTP/1.1" 201 600
[INFO] 2025-09-14 22:08:55,854 basehttp "GET /api/orders/processed-files/ HTTP/1.1" 200 325
[INFO] 2025-09-14 22:09:01,902 basehttp "GET /api/orders/processed-files/ HTTP/1.1" 200 325
[INFO] 2025-09-14 22:09:02,061 views Validated file uploaded: chat-for-demo_processed_validated.xlsx by user campaign_user
[INFO] 2025-09-14 22:09:02,062 basehttp "POST /api/orders/validated-files/ HTTP/1.1" 201 608
[INFO] 2025-09-14 22:09:02,125 basehttp "GET /api/orders/processed-files/ HTTP/1.1" 200 325
[INFO] 2025-09-14 22:09:13,913 basehttp "GET /api/orders/processed-files/ HTTP/1.1" 200 325
[INFO] 2025-09-14 22:09:21,222 basehttp "GET /api/orders/validated-files/ HTTP/1.1" 200 457
[INFO] 2025-09-14 22:09:32,740 basehttp "GET /api/orders/validated-files/ HTTP/1.1" 200 457
[INFO] 2025-09-14 22:12:33,716 autoreload /home/sohan/whatsapp-campaign/orders/models.py changed, reloading.
[INFO] 2025-09-14 22:12:34,738 autoreload Watching for file changes with StatReloader
[INFO] 2025-09-14 22:12:42,344 autoreload /home/sohan/whatsapp-campaign/orders/models.py changed, reloading.
[INFO] 2025-09-14 22:12:43,602 autoreload Watching for file changes with StatReloader
[INFO] 2025-09-14 22:12:47,965 autoreload /home/sohan/whatsapp-campaign/orders/models.py changed, reloading.
[INFO] 2025-09-14 22:12:49,096 autoreload Watching for file changes with StatReloader
[INFO] 2025-09-14 22:12:53,504 autoreload /home/sohan/whatsapp-campaign/orders/models.py changed, reloading.
[INFO] 2025-09-14 22:12:54,894 autoreload Watching for file changes with StatReloader
[INFO] 2025-09-14 22:14:09,180 autoreload Watching for file changes with StatReloader
[WARNING] 2025-09-14 22:14:39,543 log Unauthorized: /api/orders/validated-files/
[WARNING] 2025-09-14 22:14:39,543 basehttp "POST /api/orders/validated-files/ HTTP/1.1" 401 58
[INFO] 2025-09-14 22:16:55,010 autoreload Watching for file changes with StatReloader
[INFO] 2025-09-14 22:17:04,669 basehttp "GET /api/orders/processed-files/ HTTP/1.1" 200 325
[INFO] 2025-09-14 22:17:09,194 basehttp "GET /api/orders/processed-files/ HTTP/1.1" 200 325
[INFO] 2025-09-14 22:17:25,589 basehttp "GET /api/orders/processed-files/ HTTP/1.1" 200 325
[INFO] 2025-09-14 22:17:27,222 basehttp "GET /api/orders/processed-files/ HTTP/1.1" 200 325
[INFO] 2025-09-14 22:17:27,346 views Validated file uploaded: chat-for-demo_processed_validated.xlsx by user campaign_user
[INFO] 2025-09-14 22:17:27,347 basehttp "POST /api/orders/validated-files/ HTTP/1.1" 201 445
[INFO] 2025-09-14 22:17:27,406 basehttp "GET /api/orders/processed-files/ HTTP/1.1" 200 325
[INFO] 2025-09-14 22:17:31,161 basehttp "GET /api/orders/processed-files/ HTTP/1.1" 200 325
[INFO] 2025-09-14 22:17:32,318 basehttp "GET /api/orders/processed-files/ HTTP/1.1" 200 325
[INFO] 2025-09-14 22:17:32,439 views Validated file uploaded: chat-for-demo_processed_validated.xlsx by user campaign_user
[INFO] 2025-09-14 22:17:32,440 basehttp "POST /api/orders/validated-files/ HTTP/1.1" 201 615
[INFO] 2025-09-14 22:17:32,502 basehttp "GET /api/orders/processed-files/ HTTP/1.1" 200 325
[INFO] 2025-09-14 22:17:42,396 basehttp "GET /api/orders/validated-files/ HTTP/1.1" 200 863
[INFO] 2025-09-14 22:17:47,565 basehttp "GET /api/orders/validated-files/ HTTP/1.1" 200 863
[INFO] 2025-09-14 22:18:01,962 basehttp "GET /api/orders/validated-files/ HTTP/1.1" 200 863
[INFO] 2025-09-14 22:18:09,180 basehttp "GET /api/orders/validated-files/ HTTP/1.1" 200 863
[INFO] 2025-09-14 22:18:44,527 basehttp "GET /api/orders/validated-files/ HTTP/1.1" 200 863
[INFO] 2025-09-15 03:47:01,783 autoreload /home/sohan/whatsapp-campaign/orders/models.py changed, reloading.
[INFO] 2025-09-15 03:47:03,042 autoreload Watching for file changes with StatReloader
[INFO] 2025-09-15 03:47:27,023 autoreload /home/sohan/whatsapp-campaign/orders/models.py changed, reloading.
[INFO] 2025-09-15 03:47:28,459 autoreload Watching for file changes with StatReloader
[INFO] 2025-09-15 04:28:14,920 autoreload /home/sohan/whatsapp-campaign/orders/models.py changed, reloading.
[INFO] 2025-09-15 04:28:16,177 autoreload Watching for file changes with StatReloader
[INFO] 2025-09-15 04:39:12,028 autoreload /home/sohan/whatsapp-campaign/orders/models.py changed, reloading.
[INFO] 2025-09-15 04:39:13,530 autoreload Watching for file changes with StatReloader
[INFO] 2025-09-15 04:41:57,965 autoreload /home/sohan/whatsapp-campaign/orders/views.py changed, reloading.
[INFO] 2025-09-15 04:41:59,472 autoreload Watching for file changes with StatReloader
[INFO] 2025-09-15 05:20:08,088 autoreload /home/sohan/whatsapp-campaign/orders/views.py changed, reloading.
[INFO] 2025-09-15 05:20:09,387 autoreload Watching for file changes with StatReloader
[INFO] 2025-09-15 05:21:24,433 autoreload /home/sohan/whatsapp-campaign/orders/views.py changed, reloading.
[INFO] 2025-09-15 05:21:25,934 autoreload Watching for file changes with StatReloader
[INFO] 2025-09-15 05:21:46,471 autoreload /home/sohan/whatsapp-campaign/orders/urls.py changed, reloading.
[INFO] 2025-09-15 05:21:47,910 autoreload Watching for file changes with StatReloader
[INFO] 2025-09-15 05:21:56,911 autoreload /home/sohan/whatsapp-campaign/orders/urls.py changed, reloading.
[INFO] 2025-09-15 05:21:58,107 autoreload Watching for file changes with StatReloader
[INFO] 2025-09-15 05:23:10,730 basehttp "GET /api/orders/validated-files/ HTTP/1.1" 200 863
[INFO] 2025-09-15 05:26:21,374 basehttp "GET /api/orders/validated-files/ HTTP/1.1" 200 863
[INFO] 2025-09-15 05:31:03,391 utils Starting sync extraction from test_orders.csv
[INFO] 2025-09-15 05:31:03,394 utils Read 3 rows from test_orders.csv
[ERROR] 2025-09-15 05:31:03,398 utils Error processing row 1: ['“150+200=350” value must be a decimal number.']
[ERROR] 2025-09-15 05:31:03,401 utils Error processing row 2: ['“450=450” value must be a decimal number.']
[ERROR] 2025-09-15 05:31:03,405 utils Error processing row 3: ['“100+200=300” value must be a decimal number.']
[INFO] 2025-09-15 05:31:03,406 utils Successfully created 0 orders from test_orders.csv
[INFO] 2025-09-15 05:31:47,524 autoreload /home/sohan/whatsapp-campaign/orders/models.py changed, reloading.
[INFO] 2025-09-15 05:31:49,152 autoreload Watching for file changes with StatReloader
[INFO] 2025-09-15 05:32:51,677 utils Starting sync extraction from test_orders.csv
[INFO] 2025-09-15 05:32:51,682 utils Read 3 rows from test_orders.csv
[ERROR] 2025-09-15 05:32:51,728 utils Error processing row 1: (1062, "Duplicate entry '' for key 'orders.payment_reference_id'")
[ERROR] 2025-09-15 05:32:51,762 utils Error processing row 2: (1062, "Duplicate entry '' for key 'orders.payment_reference_id'")
[ERROR] 2025-09-15 05:32:51,829 utils Error processing row 3: (1062, "Duplicate entry '' for key 'orders.payment_reference_id'")
[INFO] 2025-09-15 05:32:51,829 utils Successfully created 0 orders from test_orders.csv
[ERROR] 2025-09-15 05:34:24,891 exception Invalid HTTP_HOST header: 'ff0cb040aff1.ngrok-free.app'. You may need to add 'ff0cb040aff1.ngrok-free.app' to ALLOWED_HOSTS.
Traceback (most recent call last):
  File "/home/sohan/whatsapp-campaign/venv/lib/python3.10/site-packages/django/core/handlers/exception.py", line 55, in inner
    response = get_response(request)
  File "/home/sohan/whatsapp-campaign/venv/lib/python3.10/site-packages/django/utils/deprecation.py", line 133, in __call__
    response = self.process_request(request)
  File "/home/sohan/whatsapp-campaign/venv/lib/python3.10/site-packages/django/middleware/common.py", line 48, in process_request
    host = request.get_host()
  File "/home/sohan/whatsapp-campaign/venv/lib/python3.10/site-packages/django/http/request.py", line 150, in get_host
    raise DisallowedHost(msg)
django.core.exceptions.DisallowedHost: Invalid HTTP_HOST header: 'ff0cb040aff1.ngrok-free.app'. You may need to add 'ff0cb040aff1.ngrok-free.app' to ALLOWED_HOSTS.
[WARNING] 2025-09-15 05:34:24,921 log Bad Request: /api/webhook/whatsapp/
[WARNING] 2025-09-15 05:34:24,922 basehttp "POST /api/webhook/whatsapp/ HTTP/1.1" 400 75547
[ERROR] 2025-09-15 05:34:26,305 exception Invalid HTTP_HOST header: 'ff0cb040aff1.ngrok-free.app'. You may need to add 'ff0cb040aff1.ngrok-free.app' to ALLOWED_HOSTS.
Traceback (most recent call last):
  File "/home/sohan/whatsapp-campaign/venv/lib/python3.10/site-packages/django/core/handlers/exception.py", line 55, in inner
    response = get_response(request)
  File "/home/sohan/whatsapp-campaign/venv/lib/python3.10/site-packages/django/utils/deprecation.py", line 133, in __call__
    response = self.process_request(request)
  File "/home/sohan/whatsapp-campaign/venv/lib/python3.10/site-packages/django/middleware/common.py", line 48, in process_request
    host = request.get_host()
  File "/home/sohan/whatsapp-campaign/venv/lib/python3.10/site-packages/django/http/request.py", line 150, in get_host
    raise DisallowedHost(msg)
django.core.exceptions.DisallowedHost: Invalid HTTP_HOST header: 'ff0cb040aff1.ngrok-free.app'. You may need to add 'ff0cb040aff1.ngrok-free.app' to ALLOWED_HOSTS.
[WARNING] 2025-09-15 05:34:26,364 log Bad Request: /api/webhook/whatsapp/
[WARNING] 2025-09-15 05:34:26,364 basehttp "POST /api/webhook/whatsapp/ HTTP/1.1" 400 75542
[ERROR] 2025-09-15 05:34:27,451 exception Invalid HTTP_HOST header: 'ff0cb040aff1.ngrok-free.app'. You may need to add 'ff0cb040aff1.ngrok-free.app' to ALLOWED_HOSTS.
Traceback (most recent call last):
  File "/home/sohan/whatsapp-campaign/venv/lib/python3.10/site-packages/django/core/handlers/exception.py", line 55, in inner
    response = get_response(request)
  File "/home/sohan/whatsapp-campaign/venv/lib/python3.10/site-packages/django/utils/deprecation.py", line 133, in __call__
    response = self.process_request(request)
  File "/home/sohan/whatsapp-campaign/venv/lib/python3.10/site-packages/django/middleware/common.py", line 48, in process_request
    host = request.get_host()
  File "/home/sohan/whatsapp-campaign/venv/lib/python3.10/site-packages/django/http/request.py", line 150, in get_host
    raise DisallowedHost(msg)
django.core.exceptions.DisallowedHost: Invalid HTTP_HOST header: 'ff0cb040aff1.ngrok-free.app'. You may need to add 'ff0cb040aff1.ngrok-free.app' to ALLOWED_HOSTS.
[WARNING] 2025-09-15 05:34:27,499 log Bad Request: /api/webhook/whatsapp/
[WARNING] 2025-09-15 05:34:27,499 basehttp "POST /api/webhook/whatsapp/ HTTP/1.1" 400 75544
[ERROR] 2025-09-15 05:34:28,918 exception Invalid HTTP_HOST header: 'ff0cb040aff1.ngrok-free.app'. You may need to add 'ff0cb040aff1.ngrok-free.app' to ALLOWED_HOSTS.
Traceback (most recent call last):
  File "/home/sohan/whatsapp-campaign/venv/lib/python3.10/site-packages/django/core/handlers/exception.py", line 55, in inner
    response = get_response(request)
  File "/home/sohan/whatsapp-campaign/venv/lib/python3.10/site-packages/django/utils/deprecation.py", line 133, in __call__
    response = self.process_request(request)
  File "/home/sohan/whatsapp-campaign/venv/lib/python3.10/site-packages/django/middleware/common.py", line 48, in process_request
    host = request.get_host()
  File "/home/sohan/whatsapp-campaign/venv/lib/python3.10/site-packages/django/http/request.py", line 150, in get_host
    raise DisallowedHost(msg)
django.core.exceptions.DisallowedHost: Invalid HTTP_HOST header: 'ff0cb040aff1.ngrok-free.app'. You may need to add 'ff0cb040aff1.ngrok-free.app' to ALLOWED_HOSTS.
[WARNING] 2025-09-15 05:34:28,950 log Bad Request: /api/webhook/whatsapp/
[WARNING] 2025-09-15 05:34:28,951 basehttp "POST /api/webhook/whatsapp/ HTTP/1.1" 400 75540
[ERROR] 2025-09-15 05:34:43,752 exception Invalid HTTP_HOST header: 'ff0cb040aff1.ngrok-free.app'. You may need to add 'ff0cb040aff1.ngrok-free.app' to ALLOWED_HOSTS.
Traceback (most recent call last):
  File "/home/sohan/whatsapp-campaign/venv/lib/python3.10/site-packages/django/core/handlers/exception.py", line 55, in inner
    response = get_response(request)
  File "/home/sohan/whatsapp-campaign/venv/lib/python3.10/site-packages/django/utils/deprecation.py", line 133, in __call__
    response = self.process_request(request)
  File "/home/sohan/whatsapp-campaign/venv/lib/python3.10/site-packages/django/middleware/common.py", line 48, in process_request
    host = request.get_host()
  File "/home/sohan/whatsapp-campaign/venv/lib/python3.10/site-packages/django/http/request.py", line 150, in get_host
    raise DisallowedHost(msg)
django.core.exceptions.DisallowedHost: Invalid HTTP_HOST header: 'ff0cb040aff1.ngrok-free.app'. You may need to add 'ff0cb040aff1.ngrok-free.app' to ALLOWED_HOSTS.
[WARNING] 2025-09-15 05:34:43,794 log Bad Request: /api/webhook/whatsapp/
[WARNING] 2025-09-15 05:34:43,794 basehttp "POST /api/webhook/whatsapp/ HTTP/1.1" 400 75542
[INFO] 2025-09-15 05:35:12,077 autoreload Watching for file changes with StatReloader
[INFO] 2025-09-15 05:35:29,532 webhook_handler Received webhook: {
  "object": "whatsapp_business_account",
  "entry": [
    {
      "id": "114374441730441",
      "changes": [
        {
          "value": {
            "messaging_product": "whatsapp",
            "metadata": {
              "display_phone_number": "917996002222",
              "phone_number_id": "114392571729051"
            },
            "statuses": [
              {
                "id": "wamid.HBgMOTE3NzAyODI4ODExFQIAERgSQTc0QzBFNTA2QjhFQzgyMENFAA==",
                "status": "delivered",
                "timestamp": "1757914527",
                "recipient_id": "917702828811",
                "conversation": {
                  "id": "14be13a99a0292909296efd637231c25",
                  "origin": {
                    "type": "marketing"
                  }
                },
                "pricing": {
                  "billable": true,
                  "pricing_model": "PMP",
                  "category": "marketing",
                  "type": "regular"
                }
              }
            ]
          },
          "field": "messages"
        }
      ]
    }
  ]
}
[INFO] 2025-09-15 05:35:29,593 basehttp "POST /api/webhook/whatsapp/ HTTP/1.1" 200 22
[INFO] 2025-09-15 05:35:29,677 webhook_processor Processing status update: wamid.HBgMOTE3NzAyODI4ODExFQIAERgSQTc0QzBFNTA2QjhFQzgyMENFAA== -> delivered
[INFO] 2025-09-15 05:35:29,683 webhook_processor Message wamid.HBgMOTE3NzAyODI4ODExFQIAERgSQTc0QzBFNTA2QjhFQzgyMENFAA== not found in campaigns, trying orders
[INFO] 2025-09-15 05:35:29,684 webhook_processor Processing order status update: wamid.HBgMOTE3NzAyODI4ODExFQIAERgSQTc0QzBFNTA2QjhFQzgyMENFAA== -> delivered
[WARNING] 2025-09-15 05:35:29,689 webhook_processor Order not found for message ID: wamid.HBgMOTE3NzAyODI4ODExFQIAERgSQTc0QzBFNTA2QjhFQzgyMENFAA==
[INFO] 2025-09-15 05:35:34,553 webhook_handler Received webhook: {
  "object": "whatsapp_business_account",
  "entry": [
    {
      "id": "114374441730441",
      "changes": [
        {
          "value": {
            "messaging_product": "whatsapp",
            "metadata": {
              "display_phone_number": "917996002222",
              "phone_number_id": "114392571729051"
            },
            "statuses": [
              {
                "id": "wamid.HBgMOTE3NzAyODI4ODExFQIAERgSQTc0QzBFNTA2QjhFQzgyMENFAA==",
                "status": "read",
                "timestamp": "1757914532",
                "recipient_id": "917702828811"
              }
            ]
          },
          "field": "messages"
        }
      ]
    }
  ]
}
[INFO] 2025-09-15 05:35:34,579 basehttp "POST /api/webhook/whatsapp/ HTTP/1.1" 200 22
[INFO] 2025-09-15 05:35:34,731 webhook_processor Processing status update: wamid.HBgMOTE3NzAyODI4ODExFQIAERgSQTc0QzBFNTA2QjhFQzgyMENFAA== -> read
[INFO] 2025-09-15 05:35:34,734 webhook_processor Message wamid.HBgMOTE3NzAyODI4ODExFQIAERgSQTc0QzBFNTA2QjhFQzgyMENFAA== not found in campaigns, trying orders
[INFO] 2025-09-15 05:35:34,735 webhook_processor Processing order status update: wamid.HBgMOTE3NzAyODI4ODExFQIAERgSQTc0QzBFNTA2QjhFQzgyMENFAA== -> read
[WARNING] 2025-09-15 05:35:34,737 webhook_processor Order not found for message ID: wamid.HBgMOTE3NzAyODI4ODExFQIAERgSQTc0QzBFNTA2QjhFQzgyMENFAA==
[INFO] 2025-09-15 05:36:20,063 webhook_handler Received webhook: {
  "object": "whatsapp_business_account",
  "entry": [
    {
      "id": "114374441730441",
      "changes": [
        {
          "value": {
            "messaging_product": "whatsapp",
            "metadata": {
              "display_phone_number": "917996002222",
              "phone_number_id": "114392571729051"
            },
            "statuses": [
              {
                "id": "wamid.HBgMOTE3NzAyODI4ODExFQIAEhgJMTkxOTM3NDc4AA==",
                "status": "captured",
                "timestamp": "1757914575",
                "recipient_id": "917702828811",
                "type": "payment",
                "payment": {
                  "reference_id": "1509251",
                  "amount": {
                    "value": 200,
                    "offset": 100
                  },
                  "currency": "INR",
                  "transaction": {
                    "id": "order_RHlQgzJ1DYSpcM",
                    "pg_transaction_id": "pay_RHlQj5OMDHzaEd",
                    "type": "razorpay",
                    "status": "success",
                    "created_timestamp": 1757914574,
                    "updated_timestamp": 1757914574,
                    "amount": {
                      "value": 200,
                      "offset": 100
                    },
                    "currency": "INR",
                    "method": {
                      "type": "upi"
                    }
                  }
                }
              }
            ]
          },
          "field": "messages"
        }
      ]
    }
  ]
}
[INFO] 2025-09-15 05:36:20,090 basehttp "POST /api/webhook/whatsapp/ HTTP/1.1" 200 22
[INFO] 2025-09-15 05:36:20,168 webhook_processor Processing status update: wamid.HBgMOTE3NzAyODI4ODExFQIAEhgJMTkxOTM3NDc4AA== -> captured
[INFO] 2025-09-15 05:36:20,173 webhook_processor Message wamid.HBgMOTE3NzAyODI4ODExFQIAEhgJMTkxOTM3NDc4AA== not found in campaigns, trying orders
[INFO] 2025-09-15 05:36:20,173 webhook_processor Processing order status update: wamid.HBgMOTE3NzAyODI4ODExFQIAEhgJMTkxOTM3NDc4AA== -> captured
[WARNING] 2025-09-15 05:36:20,178 webhook_processor Order not found for message ID: wamid.HBgMOTE3NzAyODI4ODExFQIAEhgJMTkxOTM3NDc4AA==
[INFO] 2025-09-15 05:36:57,668 autoreload /home/sohan/whatsapp-campaign/orders/models.py changed, reloading.
[INFO] 2025-09-15 05:36:58,985 autoreload Watching for file changes with StatReloader
[INFO] 2025-09-15 05:39:01,064 webhook_handler Received webhook: {
  "object": "whatsapp_business_account",
  "entry": [
    {
      "id": "114374441730441",
      "changes": [
        {
          "value": {
            "messaging_product": "whatsapp",
            "metadata": {
              "display_phone_number": "917996002222",
              "phone_number_id": "114392571729051"
            },
            "statuses": [
              {
                "id": "wamid.HBgMOTE3NzAyODI4ODExFQIAERgSQTc0QzBFNTA2QjhFQzgyMENFAA==",
                "status": "sent",
                "timestamp": "1757914463",
                "recipient_id": "917702828811",
                "conversation": {
                  "id": "14be13a99a0292909296efd637231c25",
                  "expiration_timestamp": "1757914463",
                  "origin": {
                    "type": "marketing"
                  }
                },
                "pricing": {
                  "billable": true,
                  "pricing_model": "PMP",
                  "category": "marketing",
                  "type": "regular"
                }
              }
            ]
          },
          "field": "messages"
        }
      ]
    }
  ]
}
[INFO] 2025-09-15 05:39:01,167 basehttp "POST /api/webhook/whatsapp/ HTTP/1.1" 200 22
[INFO] 2025-09-15 05:39:01,576 webhook_processor Processing status update: wamid.HBgMOTE3NzAyODI4ODExFQIAERgSQTc0QzBFNTA2QjhFQzgyMENFAA== -> sent
[INFO] 2025-09-15 05:39:01,580 webhook_processor Message wamid.HBgMOTE3NzAyODI4ODExFQIAERgSQTc0QzBFNTA2QjhFQzgyMENFAA== not found in campaigns, trying orders
[INFO] 2025-09-15 05:39:01,581 webhook_processor Processing order status update: wamid.HBgMOTE3NzAyODI4ODExFQIAERgSQTc0QzBFNTA2QjhFQzgyMENFAA== -> sent
[WARNING] 2025-09-15 05:39:01,585 webhook_processor Order not found for message ID: wamid.HBgMOTE3NzAyODI4ODExFQIAERgSQTc0QzBFNTA2QjhFQzgyMENFAA==
[INFO] 2025-09-15 05:41:00,339 autoreload /home/sohan/whatsapp-campaign/orders/models.py changed, reloading.
[INFO] 2025-09-15 05:41:01,817 autoreload Watching for file changes with StatReloader
[INFO] 2025-09-15 05:41:54,211 autoreload /home/sohan/whatsapp-campaign/orders/whatsapp_service.py changed, reloading.
[INFO] 2025-09-15 05:41:55,764 autoreload Watching for file changes with StatReloader
[INFO] 2025-09-15 05:42:05,127 autoreload /home/sohan/whatsapp-campaign/orders/whatsapp_service.py changed, reloading.
[INFO] 2025-09-15 05:42:06,762 autoreload Watching for file changes with StatReloader
[INFO] 2025-09-15 05:42:18,708 autoreload /home/sohan/whatsapp-campaign/orders/whatsapp_service.py changed, reloading.
[INFO] 2025-09-15 05:42:20,331 autoreload Watching for file changes with StatReloader
[INFO] 2025-09-15 06:21:54,801 autoreload /home/sohan/whatsapp-campaign/campaigns/webhook_handler.py changed, reloading.
[INFO] 2025-09-15 06:21:56,438 autoreload Watching for file changes with StatReloader
[INFO] 2025-09-15 06:29:00,957 whatsapp_service WhatsApp client initialized successfully
[INFO] 2025-09-15 06:29:00,963 whatsapp_service Built payload for order 2025091500004 to 919123456789 - Items: Bananas:2,Oranges:1
[INFO] 2025-09-15 06:29:01,288 webhook_processor Processing order status update: wamid_test123 -> delivered
[INFO] 2025-09-15 06:29:01,293 webhook_processor Order wamid_test123 marked as delivered
[INFO] 2025-09-15 06:29:01,464 webhook_processor Updated order wamid_test123: sent -> delivered
[INFO] 2025-09-15 06:29:01,469 webhook_processor Processing order status update: wamid_test123 -> read
[INFO] 2025-09-15 06:29:01,471 webhook_processor Order wamid_test123 marked as read
[INFO] 2025-09-15 06:29:01,647 webhook_processor Updated order wamid_test123: delivered -> read
[INFO] 2025-09-15 06:29:01,654 webhook_processor Processing payment webhook...
[INFO] 2025-09-15 06:29:01,654 webhook_processor Processing payment webhook: reference_id=2025091500004, status=captured
[INFO] 2025-09-15 06:29:01,659 webhook_processor Payment captured for order 2025091500004: ₹350.0
[INFO] 2025-09-15 06:29:01,802 webhook_processor Updated payment for order 2025091500004: pending -> completed
[INFO] 2025-09-15 06:29:01,802 webhook_processor Payment details: method=upi, amount=₹350.0, razorpay_payment_id=pay_RHlQj5OMDHzaEd
[INFO] 2025-09-15 06:29:01,816 unified_webhook_router Routing webhook as type: order_message_status
[INFO] 2025-09-15 06:29:01,816 webhook_processor Processing order status update: wamid_test123 -> delivered
[INFO] 2025-09-15 06:29:01,821 webhook_processor Order wamid_test123 already delivered/read, skipping duplicate webhook
[INFO] 2025-09-15 06:29:01,932 webhook_processor Updated order wamid_test123: read -> delivered
[INFO] 2025-09-15 06:29:01,933 unified_webhook_router Routing webhook as type: payment_status
[INFO] 2025-09-15 06:29:01,933 webhook_processor Processing payment webhook...
[INFO] 2025-09-15 06:29:01,933 webhook_processor Processing payment webhook: reference_id=2025091500004, status=captured
[INFO] 2025-09-15 06:29:01,936 webhook_processor Payment captured for order 2025091500004: ₹350.0
[INFO] 2025-09-15 06:29:02,024 webhook_processor Updated payment for order 2025091500004: completed -> completed
[INFO] 2025-09-15 06:29:02,024 webhook_processor Payment details: method=unknown, amount=₹350.0, razorpay_payment_id=
[INFO] 2025-09-15 06:36:44,158 views User logged in: campaign_user
[INFO] 2025-09-15 06:36:44,268 basehttp "POST /api/auth/login/ HTTP/1.1" 200 308
[INFO] 2025-09-15 06:36:44,345 basehttp "GET /api/orders/stats/ HTTP/1.1" 200 173
[INFO] 2025-09-15 06:36:47,204 basehttp "GET /api/orders/orders/ HTTP/1.1" 200 52
[INFO] 2025-09-15 06:36:48,570 basehttp "GET /api/orders/validated-files/ HTTP/1.1" 200 863
[INFO] 2025-09-15 06:36:50,061 basehttp "GET /api/orders/processed-files/ HTTP/1.1" 200 325
[INFO] 2025-09-15 06:36:52,578 basehttp "GET /api/orders/stats/ HTTP/1.1" 200 173
[INFO] 2025-09-15 06:37:37,177 views Chat file uploaded: chat-farmveda-demo.txt by user campaign_user
[INFO] 2025-09-15 06:37:37,178 basehttp "POST /api/orders/chatfiles/ HTTP/1.1" 201 358
[INFO] 2025-09-15 06:37:37,246 basehttp "POST /api/orders/chatfiles/048c7a33-6e0d-476f-a039-00fd9f957e5a/process/ HTTP/1.1" 200 101
[INFO] 2025-09-15 06:37:38,129 tasks Starting complete processing of chat file: chat-farmveda-demo.txt
[INFO] 2025-09-15 06:37:38,130 tasks Step 1: Basic chat parsing...
[INFO] 2025-09-15 06:37:38,130 tasks Parsed 2 messages
[INFO] 2025-09-15 06:37:38,131 tasks Step 2: AI classification (this may take time due to rate limits)...
[INFO] 2025-09-15 06:37:41,324 tasks AI classification completed. Found 1 orders
[INFO] 2025-09-15 06:37:41,665 tasks Complete processing successful: chat-farmveda-demo_processed.xlsx
[INFO] 2025-09-15 06:37:41,666 tasks Final stats: 2 messages, 1 orders
[INFO] 2025-09-15 06:37:52,271 basehttp "GET /api/orders/chatfiles/048c7a33-6e0d-476f-a039-00fd9f957e5a/ HTTP/1.1" 200 319
[INFO] 2025-09-15 06:37:52,288 basehttp "GET /api/orders/processed-files/ HTTP/1.1" 200 584
[INFO] 2025-09-15 06:38:02,640 basehttp "GET /api/orders/processed-files/ HTTP/1.1" 200 584
[INFO] 2025-09-15 06:38:10,231 basehttp "GET /api/orders/processed-files/ HTTP/1.1" 200 584
[INFO] 2025-09-15 06:38:10,354 views Downloaded processed file: chat-farmveda-demo_processed.xlsx by user campaign_user
[INFO] 2025-09-15 06:38:10,354 basehttp "GET /api/orders/processed-files/4c4c7949-2092-445a-ac04-21e9e54a1b9c/download/ HTTP/1.1" 200 5133
[INFO] 2025-09-15 06:38:12,161 basehttp "GET /api/orders/processed-files/ HTTP/1.1" 200 609
[INFO] 2025-09-15 06:42:19,622 whatsapp_service WhatsApp client initialized successfully
[INFO] 2025-09-15 06:44:02,485 basehttp "GET /api/orders/processed-files/ HTTP/1.1" 200 609
[INFO] 2025-09-15 06:44:06,527 basehttp "GET /api/orders/processed-files/ HTTP/1.1" 200 609
[INFO] 2025-09-15 06:44:09,207 basehttp "GET /api/orders/processed-files/ HTTP/1.1" 200 609
[INFO] 2025-09-15 06:44:09,322 views Validated file uploaded: chat-farmveda-demo_validated.xlsx by user campaign_user
[INFO] 2025-09-15 06:44:09,323 basehttp "POST /api/orders/validated-files/ HTTP/1.1" 201 602
[INFO] 2025-09-15 06:44:09,385 basehttp "GET /api/orders/processed-files/ HTTP/1.1" 200 609
[INFO] 2025-09-15 06:44:20,800 basehttp "GET /api/orders/validated-files/ HTTP/1.1" 200 1061
[INFO] 2025-09-15 06:44:25,781 basehttp "GET /api/orders/validated-files/ HTTP/1.1" 200 1061
[INFO] 2025-09-15 06:44:38,380 basehttp "GET /api/orders/validated-files/ HTTP/1.1" 200 1061
[INFO] 2025-09-15 06:45:09,825 basehttp "GET /api/orders/validated-files/ HTTP/1.1" 200 1061
[INFO] 2025-09-15 06:45:15,683 basehttp "GET /api/orders/validated-files/ HTTP/1.1" 200 1061
[INFO] 2025-09-15 06:45:20,075 basehttp "GET /api/orders/validated-files/ HTTP/1.1" 200 1061
[INFO] 2025-09-15 06:45:20,097 utils Starting sync extraction from chat-farmveda-demo_validated.xlsx
[INFO] 2025-09-15 06:45:20,369 utils Read 2 rows from chat-farmveda-demo_validated.xlsx
[ERROR] 2025-09-15 06:45:20,369 utils Failed to extract orders from chat-farmveda-demo_validated.xlsx: Missing required columns: ['Order Items', 'Amount']. Found: ['Date', 'Time', 'Phone/Name', 'Message', 'Message_Type', 'Items', 'Total_Amount']
[ERROR] 2025-09-15 06:45:20,369 views Error extracting orders from chat-farmveda-demo_validated.xlsx: Failed to extract orders: Missing required columns: ['Order Items', 'Amount']. Found: ['Date', 'Time', 'Phone/Name', 'Message', 'Message_Type', 'Items', 'Total_Amount']
[WARNING] 2025-09-15 06:45:20,369 log Bad Request: /api/orders/validated-files/7255c546-cba4-432e-918e-b1d9841b3e10/extract_orders/
[WARNING] 2025-09-15 06:45:20,370 basehttp "POST /api/orders/validated-files/7255c546-cba4-432e-918e-b1d9841b3e10/extract_orders/ HTTP/1.1" 400 206
[INFO] 2025-09-15 06:53:52,770 autoreload /home/sohan/whatsapp-campaign/orders/utils.py changed, reloading.
[INFO] 2025-09-15 06:53:54,196 autoreload Watching for file changes with StatReloader
[INFO] 2025-09-15 06:55:29,115 basehttp "GET /api/orders/processed-files/ HTTP/1.1" 200 609
[INFO] 2025-09-15 06:55:41,473 basehttp "GET /api/orders/processed-files/ HTTP/1.1" 200 609
[INFO] 2025-09-15 06:55:45,447 basehttp "GET /api/orders/processed-files/ HTTP/1.1" 200 609
[INFO] 2025-09-15 06:55:46,633 basehttp "GET /api/orders/processed-files/ HTTP/1.1" 200 609
[INFO] 2025-09-15 06:55:46,765 views Validated file uploaded: chat-farmveda-demo_validated.xlsx by user campaign_user
[INFO] 2025-09-15 06:55:46,768 basehttp "POST /api/orders/validated-files/ HTTP/1.1" 201 610
[INFO] 2025-09-15 06:55:46,846 basehttp "GET /api/orders/processed-files/ HTTP/1.1" 200 609
[INFO] 2025-09-15 06:55:49,935 basehttp "GET /api/orders/validated-files/ HTTP/1.1" 200 1259
[INFO] 2025-09-15 06:55:54,742 basehttp "GET /api/orders/validated-files/ HTTP/1.1" 200 1259
[INFO] 2025-09-15 06:55:57,180 basehttp "GET /api/orders/validated-files/ HTTP/1.1" 200 1259
[INFO] 2025-09-15 06:56:10,199 basehttp "GET /api/orders/validated-files/ HTTP/1.1" 200 1259
[INFO] 2025-09-15 06:56:10,327 basehttp "GET /api/orders/validated-files/ HTTP/1.1" 200 1259
[INFO] 2025-09-15 06:56:10,368 utils Starting sync extraction from chat-farmveda-demo_validated.xlsx
[INFO] 2025-09-15 06:56:10,533 utils Read 2 rows from chat-farmveda-demo_validated.xlsx
[INFO] 2025-09-15 06:56:10,765 utils Successfully created 2 orders from chat-farmveda-demo_validated.xlsx
[INFO] 2025-09-15 06:56:10,873 views Successfully extracted 2 orders from chat-farmveda-demo_validated.xlsx
[INFO] 2025-09-15 06:56:10,876 basehttp "POST /api/orders/validated-files/7255c546-cba4-432e-918e-b1d9841b3e10/extract_orders/ HTTP/1.1" 200 472
[INFO] 2025-09-15 06:56:10,911 views Starting to send 2 order messages for chat-farmveda-demo_validated.xlsx
[INFO] 2025-09-15 06:56:10,914 whatsapp_service WhatsApp client initialized successfully
[INFO] 2025-09-15 06:56:10,923 whatsapp_service Starting bulk send for 2 orders with 2.0s delay
[INFO] 2025-09-15 06:56:10,923 whatsapp_service Processing order 1/2: 2025091500005
[INFO] 2025-09-15 06:56:10,924 whatsapp_service Sending order message for 2025091500005 to 917702828811
[INFO] 2025-09-15 06:56:10,924 whatsapp_service Built payload for order 2025091500005 to 917702828811 - Items: Apples: 1, Pears: 1
[ERROR] 2025-09-15 06:56:11,058 whatsapp_service ❌ Error sending order 2025091500005: 'WhatsApp360Client' object has no attribute 'send_message'
[ERROR] 2025-09-15 06:56:11,258 whatsapp_service ❌ Error processing order 2025091500005: 'WhatsApp360Client' object has no attribute 'send_message'
[INFO] 2025-09-15 06:56:13,261 whatsapp_service Processing order 2/2: 2025091500006
[INFO] 2025-09-15 06:56:13,261 whatsapp_service Sending order message for 2025091500006 to 919538095601
[ERROR] 2025-09-15 06:56:13,262 whatsapp_service Error parsing order items 'Pears:1' with amounts 'nan': cannot convert float NaN to integer
[INFO] 2025-09-15 06:56:13,262 whatsapp_service Built payload for order 2025091500006 to 919538095601 - Items: Pears:1
[ERROR] 2025-09-15 06:56:13,351 whatsapp_service ❌ Error sending order 2025091500006: 'WhatsApp360Client' object has no attribute 'send_message'
[ERROR] 2025-09-15 06:56:13,460 whatsapp_service ❌ Error processing order 2025091500006: 'WhatsApp360Client' object has no attribute 'send_message'
[INFO] 2025-09-15 06:56:13,460 whatsapp_service 📊 Bulk send complete: 0 sent, 2 failed in 2s
[INFO] 2025-09-15 06:56:13,463 basehttp "POST /api/orders/send-messages/ HTTP/1.1" 200 411
[INFO] 2025-09-15 06:57:51,454 autoreload /home/sohan/whatsapp-campaign/campaigns/whatsapp_360_client.py changed, reloading.
[INFO] 2025-09-15 06:57:53,006 autoreload Watching for file changes with StatReloader
[INFO] 2025-09-15 07:01:56,303 autoreload /home/sohan/whatsapp-campaign/orders/whatsapp_service.py changed, reloading.
[INFO] 2025-09-15 07:01:57,899 autoreload Watching for file changes with StatReloader
[INFO] 2025-09-15 07:02:11,947 autoreload /home/sohan/whatsapp-campaign/orders/whatsapp_service.py changed, reloading.
[INFO] 2025-09-15 07:02:13,498 autoreload Watching for file changes with StatReloader
[INFO] 2025-09-15 07:05:07,140 basehttp "GET /api/orders/processed-files/ HTTP/1.1" 200 609
[INFO] 2025-09-15 07:05:12,716 basehttp "GET /api/orders/processed-files/ HTTP/1.1" 200 609
[INFO] 2025-09-15 07:05:17,255 basehttp "GET /api/orders/processed-files/ HTTP/1.1" 200 609
[INFO] 2025-09-15 07:05:18,243 basehttp "GET /api/orders/processed-files/ HTTP/1.1" 200 609
[INFO] 2025-09-15 07:05:18,368 views Validated file uploaded: chat-farmveda-demo_validated.xlsx by user campaign_user
[INFO] 2025-09-15 07:05:18,370 basehttp "POST /api/orders/validated-files/ HTTP/1.1" 201 610
[INFO] 2025-09-15 07:05:18,444 basehttp "GET /api/orders/processed-files/ HTTP/1.1" 200 609
[INFO] 2025-09-15 07:05:22,456 basehttp "GET /api/orders/validated-files/ HTTP/1.1" 200 1456
[INFO] 2025-09-15 07:05:25,534 basehttp "GET /api/orders/validated-files/ HTTP/1.1" 200 1456
[INFO] 2025-09-15 07:05:38,052 basehttp "GET /api/orders/validated-files/ HTTP/1.1" 200 1456
[INFO] 2025-09-15 07:05:55,396 basehttp "GET /api/orders/validated-files/ HTTP/1.1" 200 1456
[INFO] 2025-09-15 07:05:55,522 basehttp "GET /api/orders/validated-files/ HTTP/1.1" 200 1456
[INFO] 2025-09-15 07:05:55,543 utils Starting sync extraction from chat-farmveda-demo_validated.xlsx
[INFO] 2025-09-15 07:05:55,668 utils Read 2 rows from chat-farmveda-demo_validated.xlsx
[INFO] 2025-09-15 07:05:55,669 utils 🔍 Extracting Row 1:
[INFO] 2025-09-15 07:05:55,669 utils    Raw Phone/Name: '917702828811' (type: <class 'int'>)
[INFO] 2025-09-15 07:05:55,669 utils    Raw Items: 'Apples: 1, Pears: 1' (type: <class 'str'>)
[INFO] 2025-09-15 07:05:55,669 utils    Raw Total_Amount: '1+1=2' (type: <class 'str'>)
[INFO] 2025-09-15 07:05:55,669 utils    Processed phone_number: '917702828811'
[INFO] 2025-09-15 07:05:55,669 utils    Processed order_items_str: 'Apples: 1, Pears: 1'
[INFO] 2025-09-15 07:05:55,669 utils    Processed amount_str: '1+1=2'
[INFO] 2025-09-15 07:05:55,769 utils 🔍 Extracting Row 2:
[INFO] 2025-09-15 07:05:55,770 utils    Raw Phone/Name: '919538095601' (type: <class 'int'>)
[INFO] 2025-09-15 07:05:55,771 utils    Raw Items: 'Pears:1' (type: <class 'str'>)
[INFO] 2025-09-15 07:05:55,771 utils    Raw Total_Amount: 'nan' (type: <class 'float'>)
[INFO] 2025-09-15 07:05:55,772 utils    Processed phone_number: '919538095601'
[INFO] 2025-09-15 07:05:55,772 utils    Processed order_items_str: 'Pears:1'
[INFO] 2025-09-15 07:05:55,773 utils    Processed amount_str: 'nan'
[INFO] 2025-09-15 07:05:55,906 utils Successfully created 2 orders from chat-farmveda-demo_validated.xlsx
[INFO] 2025-09-15 07:05:55,998 views Successfully extracted 2 orders from chat-farmveda-demo_validated.xlsx
[INFO] 2025-09-15 07:05:56,003 basehttp "POST /api/orders/validated-files/ff851a24-8d5b-4d24-9c69-2a67419b560e/extract_orders/ HTTP/1.1" 200 472
[INFO] 2025-09-15 07:05:56,053 views Starting to send 2 order messages for chat-farmveda-demo_validated.xlsx
[INFO] 2025-09-15 07:05:56,055 whatsapp_service WhatsApp client initialized successfully
[INFO] 2025-09-15 07:05:56,063 whatsapp_service Starting bulk send for 2 orders with 2.0s delay
[INFO] 2025-09-15 07:05:56,064 whatsapp_service Processing order 1/2: 2025091500007
[INFO] 2025-09-15 07:05:56,064 whatsapp_service Sending order message for 2025091500007 to 917702828811
[INFO] 2025-09-15 07:05:56,065 whatsapp_service 🔍 Building payload for Order 2025091500007
[INFO] 2025-09-15 07:05:56,066 whatsapp_service    Raw order.order_items: 'Apples: 1, Pears: 1' (type: <class 'str'>)
[INFO] 2025-09-15 07:05:56,066 whatsapp_service    Raw order.amount: '1+1=2' (type: <class 'str'>)
[INFO] 2025-09-15 07:05:56,068 whatsapp_service    Processed order_items_str: 'Apples: 1, Pears: 1'
[INFO] 2025-09-15 07:05:56,070 whatsapp_service    Processed total_amount_str: '1+1=2'
[INFO] 2025-09-15 07:05:56,071 whatsapp_service    Parsed items count: 2
[INFO] 2025-09-15 07:05:56,071 whatsapp_service    Total amount in paisa: 200
[INFO] 2025-09-15 07:05:56,072 whatsapp_service    Item 1: Apples x1 = ₹1.0
[INFO] 2025-09-15 07:05:56,072 whatsapp_service    Item 2: Pears x1 = ₹1.0
[INFO] 2025-09-15 07:05:56,073 whatsapp_service ✅ Built payload for order 2025091500007 to 917702828811 - Items: Apples: 1, Pears: 1
[INFO] 2025-09-15 07:05:56,073 whatsapp_service 📤 COMPLETE PAYLOAD for Order 2025091500007:
[INFO] 2025-09-15 07:05:56,074 whatsapp_service    Recipient: 917702828811
[INFO] 2025-09-15 07:05:56,078 whatsapp_service    Template: sample_order_details
[INFO] 2025-09-15 07:05:56,080 whatsapp_service    Currency: INR
[INFO] 2025-09-15 07:05:56,081 whatsapp_service    Reference ID: 2025091500007
[INFO] 2025-09-15 07:05:56,082 whatsapp_service    Total Amount: ₹2.0
[INFO] 2025-09-15 07:05:56,083 whatsapp_service    Items in payload: 2
[INFO] 2025-09-15 07:05:56,083 whatsapp_service 📋 JSON PAYLOAD:
{
  "messaging_product": "whatsapp",
  "recipient_type": "individual",
  "to": "917702828811",
  "type": "template",
  "template": {
    "name": "sample_order_details",
    "language": {
      "policy": "deterministic",
      "code": "en"
    },
    "components": [
      {
        "type": "button",
        "sub_type": "order_details",
        "index": 0,
        "parameters": [
          {
            "type": "action",
            "action": {
              "order_details": {
                "currency": "INR",
                "order": {
                  "items": [
                    {
                      "amount": {
                        "offset": 100,
                        "value": 100
                      },
                      "name": "Apples",
                      "quantity": 1,
                      "country_of_origin": "India",
                      "importer_name": "Farmveda"
                    },
                    {
                      "amount": {
                        "offset": 100,
                        "value": 100
                      },
                      "name": "Pears",
                      "quantity": 1,
                      "country_of_origin": "India",
                      "importer_name": "Farmveda"
                    }
                  ],
                  "status": "pending",
                  "subtotal": {
                    "offset": 100,
                    "value": 200
                  }
                },
                "payment_settings": [
                  {
                    "type": "payment_gateway",
                    "payment_gateway": {
                      "type": "razorpay",
                      "configuration_name": "WhatsappGroups-Payments"
                    }
                  }
                ],
                "reference_id": "2025091500007",
                "total_amount": {
                  "offset": 100,
                  "value": 200
                },
                "type": "physical-goods"
              }
            }
          }
        ]
      }
    ]
  }
}
[INFO] 2025-09-15 07:05:56,458 whatsapp_360_client Sending WhatsApp message to 917702828811
[INFO] 2025-09-15 07:05:58,218 whatsapp_360_client Message sent successfully: {'messaging_product': 'whatsapp', 'contacts': [{'input': '917702828811', 'wa_id': '917702828811'}], 'messages': [{'id': 'wamid.HBgMOTE3NzAyODI4ODExFQIAERgSN0I2RTUzNUZFODc5QUFERjY5AA==', 'message_status': 'accepted'}]}
[INFO] 2025-09-15 07:05:58,218 whatsapp_service ✅ Order 2025091500007 sent successfully
[INFO] 2025-09-15 07:05:58,319 whatsapp_service ⏳ Waiting 2.0 seconds before next message...
[INFO] 2025-09-15 07:06:00,035 webhook_handler Received webhook: {
  "object": "whatsapp_business_account",
  "entry": [
    {
      "id": "114374441730441",
      "changes": [
        {
          "value": {
            "messaging_product": "whatsapp",
            "metadata": {
              "display_phone_number": "917996002222",
              "phone_number_id": "114392571729051"
            },
            "statuses": [
              {
                "id": "wamid.HBgMOTE3NzAyODI4ODExFQIAERgSN0I2RTUzNUZFODc5QUFERjY5AA==",
                "status": "sent",
                "timestamp": "1757919958",
                "recipient_id": "917702828811",
                "conversation": {
                  "id": "a194b62e60a51d19a4933a0c8b13e15f",
                  "expiration_timestamp": "1757919958",
                  "origin": {
                    "type": "marketing"
                  }
                },
                "pricing": {
                  "billable": true,
                  "pricing_model": "PMP",
                  "category": "marketing",
                  "type": "regular"
                }
              }
            ]
          },
          "field": "messages"
        }
      ]
    }
  ]
}
[INFO] 2025-09-15 07:06:00,062 basehttp "POST /api/webhook/whatsapp/ HTTP/1.1" 200 22
[INFO] 2025-09-15 07:06:00,169 webhook_processor Processing order status update: wamid.HBgMOTE3NzAyODI4ODExFQIAERgSN0I2RTUzNUZFODc5QUFERjY5AA== -> sent
[INFO] 2025-09-15 07:06:00,176 webhook_processor Webhook 'sent' received for order wamid.HBgMOTE3NzAyODI4ODExFQIAERgSN0I2RTUzNUZFODc5QUFERjY5AA== - already handled on API success
[INFO] 2025-09-15 07:06:00,303 webhook_processor Updated order wamid.HBgMOTE3NzAyODI4ODExFQIAERgSN0I2RTUzNUZFODc5QUFERjY5AA==: sent -> sent
[INFO] 2025-09-15 07:06:00,321 whatsapp_service Processing order 2/2: 2025091500008
[INFO] 2025-09-15 07:06:00,322 whatsapp_service Sending order message for 2025091500008 to 919538095601
[INFO] 2025-09-15 07:06:00,322 whatsapp_service 🔍 Building payload for Order 2025091500008
[INFO] 2025-09-15 07:06:00,323 whatsapp_service    Raw order.order_items: 'Pears:1' (type: <class 'str'>)
[INFO] 2025-09-15 07:06:00,323 whatsapp_service    Raw order.amount: 'nan' (type: <class 'str'>)
[INFO] 2025-09-15 07:06:00,323 whatsapp_service    Processed order_items_str: 'Pears:1'
[INFO] 2025-09-15 07:06:00,324 whatsapp_service    Processed total_amount_str: 'nan'
[ERROR] 2025-09-15 07:06:00,324 whatsapp_service Error parsing order items 'Pears:1' with amounts 'nan': cannot convert float NaN to integer
[INFO] 2025-09-15 07:06:00,324 whatsapp_service    Parsed items count: 1
[INFO] 2025-09-15 07:06:00,325 whatsapp_service    Total amount in paisa: 0
[INFO] 2025-09-15 07:06:00,325 whatsapp_service    Item 1: Order Items x1 = ₹0.0
[INFO] 2025-09-15 07:06:00,325 whatsapp_service ✅ Built payload for order 2025091500008 to 919538095601 - Items: Pears:1
[INFO] 2025-09-15 07:06:00,326 whatsapp_service 📤 COMPLETE PAYLOAD for Order 2025091500008:
[INFO] 2025-09-15 07:06:00,326 whatsapp_service    Recipient: 919538095601
[INFO] 2025-09-15 07:06:00,326 whatsapp_service    Template: sample_order_details
[INFO] 2025-09-15 07:06:00,327 whatsapp_service    Currency: INR
[INFO] 2025-09-15 07:06:00,327 whatsapp_service    Reference ID: 2025091500008
[INFO] 2025-09-15 07:06:00,327 whatsapp_service    Total Amount: ₹0.0
[INFO] 2025-09-15 07:06:00,328 whatsapp_service    Items in payload: 1
[INFO] 2025-09-15 07:06:00,329 whatsapp_service 📋 JSON PAYLOAD:
{
  "messaging_product": "whatsapp",
  "recipient_type": "individual",
  "to": "919538095601",
  "type": "template",
  "template": {
    "name": "sample_order_details",
    "language": {
      "policy": "deterministic",
      "code": "en"
    },
    "components": [
      {
        "type": "button",
        "sub_type": "order_details",
        "index": 0,
        "parameters": [
          {
            "type": "action",
            "action": {
              "order_details": {
                "currency": "INR",
                "order": {
                  "items": [
                    {
                      "amount": {
                        "offset": 100,
                        "value": 0
                      },
                      "name": "Order Items",
                      "quantity": 1,
                      "country_of_origin": "India",
                      "importer_name": "Farmveda"
                    }
                  ],
                  "status": "pending",
                  "subtotal": {
                    "offset": 100,
                    "value": 0
                  }
                },
                "payment_settings": [
                  {
                    "type": "payment_gateway",
                    "payment_gateway": {
                      "type": "razorpay",
                      "configuration_name": "WhatsappGroups-Payments"
                    }
                  }
                ],
                "reference_id": "2025091500008",
                "total_amount": {
                  "offset": 100,
                  "value": 0
                },
                "type": "physical-goods"
              }
            }
          }
        ]
      }
    ]
  }
}
[INFO] 2025-09-15 07:06:00,404 tasks Webhook 128 processed using orders.webhook_processor.process_order_webhook_status
[INFO] 2025-09-15 07:06:00,504 whatsapp_360_client Sending WhatsApp message to 919538095601
[ERROR] 2025-09-15 07:06:00,997 whatsapp_360_client Failed to send message: 400 - {"error":{"message":"(#131009) Parameter value is not valid","type":"OAuthException","code":131009,"error_data":{"messaging_product":"whatsapp","details":"total_amount (0) must be greater than or equal to minimum total amount for Razorpay (100) for CTA review_and_pay."},"fbtrace_id":"ANipfJmDynFvp94QMwux-WK"}}
[WARNING] 2025-09-15 07:06:00,998 whatsapp_service ❌ Order 2025091500008 failed to send: {'success': False, 'error': '{"error":{"message":"(#131009) Parameter value is not valid","type":"OAuthException","code":131009,"error_data":{"messaging_product":"whatsapp","details":"total_amount (0) must be greater than or equal to minimum total amount for Razorpay (100) for CTA review_and_pay."},"fbtrace_id":"ANipfJmDynFvp94QMwux-WK"}}', 'status_code': 400}
[INFO] 2025-09-15 07:06:01,072 whatsapp_service 📊 Bulk send complete: 1 sent, 1 failed in 5s
[INFO] 2025-09-15 07:06:01,078 basehttp "POST /api/orders/send-messages/ HTTP/1.1" 200 1102
[INFO] 2025-09-15 07:06:02,089 webhook_handler Received webhook: {
  "object": "whatsapp_business_account",
  "entry": [
    {
      "id": "114374441730441",
      "changes": [
        {
          "value": {
            "messaging_product": "whatsapp",
            "metadata": {
              "display_phone_number": "917996002222",
              "phone_number_id": "114392571729051"
            },
            "statuses": [
              {
                "id": "wamid.HBgMOTE3NzAyODI4ODExFQIAERgSN0I2RTUzNUZFODc5QUFERjY5AA==",
                "status": "delivered",
                "timestamp": "1757919960",
                "recipient_id": "917702828811",
                "conversation": {
                  "id": "a194b62e60a51d19a4933a0c8b13e15f",
                  "origin": {
                    "type": "marketing"
                  }
                },
                "pricing": {
                  "billable": true,
                  "pricing_model": "PMP",
                  "category": "marketing",
                  "type": "regular"
                }
              }
            ]
          },
          "field": "messages"
        }
      ]
    }
  ]
}
[INFO] 2025-09-15 07:06:02,112 basehttp "POST /api/webhook/whatsapp/ HTTP/1.1" 200 22
[INFO] 2025-09-15 07:06:02,216 webhook_processor Processing order status update: wamid.HBgMOTE3NzAyODI4ODExFQIAERgSN0I2RTUzNUZFODc5QUFERjY5AA== -> delivered
[INFO] 2025-09-15 07:06:02,223 webhook_processor Order wamid.HBgMOTE3NzAyODI4ODExFQIAERgSN0I2RTUzNUZFODc5QUFERjY5AA== marked as delivered
[INFO] 2025-09-15 07:06:02,327 webhook_processor Updated order wamid.HBgMOTE3NzAyODI4ODExFQIAERgSN0I2RTUzNUZFODc5QUFERjY5AA==: sent -> delivered
[INFO] 2025-09-15 07:06:02,448 tasks Webhook 129 processed using orders.webhook_processor.process_order_webhook_status
[INFO] 2025-09-15 07:06:39,319 webhook_handler Received webhook: {
  "object": "whatsapp_business_account",
  "entry": [
    {
      "id": "114374441730441",
      "changes": [
        {
          "value": {
            "messaging_product": "whatsapp",
            "metadata": {
              "display_phone_number": "917996002222",
              "phone_number_id": "114392571729051"
            },
            "statuses": [
              {
                "id": "wamid.HBgMOTE3NzAyODI4ODExFQIAERgSN0I2RTUzNUZFODc5QUFERjY5AA==",
                "status": "read",
                "timestamp": "1757919997",
                "recipient_id": "917702828811"
              }
            ]
          },
          "field": "messages"
        }
      ]
    }
  ]
}
[INFO] 2025-09-15 07:06:39,342 basehttp "POST /api/webhook/whatsapp/ HTTP/1.1" 200 22
[INFO] 2025-09-15 07:06:39,491 webhook_processor Processing order status update: wamid.HBgMOTE3NzAyODI4ODExFQIAERgSN0I2RTUzNUZFODc5QUFERjY5AA== -> read
[INFO] 2025-09-15 07:06:39,497 webhook_processor Order wamid.HBgMOTE3NzAyODI4ODExFQIAERgSN0I2RTUzNUZFODc5QUFERjY5AA== marked as read
[INFO] 2025-09-15 07:06:39,639 webhook_processor Updated order wamid.HBgMOTE3NzAyODI4ODExFQIAERgSN0I2RTUzNUZFODc5QUFERjY5AA==: delivered -> read
[INFO] 2025-09-15 07:06:39,747 tasks Webhook 130 processed using orders.webhook_processor.process_order_webhook_status
[INFO] 2025-09-15 07:08:51,825 webhook_handler Received webhook: {
  "object": "whatsapp_business_account",
  "entry": [
    {
      "id": "114374441730441",
      "changes": [
        {
          "value": {
            "messaging_product": "whatsapp",
            "metadata": {
              "display_phone_number": "917996002222",
              "phone_number_id": "114392571729051"
            },
            "statuses": [
              {
                "id": "wamid.HBgMOTE3NzAyODI4ODExFQIAEhgJNzM5NjczODQxAA==",
                "status": "captured",
                "timestamp": "1757920128",
                "recipient_id": "917702828811",
                "type": "payment",
                "payment": {
                  "reference_id": "2025091500007",
                  "amount": {
                    "value": 200,
                    "offset": 100
                  },
                  "currency": "INR",
                  "transaction": {
                    "id": "order_RHn0Oo4XS8CuZM",
                    "pg_transaction_id": "pay_RHn0QRA9d1Gh4a",
                    "type": "razorpay",
                    "status": "success",
                    "created_timestamp": 1757920127,
                    "updated_timestamp": 1757920127,
                    "amount": {
                      "value": 200,
                      "offset": 100
                    },
                    "currency": "INR",
                    "method": {
                      "type": "upi"
                    }
                  }
                }
              }
            ]
          },
          "field": "messages"
        }
      ]
    }
  ]
}
[INFO] 2025-09-15 07:08:51,848 basehttp "POST /api/webhook/whatsapp/ HTTP/1.1" 200 22
[INFO] 2025-09-15 07:08:51,972 webhook_processor Processing payment webhook...
[INFO] 2025-09-15 07:08:51,973 webhook_processor Processing payment webhook: reference_id=2025091500007, status=captured
[INFO] 2025-09-15 07:08:51,980 webhook_processor Payment captured for order 2025091500007: ₹2.0
[INFO] 2025-09-15 07:08:52,117 webhook_processor Updated payment for order 2025091500007: pending -> completed
[INFO] 2025-09-15 07:08:52,117 webhook_processor Payment details: method=upi, amount=₹2.0, razorpay_payment_id=pay_RHn0QRA9d1Gh4a
[INFO] 2025-09-15 07:08:52,131 basehttp "GET /api/orders/orders/ HTTP/1.1" 200 832
[INFO] 2025-09-15 07:08:52,226 tasks Webhook 131 processed using orders.webhook_processor.process_payment_webhook
[INFO] 2025-09-15 07:09:15,354 basehttp "GET /api/orders/orders/ HTTP/1.1" 200 832
[INFO] 2025-09-15 07:09:15,484 basehttp "GET /api/orders/orders/ HTTP/1.1" 200 832
[INFO] 2025-09-15 07:09:26,810 basehttp "GET /api/orders/orders/ HTTP/1.1" 200 832
[INFO] 2025-09-15 07:09:56,926 basehttp "GET /api/orders/orders/ HTTP/1.1" 200 832
[INFO] 2025-09-15 07:10:08,966 basehttp "GET /api/orders/orders/ HTTP/1.1" 200 832
[INFO] 2025-09-15 07:10:09,064 basehttp "GET /api/orders/orders/ HTTP/1.1" 200 832
[INFO] 2025-09-15 07:20:10,318 autoreload /home/sohan/whatsapp-campaign/orders/views.py changed, reloading.
[INFO] 2025-09-15 07:20:12,205 autoreload Watching for file changes with StatReloader
[INFO] 2025-09-15 07:21:41,816 autoreload /home/sohan/whatsapp-campaign/orders/views.py changed, reloading.
[INFO] 2025-09-15 07:21:43,586 autoreload Watching for file changes with StatReloader
[INFO] 2025-09-15 07:22:23,728 autoreload /home/sohan/whatsapp-campaign/orders/views.py changed, reloading.
[INFO] 2025-09-15 07:22:25,515 autoreload Watching for file changes with StatReloader
[INFO] 2025-09-15 07:23:00,945 autoreload /home/sohan/whatsapp-campaign/orders/views.py changed, reloading.
[INFO] 2025-09-15 07:23:02,704 autoreload Watching for file changes with StatReloader
[INFO] 2025-09-15 07:23:37,549 autoreload /home/sohan/whatsapp-campaign/orders/urls.py changed, reloading.
[INFO] 2025-09-15 07:23:39,020 autoreload Watching for file changes with StatReloader
[INFO] 2025-09-15 07:24:10,380 autoreload /home/sohan/whatsapp-campaign/orders/urls.py changed, reloading.
[INFO] 2025-09-15 07:24:12,098 autoreload Watching for file changes with StatReloader
[INFO] 2025-09-15 07:29:48,157 views User logged in: campaign_user
[INFO] 2025-09-15 07:29:48,287 basehttp "POST /api/auth/login/ HTTP/1.1" 200 308
[INFO] 2025-09-15 07:29:48,380 basehttp "GET /api/orders/stats/ HTTP/1.1" 200 160
[INFO] 2025-09-15 07:29:59,185 basehttp "GET /api/orders/validated-files/ HTTP/1.1" 200 1455
[INFO] 2025-09-15 07:30:01,644 basehttp "GET /api/orders/orders/ HTTP/1.1" 200 832
[INFO] 2025-09-15 07:30:04,369 basehttp "GET /api/orders/orders/ HTTP/1.1" 200 832
[INFO] 2025-09-15 07:30:04,467 basehttp "GET /api/orders/orders/ HTTP/1.1" 200 832
[INFO] 2025-09-15 07:30:08,875 basehttp "GET /api/orders/orders/ HTTP/1.1" 200 832
[INFO] 2025-09-15 07:30:08,962 basehttp "GET /api/orders/orders/ HTTP/1.1" 200 832
[INFO] 2025-09-15 07:30:18,171 basehttp "GET /api/orders/validated-files/ HTTP/1.1" 200 1455
[INFO] 2025-09-15 07:30:19,979 basehttp "GET /api/orders/processed-files/ HTTP/1.1" 200 609
[INFO] 2025-09-15 07:30:22,604 basehttp "GET /api/orders/stats/ HTTP/1.1" 200 160
[INFO] 2025-09-15 07:33:50,640 basehttp "GET /api/orders/stats/ HTTP/1.1" 200 160
[INFO] 2025-09-15 07:34:31,936 basehttp "GET /api/orders/stats/ HTTP/1.1" 200 160
[INFO] 2025-09-15 07:35:30,567 basehttp "GET /api/orders/stats/ HTTP/1.1" 200 160
[INFO] 2025-09-15 07:35:55,975 basehttp "GET /api/orders/stats/ HTTP/1.1" 200 160
[INFO] 2025-09-15 07:36:36,630 basehttp "GET /api/orders/stats/ HTTP/1.1" 200 160
[INFO] 2025-09-15 07:37:45,764 basehttp "GET /api/orders/stats/ HTTP/1.1" 200 160
[INFO] 2025-09-15 07:39:08,057 basehttp "GET /api/orders/stats/ HTTP/1.1" 200 160
[INFO] 2025-09-15 07:39:41,910 basehttp "GET /api/orders/stats/ HTTP/1.1" 200 160
[INFO] 2025-09-15 07:43:02,602 views User logged in: campaign_user
[INFO] 2025-09-15 07:43:02,706 basehttp "POST /api/auth/login/ HTTP/1.1" 200 308
[INFO] 2025-09-15 07:43:02,783 basehttp "GET /api/orders/stats/ HTTP/1.1" 200 160
[INFO] 2025-09-15 07:44:18,241 basehttp "GET /api/orders/analytics/ HTTP/1.1" 200 1761
[INFO] 2025-09-15 07:44:34,844 basehttp "GET /api/auth/verify-token/ HTTP/1.1" 200 241
[INFO] 2025-09-15 07:44:34,867 basehttp "GET /api/orders/stats/ HTTP/1.1" 200 160
[INFO] 2025-09-15 07:44:49,734 views User logged in: campaign_user
[INFO] 2025-09-15 07:44:49,838 basehttp "POST /api/auth/login/ HTTP/1.1" 200 308
[INFO] 2025-09-15 07:44:49,922 basehttp "GET /api/orders/stats/ HTTP/1.1" 200 160
[INFO] 2025-09-15 07:44:53,458 basehttp "GET /api/orders/analytics/ HTTP/1.1" 200 1761
[INFO] 2025-09-15 07:45:31,720 basehttp "GET /admin/ HTTP/1.1" 200 9524
[INFO] 2025-09-15 07:45:31,769 basehttp "GET /static/admin/css/base.css HTTP/1.1" 200 21207
[INFO] 2025-09-15 07:45:31,773 basehttp "GET /static/admin/css/dark_mode.css HTTP/1.1" 200 2929
[INFO] 2025-09-15 07:45:31,774 basehttp "GET /static/admin/css/dashboard.css HTTP/1.1" 200 441
[INFO] 2025-09-15 07:45:31,775 basehttp "GET /static/admin/css/nav_sidebar.css HTTP/1.1" 200 2694
[INFO] 2025-09-15 07:45:31,776 basehttp "GET /static/admin/css/responsive.css HTTP/1.1" 200 18533
[INFO] 2025-09-15 07:51:35,611 autoreload /home/sohan/whatsapp-campaign/orders/admin.py changed, reloading.
[INFO] 2025-09-15 07:51:37,024 autoreload Watching for file changes with StatReloader
[INFO] 2025-09-15 07:59:49,194 basehttp "GET /admin/ HTTP/1.1" 200 11967
[INFO] 2025-09-15 07:59:51,087 basehttp "GET /admin/orders/order/ HTTP/1.1" 200 20618
[INFO] 2025-09-15 07:59:51,124 basehttp "GET /static/admin/css/changelists.css HTTP/1.1" 200 6566
[INFO] 2025-09-15 07:59:51,132 basehttp "GET /admin/jsi18n/ HTTP/1.1" 200 3343
[INFO] 2025-09-15 08:00:16,754 basehttp "GET /admin/orders/webhookevent/ HTTP/1.1" 200 13615
[INFO] 2025-09-15 08:00:16,813 basehttp "GET /admin/jsi18n/ HTTP/1.1" 200 3343
[INFO] 2025-09-15 08:00:22,135 basehttp "GET /admin/campaigns/webhooklog/ HTTP/1.1" 200 60251
[INFO] 2025-09-15 08:00:22,166 basehttp "GET /admin/jsi18n/ HTTP/1.1" 200 3343
[INFO] 2025-09-15 08:00:25,316 basehttp "GET /admin/campaigns/webhooklog/131/change/ HTTP/1.1" 200 17827
[INFO] 2025-09-15 08:00:25,343 basehttp "GET /static/admin/css/forms.css HTTP/1.1" 200 9047
[INFO] 2025-09-15 08:00:25,347 basehttp "GET /static/admin/js/change_form.js HTTP/1.1" 200 606
[INFO] 2025-09-15 08:00:25,349 basehttp "GET /static/admin/js/prepopulate_init.js HTTP/1.1" 200 586
[INFO] 2025-09-15 08:00:25,358 basehttp "GET /admin/jsi18n/ HTTP/1.1" 200 3343
[INFO] 2025-09-15 08:00:25,365 basehttp "GET /static/admin/css/widgets.css HTTP/1.1" 200 11900
[INFO] 2025-09-15 08:00:47,706 basehttp "GET /admin/campaigns/webhooklog/ HTTP/1.1" 200 60251
[INFO] 2025-09-15 08:00:47,747 basehttp "GET /admin/jsi18n/ HTTP/1.1" 200 3343
[INFO] 2025-09-15 08:00:50,350 basehttp "GET /admin/campaigns/webhooklog/129/change/ HTTP/1.1" 200 17473
[INFO] 2025-09-15 08:00:50,403 basehttp "GET /admin/jsi18n/ HTTP/1.1" 200 3343
[INFO] 2025-09-15 08:00:59,130 basehttp "GET /admin/campaigns/webhooklog/ HTTP/1.1" 200 60251
[INFO] 2025-09-15 08:00:59,163 basehttp "GET /admin/jsi18n/ HTTP/1.1" 200 3343
[INFO] 2025-09-15 08:01:04,349 basehttp "GET /admin/campaigns/webhooklog/127/change/ HTTP/1.1" 200 17526
[INFO] 2025-09-15 08:01:04,403 basehttp "GET /admin/jsi18n/ HTTP/1.1" 200 3343
[INFO] 2025-09-15 08:01:40,698 basehttp "GET /admin/campaigns/webhooklog/ HTTP/1.1" 200 60251
[INFO] 2025-09-15 08:01:40,736 basehttp "GET /admin/jsi18n/ HTTP/1.1" 200 3343
[INFO] 2025-09-15 08:01:43,407 basehttp "GET /admin/campaigns/webhooklog/126/change/ HTTP/1.1" 200 17821
[INFO] 2025-09-15 08:01:43,461 basehttp "GET /admin/jsi18n/ HTTP/1.1" 200 3343
[INFO] 2025-09-15 08:02:41,721 basehttp "GET /admin/campaigns/webhooklog/ HTTP/1.1" 200 60251
[INFO] 2025-09-15 08:02:41,758 basehttp "GET /admin/jsi18n/ HTTP/1.1" 200 3343
[INFO] 2025-09-15 08:02:43,070 basehttp "GET /admin/campaigns/webhooklog/131/change/ HTTP/1.1" 200 17827
[INFO] 2025-09-15 08:02:43,127 basehttp "GET /admin/jsi18n/ HTTP/1.1" 200 3343
[INFO] 2025-09-15 08:05:07,941 basehttp "GET /admin/orders/webhookevent/ HTTP/1.1" 200 13615
[INFO] 2025-09-15 08:05:07,983 basehttp "GET /admin/jsi18n/ HTTP/1.1" 200 3343
[INFO] 2025-09-15 08:27:45,263 basehttp "GET /admin/orders/validatedfile/ HTTP/1.1" 200 22156
[INFO] 2025-09-15 08:27:45,316 basehttp "GET /admin/jsi18n/ HTTP/1.1" 200 3343
[INFO] 2025-09-15 08:27:46,047 basehttp "GET /admin/orders/parsedchatfile/ HTTP/1.1" 200 16038
[INFO] 2025-09-15 08:27:46,098 basehttp "GET /admin/jsi18n/ HTTP/1.1" 200 3343
[INFO] 2025-09-15 08:27:47,788 basehttp "GET /admin/orders/order/ HTTP/1.1" 200 20618
[INFO] 2025-09-15 08:27:47,844 basehttp "GET /admin/jsi18n/ HTTP/1.1" 200 3343
[INFO] 2025-09-15 08:27:48,864 basehttp "GET /admin/orders/chatfile/ HTTP/1.1" 200 17899
[INFO] 2025-09-15 08:27:48,926 basehttp "GET /admin/jsi18n/ HTTP/1.1" 200 3343
[INFO] 2025-09-15 09:01:22,113 webhook_handler Received webhook: {
  "object": "whatsapp_business_account",
  "entry": [
    {
      "id": "114374441730441",
      "changes": [
        {
          "value": {
            "messaging_product": "whatsapp",
            "metadata": {
              "display_phone_number": "917996002222",
              "phone_number_id": "114392571729051"
            },
            "statuses": [
              {
                "id": "wamid.HBgMOTE5NDc0ODE2NTk0FQIAERgSRURFMTk2ODJGNTBGNkYwRjA0AA==",
                "status": "read",
                "timestamp": "1757728996",
                "recipient_id": "919474816594"
              }
            ]
          },
          "field": "messages"
        }
      ]
    }
  ]
}
[INFO] 2025-09-15 09:01:22,817 basehttp "POST /api/webhook/whatsapp/ HTTP/1.1" 200 22
[INFO] 2025-09-15 09:01:23,064 webhook_processor Processing status update: wamid.HBgMOTE5NDc0ODE2NTk0FQIAERgSRURFMTk2ODJGNTBGNkYwRjA0AA== -> read
[INFO] 2025-09-15 09:01:23,223 webhook_processor Updated campaign message wamid.HBgMOTE5NDc0ODE2NTk0FQIAERgSRURFMTk2ODJGNTBGNkYwRjA0AA==: delivered -> read
[INFO] 2025-09-15 09:01:23,304 tasks Webhook 132 processed using campaigns.webhook_processor.process_360dialog_webhook
[WARNING] 2025-09-15 09:20:28,703 log Not Found: /api/api/auth/login/
[WARNING] 2025-09-15 09:20:28,704 basehttp "POST /api/api/auth/login/ HTTP/1.1" 404 8969
[WARNING] 2025-09-15 09:36:48,091 log Not Found: /api/api/auth/login/
[WARNING] 2025-09-15 09:36:48,092 basehttp "POST /api/api/auth/login/ HTTP/1.1" 404 8969
[WARNING] 2025-09-15 09:44:10,416 log Not Found: /api/api/auth/login/
[WARNING] 2025-09-15 09:44:10,417 basehttp "POST /api/api/auth/login/ HTTP/1.1" 404 8969
[WARNING] 2025-09-15 09:51:20,322 log Not Found: /api/api/auth/login/
[WARNING] 2025-09-15 09:51:20,322 basehttp "POST /api/api/auth/login/ HTTP/1.1" 404 8969
[WARNING] 2025-09-15 09:57:11,847 log Not Found: /api/api/auth/login/
[WARNING] 2025-09-15 09:57:11,849 basehttp "POST /api/api/auth/login/ HTTP/1.1" 404 8969
[WARNING] 2025-09-15 10:00:37,280 log Not Found: /api/api/auth/login/
[WARNING] 2025-09-15 10:00:37,281 basehttp "POST /api/api/auth/login/ HTTP/1.1" 404 8969
[WARNING] 2025-09-15 10:03:00,169 log Not Found: /api/api/auth/login/
[WARNING] 2025-09-15 10:03:00,170 basehttp "POST /api/api/auth/login/ HTTP/1.1" 404 8969
[WARNING] 2025-09-15 10:03:04,215 log Not Found: /api/api/auth/login/
[WARNING] 2025-09-15 10:03:04,216 basehttp "POST /api/api/auth/login/ HTTP/1.1" 404 8969
[WARNING] 2025-09-15 10:03:20,668 log Not Found: /api/api/auth/login/
[WARNING] 2025-09-15 10:03:20,670 basehttp "POST /api/api/auth/login/ HTTP/1.1" 404 8969
[WARNING] 2025-09-15 10:15:23,902 log Not Found: /api/api/auth/login/
[WARNING] 2025-09-15 10:15:23,902 basehttp "POST /api/api/auth/login/ HTTP/1.1" 404 8969
[WARNING] 2025-09-15 10:17:25,371 log Not Found: /api/api/auth/login/
[WARNING] 2025-09-15 10:17:25,372 basehttp "POST /api/api/auth/login/ HTTP/1.1" 404 8969
[WARNING] 2025-09-15 10:21:34,192 log Not Found: /api/api/auth/login/
[WARNING] 2025-09-15 10:21:34,193 basehttp "POST /api/api/auth/login/ HTTP/1.1" 404 8969
[INFO] 2025-09-15 10:23:15,215 views User logged in: campaign_user
[INFO] 2025-09-15 10:23:15,327 basehttp "POST /api/auth/login/ HTTP/1.1" 200 308
[INFO] 2025-09-15 10:23:16,004 basehttp "GET /api/stats/ HTTP/1.1" 200 235
[INFO] 2025-09-15 10:23:55,841 basehttp "GET /api HTTP/1.1" 301 0
[WARNING] 2025-09-15 10:23:56,254 log Unauthorized: /api/
[WARNING] 2025-09-15 10:23:56,255 basehttp "GET /api/ HTTP/1.1" 401 9791
[INFO] 2025-09-15 10:23:56,495 basehttp "GET /static/rest_framework/js/default.js HTTP/1.1" 200 1268
[INFO] 2025-09-15 10:23:56,496 basehttp "GET /static/rest_framework/js/ajax-form.js HTTP/1.1" 200 3597
[INFO] 2025-09-15 10:23:56,496 basehttp "GET /static/rest_framework/js/csrf.js HTTP/1.1" 200 1719
[INFO] 2025-09-15 10:23:56,496 basehttp "GET /static/rest_framework/js/prettify-min.js HTTP/1.1" 200 13632
[INFO] 2025-09-15 10:23:56,507 basehttp "GET /static/rest_framework/css/prettify.css HTTP/1.1" 200 817
[INFO] 2025-09-15 10:23:56,508 basehttp "GET /static/rest_framework/css/bootstrap-tweaks.css HTTP/1.1" 200 3385
[INFO] 2025-09-15 10:23:56,508 basehttp "GET /static/rest_framework/css/default.css HTTP/1.1" 200 1152
[INFO] 2025-09-15 10:23:56,546 basehttp "GET /static/rest_framework/js/bootstrap.min.js HTTP/1.1" 200 39680
[INFO] 2025-09-15 10:23:56,549 basehttp "GET /static/rest_framework/js/jquery-3.5.1.min.js HTTP/1.1" 200 89476
[INFO] 2025-09-15 10:23:56,586 basehttp "GET /static/rest_framework/css/bootstrap.min.css HTTP/1.1" 200 121457
[INFO] 2025-09-15 10:23:57,264 basehttp "GET /static/rest_framework/img/grid.png HTTP/1.1" 200 1458
[WARNING] 2025-09-15 10:23:57,383 log Not Found: /favicon.ico
[WARNING] 2025-09-15 10:23:57,383 basehttp "GET /favicon.ico HTTP/1.1" 404 2844
[WARNING] 2025-09-15 10:24:16,078 log Not Found: /api/api/auth/login/
[WARNING] 2025-09-15 10:24:16,079 basehttp "POST /api/api/auth/login/ HTTP/1.1" 404 8969
[WARNING] 2025-09-15 10:26:11,911 log Not Found: /api/api/auth/login/
[WARNING] 2025-09-15 10:26:11,912 basehttp "POST /api/api/auth/login/ HTTP/1.1" 404 8969
[WARNING] 2025-09-15 10:27:18,247 log Not Found: /api/api/auth/login/
[WARNING] 2025-09-15 10:27:18,247 basehttp "POST /api/api/auth/login/ HTTP/1.1" 404 8969
[INFO] 2025-09-15 10:51:57,124 webhook_handler Received webhook: {
  "object": "whatsapp_business_account",
  "entry": [
    {
      "id": "114374441730441",
      "changes": [
        {
          "value": {
            "messaging_product": "whatsapp",
            "metadata": {
              "display_phone_number": "917996002222",
              "phone_number_id": "114392571729051"
            },
            "statuses": [
              {
                "id": "wamid.HBgMOTE5NDc0ODE2NTk0FQIAERgSRjQxNjZDREEwNjEwNEVFRkNFAA==",
                "status": "read",
                "timestamp": "1757728996",
                "recipient_id": "919474816594"
              }
            ]
          },
          "field": "messages"
        }
      ]
    }
  ]
}
[INFO] 2025-09-15 10:51:57,520 basehttp "POST /api/webhook/whatsapp/ HTTP/1.1" 200 22
[INFO] 2025-09-15 10:51:57,661 webhook_processor Processing status update: wamid.HBgMOTE5NDc0ODE2NTk0FQIAERgSRjQxNjZDREEwNjEwNEVFRkNFAA== -> read
[INFO] 2025-09-15 10:51:57,934 webhook_processor Updated campaign message wamid.HBgMOTE5NDc0ODE2NTk0FQIAERgSRjQxNjZDREEwNjEwNEVFRkNFAA==: sent -> read
[INFO] 2025-09-15 10:51:58,076 tasks Webhook 133 processed using campaigns.webhook_processor.process_360dialog_webhook
[WARNING] 2025-09-15 10:52:38,447 log Not Found: /api/api/auth/login/
[WARNING] 2025-09-15 10:52:38,448 basehttp "POST /api/api/auth/login/ HTTP/1.1" 404 8969
[INFO] 2025-09-15 11:05:32,016 basehttp "GET /api/stats/ HTTP/1.1" 200 235
[INFO] 2025-09-15 11:05:32,833 basehttp "GET /api/campaigns/?page=1 HTTP/1.1" 200 5008
[WARNING] 2025-09-15 11:06:53,230 log Not Found: /api/api/auth/login/
[WARNING] 2025-09-15 11:06:53,231 basehttp "POST /api/api/auth/login/ HTTP/1.1" 404 8969
[INFO] 2025-09-15 11:10:34,099 autoreload Watching for file changes with StatReloader
[WARNING] 2025-09-15 11:11:43,377 log Not Found: /api/api/auth/login/
[WARNING] 2025-09-15 11:11:43,378 basehttp "POST /api/api/auth/login/ HTTP/1.1" 404 8969
[INFO] 2025-09-15 11:23:12,335 views User logged in: campaign_user
[INFO] 2025-09-15 11:23:12,450 basehttp "POST /api/auth/login/ HTTP/1.1" 200 308
[INFO] 2025-09-15 11:23:13,135 basehttp "GET /api/orders/stats/ HTTP/1.1" 200 160
[INFO] 2025-09-15 11:23:31,569 basehttp "GET /api/orders/analytics/ HTTP/1.1" 200 1761
[INFO] 2025-09-15 11:46:45,994 basehttp "GET /api/orders/stats/ HTTP/1.1" 200 160
[INFO] 2025-09-15 12:00:35,316 basehttp "GET /api/campaigns/?page=1 HTTP/1.1" 200 5008
[INFO] 2025-09-15 12:01:32,542 views User logged out: 
[INFO] 2025-09-15 12:01:32,545 basehttp "POST /api/auth/logout/ HTTP/1.1" 200 46
[INFO] 2025-09-15 12:05:18,284 views User logged in: campaign_user
[INFO] 2025-09-15 12:05:18,402 basehttp "POST /api/auth/login/ HTTP/1.1" 200 308
[INFO] 2025-09-15 12:05:19,102 basehttp "GET /api/orders/stats/ HTTP/1.1" 200 160
[INFO] 2025-09-15 12:06:06,533 views Chat file uploaded: chat-farmveda-demo.txt by user campaign_user
[INFO] 2025-09-15 12:06:06,535 basehttp "POST /api/orders/chatfiles/ HTTP/1.1" 201 379
[INFO] 2025-09-15 12:06:07,541 basehttp "POST /api/orders/chatfiles/5a9b4d67-2b3a-49bd-902c-e1fe08a73a91/process/ HTTP/1.1" 200 101
[INFO] 2025-09-15 12:06:11,731 tasks Starting complete processing of chat file: chat-farmveda-demo.txt
[INFO] 2025-09-15 12:06:11,734 tasks Step 1: Basic chat parsing...
[INFO] 2025-09-15 12:06:11,735 tasks Parsed 2 messages
[INFO] 2025-09-15 12:06:11,736 tasks Step 2: AI classification (this may take time due to rate limits)...
[INFO] 2025-09-15 12:06:14,975 tasks AI classification completed. Found 1 orders
[INFO] 2025-09-15 12:06:15,849 tasks Complete processing successful: chat-farmveda-demo_processed.xlsx
[INFO] 2025-09-15 12:06:15,849 tasks Final stats: 2 messages, 1 orders
[INFO] 2025-09-15 12:06:23,186 basehttp "GET /api/orders/chatfiles/5a9b4d67-2b3a-49bd-902c-e1fe08a73a91/ HTTP/1.1" 200 340
[INFO] 2025-09-15 12:06:23,863 basehttp "GET /api/orders/processed-files/ HTTP/1.1" 200 868
[INFO] 2025-09-15 12:06:32,564 basehttp "GET /api/orders/processed-files/ HTTP/1.1" 200 868
[INFO] 2025-09-15 12:06:46,337 basehttp "GET /api/orders/processed-files/ HTTP/1.1" 200 868
[INFO] 2025-09-15 12:06:47,133 views Downloaded processed file: chat-farmveda-demo_processed.xlsx by user campaign_user
[INFO] 2025-09-15 12:06:47,155 basehttp "GET /api/orders/processed-files/99d3169f-dc46-493b-a50f-581494165666/download/ HTTP/1.1" 200 5132
[INFO] 2025-09-15 12:06:49,414 basehttp "GET /api/orders/processed-files/ HTTP/1.1" 200 893
[INFO] 2025-09-15 12:09:41,110 basehttp "GET /api/orders/processed-files/ HTTP/1.1" 200 893
[INFO] 2025-09-15 12:09:48,584 basehttp "GET /api/orders/processed-files/ HTTP/1.1" 200 893
[INFO] 2025-09-15 12:09:55,499 basehttp "GET /api/orders/processed-files/ HTTP/1.1" 200 893
[INFO] 2025-09-15 12:09:56,339 views Validated file uploaded: chat-farmveda-demo1_validated.xlsx by user campaign_user
[INFO] 2025-09-15 12:09:56,341 basehttp "POST /api/orders/validated-files/ HTTP/1.1" 201 817
[INFO] 2025-09-15 12:09:59,184 basehttp "GET /api/orders/processed-files/ HTTP/1.1" 200 893
[INFO] 2025-09-15 12:10:02,834 basehttp "GET /api/orders/validated-files/ HTTP/1.1" 200 1654
[WARNING] 2025-09-15 12:10:03,487 log Not Found: /apiorders/
[WARNING] 2025-09-15 12:10:03,488 basehttp "GET /apiorders/?validated_file=9dbfbaab-2ef1-4bcc-b4e2-5e925e82a114 HTTP/1.1" 404 2893
[INFO] 2025-09-15 12:10:15,798 basehttp "GET /api/orders/validated-files/ HTTP/1.1" 200 1654
[WARNING] 2025-09-15 12:10:16,431 log Not Found: /apiorders/
[WARNING] 2025-09-15 12:10:16,432 basehttp "GET /apiorders/?validated_file=9dbfbaab-2ef1-4bcc-b4e2-5e925e82a114 HTTP/1.1" 404 2893
[INFO] 2025-09-15 12:10:30,622 basehttp "GET /api/orders/validated-files/ HTTP/1.1" 200 1654
[WARNING] 2025-09-15 12:10:31,252 log Not Found: /apiorders/
[WARNING] 2025-09-15 12:10:31,253 basehttp "GET /apiorders/?validated_file=9dbfbaab-2ef1-4bcc-b4e2-5e925e82a114 HTTP/1.1" 404 2893
[INFO] 2025-09-15 12:10:31,953 utils Starting sync extraction from chat-farmveda-demo1_validated.xlsx
[INFO] 2025-09-15 12:10:32,611 utils Read 2 rows from chat-farmveda-demo1_validated.xlsx
[INFO] 2025-09-15 12:10:32,649 utils 🔍 Extracting Row 1:
[INFO] 2025-09-15 12:10:32,652 utils    Raw Phone/Name: '917702828811' (type: <class 'int'>)
[INFO] 2025-09-15 12:10:32,653 utils    Raw Items: 'Apples: 1, Pears: 1' (type: <class 'str'>)
[INFO] 2025-09-15 12:10:32,654 utils    Raw Total_Amount: '1+2=3' (type: <class 'str'>)
[INFO] 2025-09-15 12:10:32,655 utils    Processed phone_number: '917702828811'
[INFO] 2025-09-15 12:10:32,656 utils    Processed order_items_str: 'Apples: 1, Pears: 1'
[INFO] 2025-09-15 12:10:32,656 utils    Processed amount_str: '1+2=3'
[INFO] 2025-09-15 12:10:32,750 utils 🔍 Extracting Row 2:
[INFO] 2025-09-15 12:10:32,751 utils    Raw Phone/Name: '919538095601' (type: <class 'int'>)
[INFO] 2025-09-15 12:10:32,751 utils    Raw Items: 'Pears:1' (type: <class 'str'>)
[INFO] 2025-09-15 12:10:32,751 utils    Raw Total_Amount: '2' (type: <class 'int'>)
[INFO] 2025-09-15 12:10:32,752 utils    Processed phone_number: '919538095601'
[INFO] 2025-09-15 12:10:32,752 utils    Processed order_items_str: 'Pears:1'
[INFO] 2025-09-15 12:10:32,752 utils    Processed amount_str: '2'
[INFO] 2025-09-15 12:10:32,892 utils Successfully created 2 orders from chat-farmveda-demo1_validated.xlsx
[INFO] 2025-09-15 12:10:32,967 views Successfully extracted 2 orders from chat-farmveda-demo1_validated.xlsx
[INFO] 2025-09-15 12:10:32,970 basehttp "POST /api/orders/validated-files/9dbfbaab-2ef1-4bcc-b4e2-5e925e82a114/extract_orders/ HTTP/1.1" 200 470
[INFO] 2025-09-15 12:10:33,621 views Starting to send 2 order messages for chat-farmveda-demo1_validated.xlsx
[INFO] 2025-09-15 12:10:33,636 whatsapp_service WhatsApp client initialized successfully
[INFO] 2025-09-15 12:10:33,641 whatsapp_service Starting bulk send for 2 orders with 2.0s delay
[INFO] 2025-09-15 12:10:33,641 whatsapp_service Processing order 1/2: 2025091500009
[INFO] 2025-09-15 12:10:33,642 whatsapp_service Sending order message for 2025091500009 to 917702828811
[INFO] 2025-09-15 12:10:33,642 whatsapp_service 🔍 Building payload for Order 2025091500009
[INFO] 2025-09-15 12:10:33,642 whatsapp_service    Raw order.order_items: 'Apples: 1, Pears: 1' (type: <class 'str'>)
[INFO] 2025-09-15 12:10:33,642 whatsapp_service    Raw order.amount: '1+2=3' (type: <class 'str'>)
[INFO] 2025-09-15 12:10:33,643 whatsapp_service    Processed order_items_str: 'Apples: 1, Pears: 1'
[INFO] 2025-09-15 12:10:33,643 whatsapp_service    Processed total_amount_str: '1+2=3'
[INFO] 2025-09-15 12:10:33,643 whatsapp_service    Parsed items count: 2
[INFO] 2025-09-15 12:10:33,643 whatsapp_service    Total amount in paisa: 300
[INFO] 2025-09-15 12:10:33,644 whatsapp_service    Item 1: Apples x1 = ₹1.0
[INFO] 2025-09-15 12:10:33,644 whatsapp_service    Item 2: Pears x1 = ₹2.0
[INFO] 2025-09-15 12:10:33,644 whatsapp_service ✅ Built payload for order 2025091500009 to 917702828811 - Items: Apples: 1, Pears: 1
[INFO] 2025-09-15 12:10:33,644 whatsapp_service 📤 COMPLETE PAYLOAD for Order 2025091500009:
[INFO] 2025-09-15 12:10:33,645 whatsapp_service    Recipient: 917702828811
[INFO] 2025-09-15 12:10:33,645 whatsapp_service    Template: sample_order_details
[INFO] 2025-09-15 12:10:33,645 whatsapp_service    Currency: INR
[INFO] 2025-09-15 12:10:33,645 whatsapp_service    Reference ID: 2025091500009
[INFO] 2025-09-15 12:10:33,646 whatsapp_service    Total Amount: ₹3.0
[INFO] 2025-09-15 12:10:33,646 whatsapp_service    Items in payload: 2
[INFO] 2025-09-15 12:10:33,648 whatsapp_service 📋 JSON PAYLOAD:
{
  "messaging_product": "whatsapp",
  "recipient_type": "individual",
  "to": "917702828811",
  "type": "template",
  "template": {
    "name": "sample_order_details",
    "language": {
      "policy": "deterministic",
      "code": "en"
    },
    "components": [
      {
        "type": "button",
        "sub_type": "order_details",
        "index": 0,
        "parameters": [
          {
            "type": "action",
            "action": {
              "order_details": {
                "currency": "INR",
                "order": {
                  "items": [
                    {
                      "amount": {
                        "offset": 100,
                        "value": 100
                      },
                      "name": "Apples",
                      "quantity": 1,
                      "country_of_origin": "India",
                      "importer_name": "Farmveda"
                    },
                    {
                      "amount": {
                        "offset": 100,
                        "value": 200
                      },
                      "name": "Pears",
                      "quantity": 1,
                      "country_of_origin": "India",
                      "importer_name": "Farmveda"
                    }
                  ],
                  "status": "pending",
                  "subtotal": {
                    "offset": 100,
                    "value": 300
                  }
                },
                "payment_settings": [
                  {
                    "type": "payment_gateway",
                    "payment_gateway": {
                      "type": "razorpay",
                      "configuration_name": "WhatsappGroups-Payments"
                    }
                  }
                ],
                "reference_id": "2025091500009",
                "total_amount": {
                  "offset": 100,
                  "value": 300
                },
                "type": "physical-goods"
              }
            }
          }
        ]
      }
    ]
  }
}
[INFO] 2025-09-15 12:10:33,794 whatsapp_360_client Sending WhatsApp message to 917702828811
[INFO] 2025-09-15 12:10:36,851 whatsapp_360_client Message sent successfully: {'messaging_product': 'whatsapp', 'contacts': [{'input': '917702828811', 'wa_id': '917702828811'}], 'messages': [{'id': 'wamid.HBgMOTE3NzAyODI4ODExFQIAERgSOTlBNjc4RERGM0U3RTMxODM1AA==', 'message_status': 'accepted'}]}
[INFO] 2025-09-15 12:10:36,852 whatsapp_service ✅ Order 2025091500009 sent successfully
[INFO] 2025-09-15 12:10:36,937 whatsapp_service ⏳ Waiting 2.0 seconds before next message...
[INFO] 2025-09-15 12:10:38,939 whatsapp_service Processing order 2/2: 2025091500010
[INFO] 2025-09-15 12:10:38,940 whatsapp_service Sending order message for 2025091500010 to 919538095601
[INFO] 2025-09-15 12:10:38,940 whatsapp_service 🔍 Building payload for Order 2025091500010
[INFO] 2025-09-15 12:10:38,940 whatsapp_service    Raw order.order_items: 'Pears:1' (type: <class 'str'>)
[INFO] 2025-09-15 12:10:38,940 whatsapp_service    Raw order.amount: '2' (type: <class 'str'>)
[INFO] 2025-09-15 12:10:38,941 whatsapp_service    Processed order_items_str: 'Pears:1'
[INFO] 2025-09-15 12:10:38,941 whatsapp_service    Processed total_amount_str: '2'
[INFO] 2025-09-15 12:10:38,941 whatsapp_service    Parsed items count: 1
[INFO] 2025-09-15 12:10:38,941 whatsapp_service    Total amount in paisa: 200
[INFO] 2025-09-15 12:10:38,941 whatsapp_service    Item 1: Pears x1 = ₹2.0
[INFO] 2025-09-15 12:10:38,942 whatsapp_service ✅ Built payload for order 2025091500010 to 919538095601 - Items: Pears:1
[INFO] 2025-09-15 12:10:38,942 whatsapp_service 📤 COMPLETE PAYLOAD for Order 2025091500010:
[INFO] 2025-09-15 12:10:38,942 whatsapp_service    Recipient: 919538095601
[INFO] 2025-09-15 12:10:38,942 whatsapp_service    Template: sample_order_details
[INFO] 2025-09-15 12:10:38,942 whatsapp_service    Currency: INR
[INFO] 2025-09-15 12:10:38,943 whatsapp_service    Reference ID: 2025091500010
[INFO] 2025-09-15 12:10:38,943 whatsapp_service    Total Amount: ₹2.0
[INFO] 2025-09-15 12:10:38,943 whatsapp_service    Items in payload: 1
[INFO] 2025-09-15 12:10:38,944 whatsapp_service 📋 JSON PAYLOAD:
{
  "messaging_product": "whatsapp",
  "recipient_type": "individual",
  "to": "919538095601",
  "type": "template",
  "template": {
    "name": "sample_order_details",
    "language": {
      "policy": "deterministic",
      "code": "en"
    },
    "components": [
      {
        "type": "button",
        "sub_type": "order_details",
        "index": 0,
        "parameters": [
          {
            "type": "action",
            "action": {
              "order_details": {
                "currency": "INR",
                "order": {
                  "items": [
                    {
                      "amount": {
                        "offset": 100,
                        "value": 200
                      },
                      "name": "Pears",
                      "quantity": 1,
                      "country_of_origin": "India",
                      "importer_name": "Farmveda"
                    }
                  ],
                  "status": "pending",
                  "subtotal": {
                    "offset": 100,
                    "value": 200
                  }
                },
                "payment_settings": [
                  {
                    "type": "payment_gateway",
                    "payment_gateway": {
                      "type": "razorpay",
                      "configuration_name": "WhatsappGroups-Payments"
                    }
                  }
                ],
                "reference_id": "2025091500010",
                "total_amount": {
                  "offset": 100,
                  "value": 200
                },
                "type": "physical-goods"
              }
            }
          }
        ]
      }
    ]
  }
}
[INFO] 2025-09-15 12:10:38,947 webhook_handler Received webhook: {
  "object": "whatsapp_business_account",
  "entry": [
    {
      "id": "114374441730441",
      "changes": [
        {
          "value": {
            "messaging_product": "whatsapp",
            "metadata": {
              "display_phone_number": "917996002222",
              "phone_number_id": "114392571729051"
            },
            "statuses": [
              {
                "id": "wamid.HBgMOTE3NzAyODI4ODExFQIAERgSOTlBNjc4RERGM0U3RTMxODM1AA==",
                "status": "failed",
                "timestamp": "1757938237",
                "recipient_id": "917702828811",
                "errors": [
                  {
                    "code": 131049,
                    "title": "This message was not delivered to maintain healthy ecosystem engagement.",
                    "message": "This message was not delivered to maintain healthy ecosystem engagement.",
                    "error_data": {
                      "details": "In order to maintain a healthy ecosystem engagement, the message failed to be delivered."
                    },
                    "href": "https://developers.facebook.com/docs/whatsapp/cloud-api/support/error-codes/"
                  }
                ]
              }
            ]
          },
          "field": "messages"
        }
      ]
    }
  ]
}
[INFO] 2025-09-15 12:10:39,044 basehttp "POST /api/webhook/whatsapp/ HTTP/1.1" 200 22
[INFO] 2025-09-15 12:10:39,122 whatsapp_360_client Sending WhatsApp message to 919538095601
[INFO] 2025-09-15 12:10:39,205 webhook_processor Processing order status update: wamid.HBgMOTE3NzAyODI4ODExFQIAERgSOTlBNjc4RERGM0U3RTMxODM1AA== -> failed
[ERROR] 2025-09-15 12:10:39,208 webhook_processor Order wamid.HBgMOTE3NzAyODI4ODExFQIAERgSOTlBNjc4RERGM0U3RTMxODM1AA== failed: Error 131049: This message was not delivered to maintain healthy ecosystem engagement.
[INFO] 2025-09-15 12:10:39,391 webhook_processor Updated order wamid.HBgMOTE3NzAyODI4ODExFQIAERgSOTlBNjc4RERGM0U3RTMxODM1AA==: sent -> failed
[INFO] 2025-09-15 12:10:39,626 tasks Webhook 134 processed using orders.webhook_processor.process_order_webhook_status
[INFO] 2025-09-15 12:10:40,122 whatsapp_360_client Message sent successfully: {'messaging_product': 'whatsapp', 'contacts': [{'input': '919538095601', 'wa_id': '919538095601'}], 'messages': [{'id': 'wamid.HBgMOTE5NTM4MDk1NjAxFQIAERgSMkVFNzFEQkY3MjZDNEEyNzZBAA==', 'message_status': 'accepted'}]}
[INFO] 2025-09-15 12:10:40,123 whatsapp_service ✅ Order 2025091500010 sent successfully
[INFO] 2025-09-15 12:10:40,277 whatsapp_service 📊 Bulk send complete: 2 sent, 0 failed in 6s
[INFO] 2025-09-15 12:10:40,282 basehttp "POST /api/orders/send-messages/ HTTP/1.1" 200 1109
[INFO] 2025-09-15 12:10:42,395 webhook_handler Received webhook: {
  "object": "whatsapp_business_account",
  "entry": [
    {
      "id": "114374441730441",
      "changes": [
        {
          "value": {
            "messaging_product": "whatsapp",
            "metadata": {
              "display_phone_number": "917996002222",
              "phone_number_id": "114392571729051"
            },
            "statuses": [
              {
                "id": "wamid.HBgMOTE5NTM4MDk1NjAxFQIAERgSMkVFNzFEQkY3MjZDNEEyNzZBAA==",
                "status": "failed",
                "timestamp": "1757938240",
                "recipient_id": "919538095601",
                "errors": [
                  {
                    "code": 131049,
                    "title": "This message was not delivered to maintain healthy ecosystem engagement.",
                    "message": "This message was not delivered to maintain healthy ecosystem engagement.",
                    "error_data": {
                      "details": "In order to maintain a healthy ecosystem engagement, the message failed to be delivered."
                    },
                    "href": "https://developers.facebook.com/docs/whatsapp/cloud-api/support/error-codes/"
                  }
                ]
              }
            ]
          },
          "field": "messages"
        }
      ]
    }
  ]
}
[INFO] 2025-09-15 12:10:42,410 basehttp "POST /api/webhook/whatsapp/ HTTP/1.1" 200 22
[INFO] 2025-09-15 12:10:42,536 webhook_processor Processing order status update: wamid.HBgMOTE5NTM4MDk1NjAxFQIAERgSMkVFNzFEQkY3MjZDNEEyNzZBAA== -> failed
[ERROR] 2025-09-15 12:10:42,539 webhook_processor Order wamid.HBgMOTE5NTM4MDk1NjAxFQIAERgSMkVFNzFEQkY3MjZDNEEyNzZBAA== failed: Error 131049: This message was not delivered to maintain healthy ecosystem engagement.
[INFO] 2025-09-15 12:10:42,639 webhook_processor Updated order wamid.HBgMOTE5NTM4MDk1NjAxFQIAERgSMkVFNzFEQkY3MjZDNEEyNzZBAA==: sent -> failed
[INFO] 2025-09-15 12:10:42,771 tasks Webhook 135 processed using orders.webhook_processor.process_order_webhook_status
[INFO] 2025-09-15 12:10:59,954 basehttp "GET /api/orders/validated-files/ HTTP/1.1" 200 1653
[INFO] 2025-09-15 12:11:00,597 basehttp "GET /api/orders/orders/ HTTP/1.1" 200 1258
[INFO] 2025-09-15 12:11:30,688 basehttp "GET /api/orders/validated-files/ HTTP/1.1" 200 1653
[INFO] 2025-09-15 12:11:31,395 basehttp "GET /api/orders/orders/?validated_file=9dbfbaab-2ef1-4bcc-b4e2-5e925e82a114 HTTP/1.1" 200 674
[INFO] 2025-09-15 12:22:36,635 views User logged in: Sohan
[INFO] 2025-09-15 12:22:36,770 basehttp "POST /api/auth/login/ HTTP/1.1" 200 316
[INFO] 2025-09-15 12:22:37,514 basehttp "GET /api/orders/stats/ HTTP/1.1" 200 159
[INFO] 2025-09-15 13:17:42,955 basehttp "GET /api/auth/verify-token/ HTTP/1.1" 200 249
[INFO] 2025-09-15 13:18:30,287 views User logged in: Sohan
[INFO] 2025-09-15 13:18:30,518 basehttp "POST /api/auth/login/ HTTP/1.1" 200 316
[INFO] 2025-09-15 13:18:31,345 basehttp "GET /api/stats/ HTTP/1.1" 200 207
[INFO] 2025-09-15 13:21:28,891 autoreload Watching for file changes with StatReloader
[INFO] 2025-09-15 13:24:33,389 views User logged in: Sohan
[INFO] 2025-09-15 13:24:33,789 basehttp "POST /api/auth/login/ HTTP/1.1" 200 316
[INFO] 2025-09-15 13:24:34,672 basehttp "GET /api/stats/ HTTP/1.1" 200 207
[INFO] 2025-09-15 13:35:49,607 views User logged in: Sohan
[INFO] 2025-09-15 13:35:49,959 basehttp "POST /api/auth/login/ HTTP/1.1" 200 316
[INFO] 2025-09-15 13:35:50,690 basehttp "GET /api/stats/ HTTP/1.1" 200 207
[INFO] 2025-09-15 16:03:44,252 basehttp "GET /admin/orders/chatfile/ HTTP/1.1" 302 0
[INFO] 2025-09-15 16:03:44,880 basehttp "GET /admin/login/?next=/admin/orders/chatfile/ HTTP/1.1" 200 4213
[INFO] 2025-09-15 16:03:45,122 basehttp "GET /static/admin/css/dark_mode.css HTTP/1.1" 200 2929
[INFO] 2025-09-15 16:03:45,122 basehttp "GET /static/admin/css/login.css HTTP/1.1" 200 958
[INFO] 2025-09-15 16:03:45,132 basehttp "GET /static/admin/css/nav_sidebar.css HTTP/1.1" 200 2694
[INFO] 2025-09-15 16:03:45,133 basehttp "GET /static/admin/css/responsive.css HTTP/1.1" 200 18533
[INFO] 2025-09-15 16:03:45,138 basehttp "GET /static/admin/css/base.css HTTP/1.1" 200 21207
[INFO] 2025-09-15 16:03:45,140 basehttp "GET /static/admin/js/theme.js HTTP/1.1" 200 1943
[INFO] 2025-09-15 16:03:45,141 basehttp "GET /static/admin/js/nav_sidebar.js HTTP/1.1" 200 3063
[WARNING] 2025-09-15 16:03:45,850 log Not Found: /favicon.ico
[WARNING] 2025-09-15 16:03:45,851 basehttp "GET /favicon.ico HTTP/1.1" 404 2831
[INFO] 2025-09-15 16:03:53,456 basehttp "POST /admin/login/?next=/admin/orders/chatfile/ HTTP/1.1" 302 0
[INFO] 2025-09-15 16:03:54,036 basehttp "GET /admin/orders/chatfile/ HTTP/1.1" 200 18516
[INFO] 2025-09-15 16:03:54,164 basehttp "GET /static/admin/css/changelists.css HTTP/1.1" 200 6566
[INFO] 2025-09-15 16:03:54,182 basehttp "GET /static/admin/js/jquery.init.js HTTP/1.1" 200 347
[INFO] 2025-09-15 16:03:54,183 basehttp "GET /static/admin/js/core.js HTTP/1.1" 200 5682
[INFO] 2025-09-15 16:03:54,199 basehttp "GET /static/admin/js/admin/RelatedObjectLookups.js HTTP/1.1" 200 8943
[INFO] 2025-09-15 16:03:54,202 basehttp "GET /static/admin/js/prepopulate.js HTTP/1.1" 200 1531
[INFO] 2025-09-15 16:03:54,203 basehttp "GET /static/admin/js/urlify.js HTTP/1.1" 200 7887
[INFO] 2025-09-15 16:03:54,204 basehttp "GET /static/admin/js/actions.js HTTP/1.1" 200 7872
[INFO] 2025-09-15 16:03:54,267 basehttp "GET /static/admin/js/filters.js HTTP/1.1" 200 978
[INFO] 2025-09-15 16:03:54,307 basehttp "GET /static/admin/js/vendor/jquery/jquery.js HTTP/1.1" 200 292458
[INFO] 2025-09-15 16:03:54,390 basehttp "GET /static/admin/js/vendor/xregexp/xregexp.js HTTP/1.1" 200 232381
[INFO] 2025-09-15 16:03:54,430 basehttp "GET /admin/jsi18n/ HTTP/1.1" 200 3343
[INFO] 2025-09-15 16:03:54,445 basehttp "GET /static/admin/img/icon-yes.svg HTTP/1.1" 200 436
[INFO] 2025-09-15 16:03:54,448 basehttp "GET /static/admin/img/search.svg HTTP/1.1" 200 458
[INFO] 2025-09-15 16:03:54,456 basehttp "GET /static/admin/img/icon-no.svg HTTP/1.1" 200 560
[INFO] 2025-09-15 16:03:54,484 basehttp "GET /static/admin/img/icon-addlink.svg HTTP/1.1" 200 331
[INFO] 2025-09-15 16:03:54,488 basehttp "GET /static/admin/img/tooltag-add.svg HTTP/1.1" 200 331
[INFO] 2025-09-15 16:03:54,488 basehttp "GET /static/admin/img/sorting-icons.svg HTTP/1.1" 200 1097
[INFO] 2025-09-15 16:09:54,275 views User logged in: Sohan
[INFO] 2025-09-15 16:09:54,478 basehttp "POST /api/auth/login/ HTTP/1.1" 200 316
[INFO] 2025-09-15 16:09:55,199 basehttp "GET /api/orders/stats/ HTTP/1.1" 200 159
[INFO] 2025-09-15 16:09:55,537 basehttp "GET /api/orders/stats/ HTTP/1.1" 200 159
[INFO] 2025-09-15 16:19:33,162 autoreload Watching for file changes with StatReloader
[INFO] 2025-09-15 16:23:46,174 views User logged in: Sohan
[INFO] 2025-09-15 16:23:46,339 basehttp "POST /api/auth/login/ HTTP/1.1" 200 316
[INFO] 2025-09-15 16:23:47,084 basehttp "GET /api/orders/stats/ HTTP/1.1" 200 159
[INFO] 2025-09-15 16:24:53,070 views Chat file uploaded: chat-demo.txt by user Sohan
[INFO] 2025-09-15 16:24:53,071 basehttp "POST /api/orders/chatfiles/ HTTP/1.1" 201 353
[INFO] 2025-09-15 16:24:53,819 basehttp "POST /api/orders/chatfiles/e9c50b44-c477-4098-8e06-3c96417dd528/process/ HTTP/1.1" 200 101
[INFO] 2025-09-15 16:24:58,756 tasks Starting complete processing of chat file: chat-demo.txt
[INFO] 2025-09-15 16:24:58,760 tasks Step 1: Basic chat parsing...
[INFO] 2025-09-15 16:24:58,762 tasks Parsed 5 messages
[INFO] 2025-09-15 16:24:58,763 tasks Step 2: AI classification (this may take time due to rate limits)...
[INFO] 2025-09-15 16:25:06,958 tasks AI classification completed. Found 2 orders
[INFO] 2025-09-15 16:25:08,215 tasks Complete processing successful: chat-demo_processed.xlsx
[INFO] 2025-09-15 16:25:08,216 tasks Final stats: 5 messages, 2 orders
[INFO] 2025-09-15 16:25:09,517 basehttp "GET /api/orders/chatfiles/e9c50b44-c477-4098-8e06-3c96417dd528/ HTTP/1.1" 200 314
[INFO] 2025-09-15 16:25:10,220 basehttp "GET /api/orders/processed-files/ HTTP/1.1" 200 292
[INFO] 2025-09-15 16:25:16,900 basehttp "GET /api/orders/processed-files/ HTTP/1.1" 200 292
[INFO] 2025-09-15 16:25:39,349 basehttp "GET /api/orders/processed-files/ HTTP/1.1" 200 292
[INFO] 2025-09-15 16:25:40,234 views Downloaded processed file: chat-demo_processed.xlsx by user Sohan
[INFO] 2025-09-15 16:25:40,236 basehttp "GET /api/orders/processed-files/39d4b0f3-8173-4329-ad9b-b9619687e6fd/download/ HTTP/1.1" 200 5240
[INFO] 2025-09-15 16:25:43,478 basehttp "GET /api/orders/processed-files/ HTTP/1.1" 200 317
[INFO] 2025-09-15 16:29:12,770 basehttp "GET /api/orders/processed-files/ HTTP/1.1" 200 317
[INFO] 2025-09-15 16:29:28,977 basehttp "GET /api/orders/processed-files/ HTTP/1.1" 200 317
[INFO] 2025-09-15 16:30:30,848 basehttp "GET /api/orders/processed-files/ HTTP/1.1" 200 317
[INFO] 2025-09-15 16:30:31,639 views Validated file uploaded: chat-demo_validated.xlsx by user Sohan
[INFO] 2025-09-15 16:30:31,641 basehttp "POST /api/orders/validated-files/ HTTP/1.1" 201 788
[INFO] 2025-09-15 16:30:34,409 basehttp "GET /api/orders/processed-files/ HTTP/1.1" 200 317
[INFO] 2025-09-15 16:30:41,150 basehttp "GET /api/orders/validated-files/ HTTP/1.1" 200 240
[WARNING] 2025-09-15 16:30:41,801 log Not Found: /apiorders/
[WARNING] 2025-09-15 16:30:41,802 basehttp "GET /apiorders/?validated_file=a0f6ac7f-ca94-49f7-acc4-b73f653f18c0 HTTP/1.1" 404 2893
[INFO] 2025-09-15 16:39:40,651 basehttp "GET /api/auth/verify-token/ HTTP/1.1" 200 249
[INFO] 2025-09-15 16:39:41,342 basehttp "GET /api/orders/stats/ HTTP/1.1" 200 161
[INFO] 2025-09-15 16:39:45,806 basehttp "GET /api/orders/validated-files/ HTTP/1.1" 200 240
[WARNING] 2025-09-15 16:39:46,453 log Not Found: /apiorders/
[WARNING] 2025-09-15 16:39:46,454 basehttp "GET /apiorders/?validated_file=a0f6ac7f-ca94-49f7-acc4-b73f653f18c0 HTTP/1.1" 404 2893
[INFO] 2025-09-15 16:39:50,669 basehttp "GET /api/orders/validated-files/ HTTP/1.1" 200 240
[WARNING] 2025-09-15 16:39:51,322 log Not Found: /apiorders/
[WARNING] 2025-09-15 16:39:51,323 basehttp "GET /apiorders/?validated_file=a0f6ac7f-ca94-49f7-acc4-b73f653f18c0 HTTP/1.1" 404 2893
[INFO] 2025-09-15 16:39:56,082 basehttp "GET /api/orders/validated-files/ HTTP/1.1" 200 240
[WARNING] 2025-09-15 16:39:56,770 log Not Found: /apiorders/
[WARNING] 2025-09-15 16:39:56,771 basehttp "GET /apiorders/?validated_file=a0f6ac7f-ca94-49f7-acc4-b73f653f18c0 HTTP/1.1" 404 2893
[INFO] 2025-09-15 16:40:03,411 basehttp "GET /api/orders/validated-files/ HTTP/1.1" 200 240
[WARNING] 2025-09-15 16:40:04,050 log Not Found: /apiorders/
[WARNING] 2025-09-15 16:40:04,051 basehttp "GET /apiorders/?validated_file=a0f6ac7f-ca94-49f7-acc4-b73f653f18c0 HTTP/1.1" 404 2893
[INFO] 2025-09-15 16:40:04,714 utils Starting sync extraction from chat-demo_validated.xlsx
[INFO] 2025-09-15 16:40:04,959 utils Read 5 rows from chat-demo_validated.xlsx
[INFO] 2025-09-15 16:40:05,004 utils 🔍 Extracting Row 1:
[INFO] 2025-09-15 16:40:05,004 utils    Raw Phone/Name: '917702828811' (type: <class 'int'>)
[INFO] 2025-09-15 16:40:05,004 utils    Raw Items: 'Apples: 1, Pears: 1' (type: <class 'str'>)
[INFO] 2025-09-15 16:40:05,005 utils    Raw Total_Amount: 'nan' (type: <class 'float'>)
[INFO] 2025-09-15 16:40:05,005 utils    Processed phone_number: '917702828811'
[INFO] 2025-09-15 16:40:05,005 utils    Processed order_items_str: 'Apples: 1, Pears: 1'
[INFO] 2025-09-15 16:40:05,005 utils    Processed amount_str: 'nan'
[INFO] 2025-09-15 16:40:05,109 utils 🔍 Extracting Row 2:
[INFO] 2025-09-15 16:40:05,110 utils    Raw Phone/Name: '919538095601' (type: <class 'int'>)
[INFO] 2025-09-15 16:40:05,110 utils    Raw Items: 'Pears: 1' (type: <class 'str'>)
[INFO] 2025-09-15 16:40:05,111 utils    Raw Total_Amount: 'nan' (type: <class 'float'>)
[INFO] 2025-09-15 16:40:05,111 utils    Processed phone_number: '919538095601'
[INFO] 2025-09-15 16:40:05,112 utils    Processed order_items_str: 'Pears: 1'
[INFO] 2025-09-15 16:40:05,112 utils    Processed amount_str: 'nan'
[INFO] 2025-09-15 16:40:05,234 utils 🔍 Extracting Row 3:
[INFO] 2025-09-15 16:40:05,234 utils    Raw Phone/Name: '919473181958' (type: <class 'int'>)
[INFO] 2025-09-15 16:40:05,235 utils    Raw Items: 'Apples: 1, Pears: 1' (type: <class 'str'>)
[INFO] 2025-09-15 16:40:05,235 utils    Raw Total_Amount: 'nan' (type: <class 'float'>)
[INFO] 2025-09-15 16:40:05,236 utils    Processed phone_number: '919473181958'
[INFO] 2025-09-15 16:40:05,236 utils    Processed order_items_str: 'Apples: 1, Pears: 1'
[INFO] 2025-09-15 16:40:05,236 utils    Processed amount_str: 'nan'
[INFO] 2025-09-15 16:40:05,400 utils 🔍 Extracting Row 4:
[INFO] 2025-09-15 16:40:05,400 utils    Raw Phone/Name: '919577625121' (type: <class 'int'>)
[INFO] 2025-09-15 16:40:05,400 utils    Raw Items: 'Pears: 1' (type: <class 'str'>)
[INFO] 2025-09-15 16:40:05,402 utils    Raw Total_Amount: 'nan' (type: <class 'float'>)
[INFO] 2025-09-15 16:40:05,404 utils    Processed phone_number: '919577625121'
[INFO] 2025-09-15 16:40:05,411 utils    Processed order_items_str: 'Pears: 1'
[INFO] 2025-09-15 16:40:05,411 utils    Processed amount_str: 'nan'
[INFO] 2025-09-15 16:40:05,568 utils 🔍 Extracting Row 5:
[INFO] 2025-09-15 16:40:05,569 utils    Raw Phone/Name: '919445392454' (type: <class 'int'>)
[INFO] 2025-09-15 16:40:05,569 utils    Raw Items: 'Pears: 1' (type: <class 'str'>)
[INFO] 2025-09-15 16:40:05,569 utils    Raw Total_Amount: 'nan' (type: <class 'float'>)
[INFO] 2025-09-15 16:40:05,570 utils    Processed phone_number: '919445392454'
[INFO] 2025-09-15 16:40:05,570 utils    Processed order_items_str: 'Pears: 1'
[INFO] 2025-09-15 16:40:05,570 utils    Processed amount_str: 'nan'
[INFO] 2025-09-15 16:40:05,734 utils Successfully created 5 orders from chat-demo_validated.xlsx
[INFO] 2025-09-15 16:40:05,894 views Successfully extracted 5 orders from chat-demo_validated.xlsx
[INFO] 2025-09-15 16:40:05,902 basehttp "POST /api/orders/validated-files/a0f6ac7f-ca94-49f7-acc4-b73f653f18c0/extract_orders/ HTTP/1.1" 200 1037
[INFO] 2025-09-15 16:40:06,571 views Starting to send 5 order messages for chat-demo_validated.xlsx
[INFO] 2025-09-15 16:40:06,573 whatsapp_service WhatsApp client initialized successfully
[INFO] 2025-09-15 16:40:06,576 whatsapp_service Starting bulk send for 5 orders with 2.0s delay
[INFO] 2025-09-15 16:40:06,577 whatsapp_service Processing order 1/5: 2025091500011
[INFO] 2025-09-15 16:40:06,577 whatsapp_service Sending order message for 2025091500011 to 917702828811
[INFO] 2025-09-15 16:40:06,577 whatsapp_service 🔍 Building payload for Order 2025091500011
[INFO] 2025-09-15 16:40:06,578 whatsapp_service    Raw order.order_items: 'Apples: 1, Pears: 1' (type: <class 'str'>)
[INFO] 2025-09-15 16:40:06,578 whatsapp_service    Raw order.amount: 'nan' (type: <class 'str'>)
[INFO] 2025-09-15 16:40:06,578 whatsapp_service    Processed order_items_str: 'Apples: 1, Pears: 1'
[INFO] 2025-09-15 16:40:06,578 whatsapp_service    Processed total_amount_str: 'nan'
[ERROR] 2025-09-15 16:40:06,578 whatsapp_service Error parsing order items 'Apples: 1, Pears: 1' with amounts 'nan': cannot convert float NaN to integer
[INFO] 2025-09-15 16:40:06,578 whatsapp_service    Parsed items count: 1
[INFO] 2025-09-15 16:40:06,579 whatsapp_service    Total amount in paisa: 0
[INFO] 2025-09-15 16:40:06,579 whatsapp_service    Item 1: Order Items x1 = ₹0.0
[INFO] 2025-09-15 16:40:06,580 whatsapp_service ✅ Built payload for order 2025091500011 to 917702828811 - Items: Apples: 1, Pears: 1
[INFO] 2025-09-15 16:40:06,580 whatsapp_service 📤 COMPLETE PAYLOAD for Order 2025091500011:
[INFO] 2025-09-15 16:40:06,580 whatsapp_service    Recipient: 917702828811
[INFO] 2025-09-15 16:40:06,580 whatsapp_service    Template: sample_order_details
[INFO] 2025-09-15 16:40:06,581 whatsapp_service    Currency: INR
[INFO] 2025-09-15 16:40:06,581 whatsapp_service    Reference ID: 2025091500011
[INFO] 2025-09-15 16:40:06,581 whatsapp_service    Total Amount: ₹0.0
[INFO] 2025-09-15 16:40:06,581 whatsapp_service    Items in payload: 1
[INFO] 2025-09-15 16:40:06,581 whatsapp_service 📋 JSON PAYLOAD:
{
  "messaging_product": "whatsapp",
  "recipient_type": "individual",
  "to": "917702828811",
  "type": "template",
  "template": {
    "name": "sample_order_details",
    "language": {
      "policy": "deterministic",
      "code": "en"
    },
    "components": [
      {
        "type": "button",
        "sub_type": "order_details",
        "index": 0,
        "parameters": [
          {
            "type": "action",
            "action": {
              "order_details": {
                "currency": "INR",
                "order": {
                  "items": [
                    {
                      "amount": {
                        "offset": 100,
                        "value": 0
                      },
                      "name": "Order Items",
                      "quantity": 1,
                      "country_of_origin": "India",
                      "importer_name": "Farmveda"
                    }
                  ],
                  "status": "pending",
                  "subtotal": {
                    "offset": 100,
                    "value": 0
                  }
                },
                "payment_settings": [
                  {
                    "type": "payment_gateway",
                    "payment_gateway": {
                      "type": "razorpay",
                      "configuration_name": "WhatsappGroups-Payments"
                    }
                  }
                ],
                "reference_id": "2025091500011",
                "total_amount": {
                  "offset": 100,
                  "value": 0
                },
                "type": "physical-goods"
              }
            }
          }
        ]
      }
    ]
  }
}
[INFO] 2025-09-15 16:40:06,679 whatsapp_360_client Sending WhatsApp message to 917702828811
[ERROR] 2025-09-15 16:40:07,854 whatsapp_360_client Failed to send message: 400 - {"error":{"message":"(#131009) Parameter value is not valid","type":"OAuthException","code":131009,"error_data":{"messaging_product":"whatsapp","details":"total_amount (0) must be greater than or equal to minimum total amount for Razorpay (100) for CTA review_and_pay."},"fbtrace_id":"ALU4aj4ctS8O_poDDwA2uWZ"}}
[WARNING] 2025-09-15 16:40:07,855 whatsapp_service ❌ Order 2025091500011 failed to send: {'success': False, 'error': '{"error":{"message":"(#131009) Parameter value is not valid","type":"OAuthException","code":131009,"error_data":{"messaging_product":"whatsapp","details":"total_amount (0) must be greater than or equal to minimum total amount for Razorpay (100) for CTA review_and_pay."},"fbtrace_id":"ALU4aj4ctS8O_poDDwA2uWZ"}}', 'status_code': 400}
[INFO] 2025-09-15 16:40:08,272 whatsapp_service ⏳ Waiting 2.0 seconds before next message...
[INFO] 2025-09-15 16:40:10,274 whatsapp_service Processing order 2/5: 2025091500012
[INFO] 2025-09-15 16:40:10,275 whatsapp_service Sending order message for 2025091500012 to 919538095601
[INFO] 2025-09-15 16:40:10,275 whatsapp_service 🔍 Building payload for Order 2025091500012
[INFO] 2025-09-15 16:40:10,276 whatsapp_service    Raw order.order_items: 'Pears: 1' (type: <class 'str'>)
[INFO] 2025-09-15 16:40:10,276 whatsapp_service    Raw order.amount: 'nan' (type: <class 'str'>)
[INFO] 2025-09-15 16:40:10,277 whatsapp_service    Processed order_items_str: 'Pears: 1'
[INFO] 2025-09-15 16:40:10,277 whatsapp_service    Processed total_amount_str: 'nan'
[ERROR] 2025-09-15 16:40:10,277 whatsapp_service Error parsing order items 'Pears: 1' with amounts 'nan': cannot convert float NaN to integer
[INFO] 2025-09-15 16:40:10,278 whatsapp_service    Parsed items count: 1
[INFO] 2025-09-15 16:40:10,278 whatsapp_service    Total amount in paisa: 0
[INFO] 2025-09-15 16:40:10,279 whatsapp_service    Item 1: Order Items x1 = ₹0.0
[INFO] 2025-09-15 16:40:10,279 whatsapp_service ✅ Built payload for order 2025091500012 to 919538095601 - Items: Pears: 1
[INFO] 2025-09-15 16:40:10,279 whatsapp_service 📤 COMPLETE PAYLOAD for Order 2025091500012:
[INFO] 2025-09-15 16:40:10,280 whatsapp_service    Recipient: 919538095601
[INFO] 2025-09-15 16:40:10,280 whatsapp_service    Template: sample_order_details
[INFO] 2025-09-15 16:40:10,281 whatsapp_service    Currency: INR
[INFO] 2025-09-15 16:40:10,281 whatsapp_service    Reference ID: 2025091500012
[INFO] 2025-09-15 16:40:10,282 whatsapp_service    Total Amount: ₹0.0
[INFO] 2025-09-15 16:40:10,282 whatsapp_service    Items in payload: 1
[INFO] 2025-09-15 16:40:10,283 whatsapp_service 📋 JSON PAYLOAD:
{
  "messaging_product": "whatsapp",
  "recipient_type": "individual",
  "to": "919538095601",
  "type": "template",
  "template": {
    "name": "sample_order_details",
    "language": {
      "policy": "deterministic",
      "code": "en"
    },
    "components": [
      {
        "type": "button",
        "sub_type": "order_details",
        "index": 0,
        "parameters": [
          {
            "type": "action",
            "action": {
              "order_details": {
                "currency": "INR",
                "order": {
                  "items": [
                    {
                      "amount": {
                        "offset": 100,
                        "value": 0
                      },
                      "name": "Order Items",
                      "quantity": 1,
                      "country_of_origin": "India",
                      "importer_name": "Farmveda"
                    }
                  ],
                  "status": "pending",
                  "subtotal": {
                    "offset": 100,
                    "value": 0
                  }
                },
                "payment_settings": [
                  {
                    "type": "payment_gateway",
                    "payment_gateway": {
                      "type": "razorpay",
                      "configuration_name": "WhatsappGroups-Payments"
                    }
                  }
                ],
                "reference_id": "2025091500012",
                "total_amount": {
                  "offset": 100,
                  "value": 0
                },
                "type": "physical-goods"
              }
            }
          }
        ]
      }
    ]
  }
}
[INFO] 2025-09-15 16:40:10,393 whatsapp_360_client Sending WhatsApp message to 919538095601
[ERROR] 2025-09-15 16:40:10,979 whatsapp_360_client Failed to send message: 400 - {"error":{"message":"(#131009) Parameter value is not valid","type":"OAuthException","code":131009,"error_data":{"messaging_product":"whatsapp","details":"total_amount (0) must be greater than or equal to minimum total amount for Razorpay (100) for CTA review_and_pay."},"fbtrace_id":"AYVjzgQU0NzLBu1E_RMYhjC"}}
[WARNING] 2025-09-15 16:40:10,980 whatsapp_service ❌ Order 2025091500012 failed to send: {'success': False, 'error': '{"error":{"message":"(#131009) Parameter value is not valid","type":"OAuthException","code":131009,"error_data":{"messaging_product":"whatsapp","details":"total_amount (0) must be greater than or equal to minimum total amount for Razorpay (100) for CTA review_and_pay."},"fbtrace_id":"AYVjzgQU0NzLBu1E_RMYhjC"}}', 'status_code': 400}
[INFO] 2025-09-15 16:40:11,071 whatsapp_service ⏳ Waiting 2.0 seconds before next message...
[INFO] 2025-09-15 16:40:13,074 whatsapp_service Processing order 3/5: 2025091500013
[INFO] 2025-09-15 16:40:13,075 whatsapp_service Sending order message for 2025091500013 to 919473181958
[INFO] 2025-09-15 16:40:13,075 whatsapp_service 🔍 Building payload for Order 2025091500013
[INFO] 2025-09-15 16:40:13,076 whatsapp_service    Raw order.order_items: 'Apples: 1, Pears: 1' (type: <class 'str'>)
[INFO] 2025-09-15 16:40:13,076 whatsapp_service    Raw order.amount: 'nan' (type: <class 'str'>)
[INFO] 2025-09-15 16:40:13,076 whatsapp_service    Processed order_items_str: 'Apples: 1, Pears: 1'
[INFO] 2025-09-15 16:40:13,077 whatsapp_service    Processed total_amount_str: 'nan'
[ERROR] 2025-09-15 16:40:13,077 whatsapp_service Error parsing order items 'Apples: 1, Pears: 1' with amounts 'nan': cannot convert float NaN to integer
[INFO] 2025-09-15 16:40:13,077 whatsapp_service    Parsed items count: 1
[INFO] 2025-09-15 16:40:13,077 whatsapp_service    Total amount in paisa: 0
[INFO] 2025-09-15 16:40:13,078 whatsapp_service    Item 1: Order Items x1 = ₹0.0
[INFO] 2025-09-15 16:40:13,078 whatsapp_service ✅ Built payload for order 2025091500013 to 919473181958 - Items: Apples: 1, Pears: 1
[INFO] 2025-09-15 16:40:13,078 whatsapp_service 📤 COMPLETE PAYLOAD for Order 2025091500013:
[INFO] 2025-09-15 16:40:13,079 whatsapp_service    Recipient: 919473181958
[INFO] 2025-09-15 16:40:13,079 whatsapp_service    Template: sample_order_details
[INFO] 2025-09-15 16:40:13,079 whatsapp_service    Currency: INR
[INFO] 2025-09-15 16:40:13,079 whatsapp_service    Reference ID: 2025091500013
[INFO] 2025-09-15 16:40:13,079 whatsapp_service    Total Amount: ₹0.0
[INFO] 2025-09-15 16:40:13,079 whatsapp_service    Items in payload: 1
[INFO] 2025-09-15 16:40:13,080 whatsapp_service 📋 JSON PAYLOAD:
{
  "messaging_product": "whatsapp",
  "recipient_type": "individual",
  "to": "919473181958",
  "type": "template",
  "template": {
    "name": "sample_order_details",
    "language": {
      "policy": "deterministic",
      "code": "en"
    },
    "components": [
      {
        "type": "button",
        "sub_type": "order_details",
        "index": 0,
        "parameters": [
          {
            "type": "action",
            "action": {
              "order_details": {
                "currency": "INR",
                "order": {
                  "items": [
                    {
                      "amount": {
                        "offset": 100,
                        "value": 0
                      },
                      "name": "Order Items",
                      "quantity": 1,
                      "country_of_origin": "India",
                      "importer_name": "Farmveda"
                    }
                  ],
                  "status": "pending",
                  "subtotal": {
                    "offset": 100,
                    "value": 0
                  }
                },
                "payment_settings": [
                  {
                    "type": "payment_gateway",
                    "payment_gateway": {
                      "type": "razorpay",
                      "configuration_name": "WhatsappGroups-Payments"
                    }
                  }
                ],
                "reference_id": "2025091500013",
                "total_amount": {
                  "offset": 100,
                  "value": 0
                },
                "type": "physical-goods"
              }
            }
          }
        ]
      }
    ]
  }
}
[INFO] 2025-09-15 16:40:13,237 whatsapp_360_client Sending WhatsApp message to 919473181958
[ERROR] 2025-09-15 16:40:13,780 whatsapp_360_client Failed to send message: 400 - {"error":{"message":"(#131009) Parameter value is not valid","type":"OAuthException","code":131009,"error_data":{"messaging_product":"whatsapp","details":"total_amount (0) must be greater than or equal to minimum total amount for Razorpay (100) for CTA review_and_pay."},"fbtrace_id":"A0ArtFOwiehyUAUo88tZPS2"}}
[WARNING] 2025-09-15 16:40:13,780 whatsapp_service ❌ Order 2025091500013 failed to send: {'success': False, 'error': '{"error":{"message":"(#131009) Parameter value is not valid","type":"OAuthException","code":131009,"error_data":{"messaging_product":"whatsapp","details":"total_amount (0) must be greater than or equal to minimum total amount for Razorpay (100) for CTA review_and_pay."},"fbtrace_id":"A0ArtFOwiehyUAUo88tZPS2"}}', 'status_code': 400}
[INFO] 2025-09-15 16:40:13,889 whatsapp_service ⏳ Waiting 2.0 seconds before next message...
[INFO] 2025-09-15 16:40:15,891 whatsapp_service Processing order 4/5: 2025091500014
[INFO] 2025-09-15 16:40:15,892 whatsapp_service Sending order message for 2025091500014 to 919577625121
[INFO] 2025-09-15 16:40:15,892 whatsapp_service 🔍 Building payload for Order 2025091500014
[INFO] 2025-09-15 16:40:15,892 whatsapp_service    Raw order.order_items: 'Pears: 1' (type: <class 'str'>)
[INFO] 2025-09-15 16:40:15,893 whatsapp_service    Raw order.amount: 'nan' (type: <class 'str'>)
[INFO] 2025-09-15 16:40:15,893 whatsapp_service    Processed order_items_str: 'Pears: 1'
[INFO] 2025-09-15 16:40:15,893 whatsapp_service    Processed total_amount_str: 'nan'
[ERROR] 2025-09-15 16:40:15,894 whatsapp_service Error parsing order items 'Pears: 1' with amounts 'nan': cannot convert float NaN to integer
[INFO] 2025-09-15 16:40:15,894 whatsapp_service    Parsed items count: 1
[INFO] 2025-09-15 16:40:15,894 whatsapp_service    Total amount in paisa: 0
[INFO] 2025-09-15 16:40:15,894 whatsapp_service    Item 1: Order Items x1 = ₹0.0
[INFO] 2025-09-15 16:40:15,895 whatsapp_service ✅ Built payload for order 2025091500014 to 919577625121 - Items: Pears: 1
[INFO] 2025-09-15 16:40:15,895 whatsapp_service 📤 COMPLETE PAYLOAD for Order 2025091500014:
[INFO] 2025-09-15 16:40:15,895 whatsapp_service    Recipient: 919577625121
[INFO] 2025-09-15 16:40:15,896 whatsapp_service    Template: sample_order_details
[INFO] 2025-09-15 16:40:15,896 whatsapp_service    Currency: INR
[INFO] 2025-09-15 16:40:15,896 whatsapp_service    Reference ID: 2025091500014
[INFO] 2025-09-15 16:40:15,897 whatsapp_service    Total Amount: ₹0.0
[INFO] 2025-09-15 16:40:15,897 whatsapp_service    Items in payload: 1
[INFO] 2025-09-15 16:40:15,897 whatsapp_service 📋 JSON PAYLOAD:
{
  "messaging_product": "whatsapp",
  "recipient_type": "individual",
  "to": "919577625121",
  "type": "template",
  "template": {
    "name": "sample_order_details",
    "language": {
      "policy": "deterministic",
      "code": "en"
    },
    "components": [
      {
        "type": "button",
        "sub_type": "order_details",
        "index": 0,
        "parameters": [
          {
            "type": "action",
            "action": {
              "order_details": {
                "currency": "INR",
                "order": {
                  "items": [
                    {
                      "amount": {
                        "offset": 100,
                        "value": 0
                      },
                      "name": "Order Items",
                      "quantity": 1,
                      "country_of_origin": "India",
                      "importer_name": "Farmveda"
                    }
                  ],
                  "status": "pending",
                  "subtotal": {
                    "offset": 100,
                    "value": 0
                  }
                },
                "payment_settings": [
                  {
                    "type": "payment_gateway",
                    "payment_gateway": {
                      "type": "razorpay",
                      "configuration_name": "WhatsappGroups-Payments"
                    }
                  }
                ],
                "reference_id": "2025091500014",
                "total_amount": {
                  "offset": 100,
                  "value": 0
                },
                "type": "physical-goods"
              }
            }
          }
        ]
      }
    ]
  }
}
[INFO] 2025-09-15 16:40:16,048 whatsapp_360_client Sending WhatsApp message to 919577625121
[ERROR] 2025-09-15 16:40:17,405 whatsapp_360_client Failed to send message: 400 - {"error":{"message":"(#131009) Parameter value is not valid","type":"OAuthException","code":131009,"error_data":{"messaging_product":"whatsapp","details":"total_amount (0) must be greater than or equal to minimum total amount for Razorpay (100) for CTA review_and_pay."},"fbtrace_id":"AfBWyRAZLLH3UQ7_qxUGiOv"}}
[WARNING] 2025-09-15 16:40:17,405 whatsapp_service ❌ Order 2025091500014 failed to send: {'success': False, 'error': '{"error":{"message":"(#131009) Parameter value is not valid","type":"OAuthException","code":131009,"error_data":{"messaging_product":"whatsapp","details":"total_amount (0) must be greater than or equal to minimum total amount for Razorpay (100) for CTA review_and_pay."},"fbtrace_id":"AfBWyRAZLLH3UQ7_qxUGiOv"}}', 'status_code': 400}
[INFO] 2025-09-15 16:40:17,537 whatsapp_service ⏳ Waiting 2.0 seconds before next message...
[INFO] 2025-09-15 16:40:19,539 whatsapp_service Processing order 5/5: 2025091500015
[INFO] 2025-09-15 16:40:19,540 whatsapp_service Sending order message for 2025091500015 to 919445392454
[INFO] 2025-09-15 16:40:19,540 whatsapp_service 🔍 Building payload for Order 2025091500015
[INFO] 2025-09-15 16:40:19,541 whatsapp_service    Raw order.order_items: 'Pears: 1' (type: <class 'str'>)
[INFO] 2025-09-15 16:40:19,541 whatsapp_service    Raw order.amount: 'nan' (type: <class 'str'>)
[INFO] 2025-09-15 16:40:19,542 whatsapp_service    Processed order_items_str: 'Pears: 1'
[INFO] 2025-09-15 16:40:19,542 whatsapp_service    Processed total_amount_str: 'nan'
[ERROR] 2025-09-15 16:40:19,543 whatsapp_service Error parsing order items 'Pears: 1' with amounts 'nan': cannot convert float NaN to integer
[INFO] 2025-09-15 16:40:19,543 whatsapp_service    Parsed items count: 1
[INFO] 2025-09-15 16:40:19,543 whatsapp_service    Total amount in paisa: 0
[INFO] 2025-09-15 16:40:19,544 whatsapp_service    Item 1: Order Items x1 = ₹0.0
[INFO] 2025-09-15 16:40:19,544 whatsapp_service ✅ Built payload for order 2025091500015 to 919445392454 - Items: Pears: 1
[INFO] 2025-09-15 16:40:19,545 whatsapp_service 📤 COMPLETE PAYLOAD for Order 2025091500015:
[INFO] 2025-09-15 16:40:19,545 whatsapp_service    Recipient: 919445392454
[INFO] 2025-09-15 16:40:19,546 whatsapp_service    Template: sample_order_details
[INFO] 2025-09-15 16:40:19,546 whatsapp_service    Currency: INR
[INFO] 2025-09-15 16:40:19,547 whatsapp_service    Reference ID: 2025091500015
[INFO] 2025-09-15 16:40:19,547 whatsapp_service    Total Amount: ₹0.0
[INFO] 2025-09-15 16:40:19,547 whatsapp_service    Items in payload: 1
[INFO] 2025-09-15 16:40:19,548 whatsapp_service 📋 JSON PAYLOAD:
{
  "messaging_product": "whatsapp",
  "recipient_type": "individual",
  "to": "919445392454",
  "type": "template",
  "template": {
    "name": "sample_order_details",
    "language": {
      "policy": "deterministic",
      "code": "en"
    },
    "components": [
      {
        "type": "button",
        "sub_type": "order_details",
        "index": 0,
        "parameters": [
          {
            "type": "action",
            "action": {
              "order_details": {
                "currency": "INR",
                "order": {
                  "items": [
                    {
                      "amount": {
                        "offset": 100,
                        "value": 0
                      },
                      "name": "Order Items",
                      "quantity": 1,
                      "country_of_origin": "India",
                      "importer_name": "Farmveda"
                    }
                  ],
                  "status": "pending",
                  "subtotal": {
                    "offset": 100,
                    "value": 0
                  }
                },
                "payment_settings": [
                  {
                    "type": "payment_gateway",
                    "payment_gateway": {
                      "type": "razorpay",
                      "configuration_name": "WhatsappGroups-Payments"
                    }
                  }
                ],
                "reference_id": "2025091500015",
                "total_amount": {
                  "offset": 100,
                  "value": 0
                },
                "type": "physical-goods"
              }
            }
          }
        ]
      }
    ]
  }
}
[INFO] 2025-09-15 16:40:19,646 whatsapp_360_client Sending WhatsApp message to 919445392454
[ERROR] 2025-09-15 16:40:20,163 whatsapp_360_client Failed to send message: 400 - {"error":{"message":"(#131009) Parameter value is not valid","type":"OAuthException","code":131009,"error_data":{"messaging_product":"whatsapp","details":"total_amount (0) must be greater than or equal to minimum total amount for Razorpay (100) for CTA review_and_pay."},"fbtrace_id":"AWzgZtFZtBVKiZ-k3Rpn58_"}}
[WARNING] 2025-09-15 16:40:20,163 whatsapp_service ❌ Order 2025091500015 failed to send: {'success': False, 'error': '{"error":{"message":"(#131009) Parameter value is not valid","type":"OAuthException","code":131009,"error_data":{"messaging_product":"whatsapp","details":"total_amount (0) must be greater than or equal to minimum total amount for Razorpay (100) for CTA review_and_pay."},"fbtrace_id":"AWzgZtFZtBVKiZ-k3Rpn58_"}}', 'status_code': 400}
[INFO] 2025-09-15 16:40:20,246 whatsapp_service 📊 Bulk send complete: 0 sent, 5 failed in 13s
[INFO] 2025-09-15 16:40:20,249 basehttp "POST /api/orders/send-messages/ HTTP/1.1" 200 2542
[INFO] 2025-09-15 16:42:36,899 basehttp "GET /api/orders/processed-files/ HTTP/1.1" 200 317
[INFO] 2025-09-15 16:42:43,613 basehttp "GET /api/orders/processed-files/ HTTP/1.1" 200 317
[INFO] 2025-09-15 16:42:48,286 basehttp "GET /api/orders/processed-files/ HTTP/1.1" 200 317
[INFO] 2025-09-15 16:42:49,392 basehttp "GET /api/orders/processed-files/ HTTP/1.1" 200 317
[INFO] 2025-09-15 16:42:50,149 views Validated file uploaded: chat-demo_validated.xlsx by user Sohan
[INFO] 2025-09-15 16:42:50,151 basehttp "POST /api/orders/validated-files/ HTTP/1.1" 201 796
[INFO] 2025-09-15 16:42:52,854 basehttp "GET /api/orders/processed-files/ HTTP/1.1" 200 317
[INFO] 2025-09-15 16:42:55,221 basehttp "GET /api/orders/validated-files/ HTTP/1.1" 200 428
[WARNING] 2025-09-15 16:42:55,895 log Not Found: /apiorders/
[WARNING] 2025-09-15 16:42:55,897 basehttp "GET /apiorders/?validated_file=8d8f7deb-6274-4a55-a38f-ee970144a832 HTTP/1.1" 404 2893
[INFO] 2025-09-15 16:42:59,948 basehttp "GET /api/orders/validated-files/ HTTP/1.1" 200 428
[WARNING] 2025-09-15 16:43:00,593 log Not Found: /apiorders/
[WARNING] 2025-09-15 16:43:00,594 basehttp "GET /apiorders/?validated_file=a0f6ac7f-ca94-49f7-acc4-b73f653f18c0 HTTP/1.1" 404 2893
[INFO] 2025-09-15 16:43:08,605 basehttp "GET /api/orders/validated-files/ HTTP/1.1" 200 428
[INFO] 2025-09-15 16:43:08,685 basehttp "GET /api/orders/validated-files/ HTTP/1.1" 200 428
[WARNING] 2025-09-15 16:43:09,359 log Not Found: /apiorders/
[WARNING] 2025-09-15 16:43:09,360 basehttp "GET /apiorders/?validated_file=a0f6ac7f-ca94-49f7-acc4-b73f653f18c0 HTTP/1.1" 404 2893
[WARNING] 2025-09-15 16:43:10,008 log Bad Request: /api/orders/validated-files/a0f6ac7f-ca94-49f7-acc4-b73f653f18c0/extract_orders/
[WARNING] 2025-09-15 16:43:10,009 basehttp "POST /api/orders/validated-files/a0f6ac7f-ca94-49f7-acc4-b73f653f18c0/extract_orders/ HTTP/1.1" 400 61
[INFO] 2025-09-15 16:43:27,739 basehttp "GET /api/orders/validated-files/ HTTP/1.1" 200 428
[WARNING] 2025-09-15 16:43:28,410 log Not Found: /apiorders/
[WARNING] 2025-09-15 16:43:28,411 basehttp "GET /apiorders/?validated_file=a0f6ac7f-ca94-49f7-acc4-b73f653f18c0 HTTP/1.1" 404 2893
[WARNING] 2025-09-15 16:43:29,058 log Bad Request: /api/orders/validated-files/a0f6ac7f-ca94-49f7-acc4-b73f653f18c0/extract_orders/
[WARNING] 2025-09-15 16:43:29,059 basehttp "POST /api/orders/validated-files/a0f6ac7f-ca94-49f7-acc4-b73f653f18c0/extract_orders/ HTTP/1.1" 400 61
[INFO] 2025-09-15 16:43:41,698 basehttp "GET /api/orders/validated-files/ HTTP/1.1" 200 428
[WARNING] 2025-09-15 16:43:42,343 log Not Found: /apiorders/
[WARNING] 2025-09-15 16:43:42,344 basehttp "GET /apiorders/?validated_file=a0f6ac7f-ca94-49f7-acc4-b73f653f18c0 HTTP/1.1" 404 2893
[WARNING] 2025-09-15 16:43:43,005 log Bad Request: /api/orders/validated-files/a0f6ac7f-ca94-49f7-acc4-b73f653f18c0/extract_orders/
[WARNING] 2025-09-15 16:43:43,006 basehttp "POST /api/orders/validated-files/a0f6ac7f-ca94-49f7-acc4-b73f653f18c0/extract_orders/ HTTP/1.1" 400 61
[INFO] 2025-09-15 16:43:55,567 basehttp "GET /api/orders/processed-files/ HTTP/1.1" 200 317
[INFO] 2025-09-15 16:44:45,093 views Chat file uploaded: chatdemo.txt by user Sohan
[INFO] 2025-09-15 16:44:45,095 basehttp "POST /api/orders/chatfiles/ HTTP/1.1" 201 351
[INFO] 2025-09-15 16:44:45,839 basehttp "POST /api/orders/chatfiles/3c827c21-5971-492c-9d01-520db937d7ee/process/ HTTP/1.1" 200 101
[INFO] 2025-09-15 16:44:45,964 tasks Starting complete processing of chat file: chatdemo.txt
[INFO] 2025-09-15 16:44:45,966 tasks Step 1: Basic chat parsing...
[INFO] 2025-09-15 16:44:45,966 tasks Parsed 5 messages
[INFO] 2025-09-15 16:44:45,966 tasks Step 2: AI classification (this may take time due to rate limits)...
[INFO] 2025-09-15 16:44:53,799 tasks AI classification completed. Found 2 orders
[INFO] 2025-09-15 16:44:54,192 tasks Complete processing successful: chatdemo_processed.xlsx
[INFO] 2025-09-15 16:44:54,192 tasks Final stats: 5 messages, 2 orders
[INFO] 2025-09-15 16:45:01,537 basehttp "GET /api/orders/chatfiles/3c827c21-5971-492c-9d01-520db937d7ee/ HTTP/1.1" 200 312
[INFO] 2025-09-15 16:45:02,249 basehttp "GET /api/orders/processed-files/ HTTP/1.1" 200 556
[INFO] 2025-09-15 16:45:07,500 basehttp "GET /api/orders/processed-files/ HTTP/1.1" 200 556
[INFO] 2025-09-15 16:45:16,597 basehttp "GET /api/orders/processed-files/ HTTP/1.1" 200 556
[INFO] 2025-09-15 16:45:17,437 views Downloaded processed file: chatdemo_processed.xlsx by user Sohan
[INFO] 2025-09-15 16:45:17,441 basehttp "GET /api/orders/processed-files/71bb72b7-6449-457c-a300-1b4ea85bbd09/download/ HTTP/1.1" 200 5240
[INFO] 2025-09-15 16:45:21,694 basehttp "GET /api/orders/processed-files/ HTTP/1.1" 200 581
[INFO] 2025-09-15 16:45:22,448 views Downloaded processed file: chatdemo_processed.xlsx by user Sohan
[INFO] 2025-09-15 16:45:22,449 basehttp "GET /api/orders/processed-files/71bb72b7-6449-457c-a300-1b4ea85bbd09/download/ HTTP/1.1" 200 5240
[INFO] 2025-09-15 16:45:23,251 basehttp "GET /api/orders/processed-files/ HTTP/1.1" 200 581
[INFO] 2025-09-15 16:47:08,793 basehttp "GET /api/orders/processed-files/ HTTP/1.1" 200 581
[INFO] 2025-09-15 16:47:13,569 basehttp "GET /api/orders/processed-files/ HTTP/1.1" 200 581
[INFO] 2025-09-15 16:47:14,655 basehttp "GET /api/orders/processed-files/ HTTP/1.1" 200 581
[INFO] 2025-09-15 16:47:15,549 views Validated file uploaded: chatdemo_validated.xlsx by user Sohan
[INFO] 2025-09-15 16:47:15,554 basehttp "POST /api/orders/validated-files/ HTTP/1.1" 201 785
[INFO] 2025-09-15 16:47:18,302 basehttp "GET /api/orders/processed-files/ HTTP/1.1" 200 581
[INFO] 2025-09-15 16:47:18,410 basehttp "GET /api/orders/validated-files/ HTTP/1.1" 200 616
[WARNING] 2025-09-15 16:47:19,049 log Not Found: /apiorders/
[WARNING] 2025-09-15 16:47:19,050 basehttp "GET /apiorders/?validated_file=f688045a-e516-4a63-8b7c-3b60ee76068d HTTP/1.1" 404 2893
[INFO] 2025-09-15 16:47:26,948 basehttp "GET /api/orders/validated-files/ HTTP/1.1" 200 616
[WARNING] 2025-09-15 16:47:27,594 log Not Found: /apiorders/
[WARNING] 2025-09-15 16:47:27,596 basehttp "GET /apiorders/?validated_file=f688045a-e516-4a63-8b7c-3b60ee76068d HTTP/1.1" 404 2893
[INFO] 2025-09-15 16:47:34,319 basehttp "GET /api/orders/validated-files/ HTTP/1.1" 200 616
[WARNING] 2025-09-15 16:47:34,956 log Not Found: /apiorders/
[WARNING] 2025-09-15 16:47:34,956 basehttp "GET /apiorders/?validated_file=f688045a-e516-4a63-8b7c-3b60ee76068d HTTP/1.1" 404 2893
[INFO] 2025-09-15 16:47:37,599 basehttp "GET /api/orders/validated-files/ HTTP/1.1" 200 616
[WARNING] 2025-09-15 16:47:38,239 log Not Found: /apiorders/
[WARNING] 2025-09-15 16:47:38,240 basehttp "GET /apiorders/?validated_file=f688045a-e516-4a63-8b7c-3b60ee76068d HTTP/1.1" 404 2893
[INFO] 2025-09-15 16:47:38,889 utils Starting sync extraction from chatdemo_validated.xlsx
[INFO] 2025-09-15 16:47:38,905 utils Read 5 rows from chatdemo_validated.xlsx
[INFO] 2025-09-15 16:47:38,905 utils 🔍 Extracting Row 1:
[INFO] 2025-09-15 16:47:38,905 utils    Raw Phone/Name: '917702828811' (type: <class 'int'>)
[INFO] 2025-09-15 16:47:38,906 utils    Raw Items: 'Apples: 1, Pears: 1' (type: <class 'str'>)
[INFO] 2025-09-15 16:47:38,906 utils    Raw Total_Amount: '1+2=3' (type: <class 'str'>)
[INFO] 2025-09-15 16:47:38,906 utils    Processed phone_number: '917702828811'
[INFO] 2025-09-15 16:47:38,906 utils    Processed order_items_str: 'Apples: 1, Pears: 1'
[INFO] 2025-09-15 16:47:38,906 utils    Processed amount_str: '1+2=3'
[INFO] 2025-09-15 16:47:39,002 utils 🔍 Extracting Row 2:
[INFO] 2025-09-15 16:47:39,003 utils    Raw Phone/Name: '919538095601' (type: <class 'int'>)
[INFO] 2025-09-15 16:47:39,003 utils    Raw Items: 'Pears: 1' (type: <class 'str'>)
[INFO] 2025-09-15 16:47:39,003 utils    Raw Total_Amount: '2' (type: <class 'int'>)
[INFO] 2025-09-15 16:47:39,003 utils    Processed phone_number: '919538095601'
[INFO] 2025-09-15 16:47:39,003 utils    Processed order_items_str: 'Pears: 1'
[INFO] 2025-09-15 16:47:39,003 utils    Processed amount_str: '2'
[INFO] 2025-09-15 16:47:39,146 utils 🔍 Extracting Row 3:
[INFO] 2025-09-15 16:47:39,147 utils    Raw Phone/Name: '919473181958' (type: <class 'int'>)
[INFO] 2025-09-15 16:47:39,148 utils    Raw Items: 'Apples: 1, Pears: 1' (type: <class 'str'>)
[INFO] 2025-09-15 16:47:39,148 utils    Raw Total_Amount: '1+2=3' (type: <class 'str'>)
[INFO] 2025-09-15 16:47:39,149 utils    Processed phone_number: '919473181958'
[INFO] 2025-09-15 16:47:39,149 utils    Processed order_items_str: 'Apples: 1, Pears: 1'
[INFO] 2025-09-15 16:47:39,149 utils    Processed amount_str: '1+2=3'
[INFO] 2025-09-15 16:47:39,346 utils 🔍 Extracting Row 4:
[INFO] 2025-09-15 16:47:39,347 utils    Raw Phone/Name: '919577625121' (type: <class 'int'>)
[INFO] 2025-09-15 16:47:39,348 utils    Raw Items: 'Pears: 1' (type: <class 'str'>)
[INFO] 2025-09-15 16:47:39,349 utils    Raw Total_Amount: '2' (type: <class 'int'>)
[INFO] 2025-09-15 16:47:39,349 utils    Processed phone_number: '919577625121'
[INFO] 2025-09-15 16:47:39,350 utils    Processed order_items_str: 'Pears: 1'
[INFO] 2025-09-15 16:47:39,351 utils    Processed amount_str: '2'
[INFO] 2025-09-15 16:47:39,466 utils 🔍 Extracting Row 5:
[INFO] 2025-09-15 16:47:39,467 utils    Raw Phone/Name: '919445392454' (type: <class 'int'>)
[INFO] 2025-09-15 16:47:39,467 utils    Raw Items: 'Pears: 1' (type: <class 'str'>)
[INFO] 2025-09-15 16:47:39,467 utils    Raw Total_Amount: '2' (type: <class 'int'>)
[INFO] 2025-09-15 16:47:39,467 utils    Processed phone_number: '919445392454'
[INFO] 2025-09-15 16:47:39,467 utils    Processed order_items_str: 'Pears: 1'
[INFO] 2025-09-15 16:47:39,467 utils    Processed amount_str: '2'
[INFO] 2025-09-15 16:47:39,574 utils Successfully created 5 orders from chatdemo_validated.xlsx
[INFO] 2025-09-15 16:47:39,773 views Successfully extracted 5 orders from chatdemo_validated.xlsx
[INFO] 2025-09-15 16:47:39,781 basehttp "POST /api/orders/validated-files/f688045a-e516-4a63-8b7c-3b60ee76068d/extract_orders/ HTTP/1.1" 200 1035
[INFO] 2025-09-15 16:47:40,430 views Starting to send 5 order messages for chatdemo_validated.xlsx
[INFO] 2025-09-15 16:47:40,430 whatsapp_service WhatsApp client initialized successfully
[INFO] 2025-09-15 16:47:40,451 whatsapp_service Starting bulk send for 5 orders with 2.0s delay
[INFO] 2025-09-15 16:47:40,452 whatsapp_service Processing order 1/5: 2025091500016
[INFO] 2025-09-15 16:47:40,452 whatsapp_service Sending order message for 2025091500016 to 917702828811
[INFO] 2025-09-15 16:47:40,452 whatsapp_service 🔍 Building payload for Order 2025091500016
[INFO] 2025-09-15 16:47:40,452 whatsapp_service    Raw order.order_items: 'Apples: 1, Pears: 1' (type: <class 'str'>)
[INFO] 2025-09-15 16:47:40,452 whatsapp_service    Raw order.amount: '1+2=3' (type: <class 'str'>)
[INFO] 2025-09-15 16:47:40,453 whatsapp_service    Processed order_items_str: 'Apples: 1, Pears: 1'
[INFO] 2025-09-15 16:47:40,453 whatsapp_service    Processed total_amount_str: '1+2=3'
[INFO] 2025-09-15 16:47:40,453 whatsapp_service    Parsed items count: 2
[INFO] 2025-09-15 16:47:40,453 whatsapp_service    Total amount in paisa: 300
[INFO] 2025-09-15 16:47:40,453 whatsapp_service    Item 1: Apples x1 = ₹1.0
[INFO] 2025-09-15 16:47:40,454 whatsapp_service    Item 2: Pears x1 = ₹2.0
[INFO] 2025-09-15 16:47:40,454 whatsapp_service ✅ Built payload for order 2025091500016 to 917702828811 - Items: Apples: 1, Pears: 1
[INFO] 2025-09-15 16:47:40,454 whatsapp_service 📤 COMPLETE PAYLOAD for Order 2025091500016:
[INFO] 2025-09-15 16:47:40,454 whatsapp_service    Recipient: 917702828811
[INFO] 2025-09-15 16:47:40,454 whatsapp_service    Template: sample_order_details
[INFO] 2025-09-15 16:47:40,455 whatsapp_service    Currency: INR
[INFO] 2025-09-15 16:47:40,455 whatsapp_service    Reference ID: 2025091500016
[INFO] 2025-09-15 16:47:40,455 whatsapp_service    Total Amount: ₹3.0
[INFO] 2025-09-15 16:47:40,455 whatsapp_service    Items in payload: 2
[INFO] 2025-09-15 16:47:40,456 whatsapp_service 📋 JSON PAYLOAD:
{
  "messaging_product": "whatsapp",
  "recipient_type": "individual",
  "to": "917702828811",
  "type": "template",
  "template": {
    "name": "sample_order_details",
    "language": {
      "policy": "deterministic",
      "code": "en"
    },
    "components": [
      {
        "type": "button",
        "sub_type": "order_details",
        "index": 0,
        "parameters": [
          {
            "type": "action",
            "action": {
              "order_details": {
                "currency": "INR",
                "order": {
                  "items": [
                    {
                      "amount": {
                        "offset": 100,
                        "value": 100
                      },
                      "name": "Apples",
                      "quantity": 1,
                      "country_of_origin": "India",
                      "importer_name": "Farmveda"
                    },
                    {
                      "amount": {
                        "offset": 100,
                        "value": 200
                      },
                      "name": "Pears",
                      "quantity": 1,
                      "country_of_origin": "India",
                      "importer_name": "Farmveda"
                    }
                  ],
                  "status": "pending",
                  "subtotal": {
                    "offset": 100,
                    "value": 300
                  }
                },
                "payment_settings": [
                  {
                    "type": "payment_gateway",
                    "payment_gateway": {
                      "type": "razorpay",
                      "configuration_name": "WhatsappGroups-Payments"
                    }
                  }
                ],
                "reference_id": "2025091500016",
                "total_amount": {
                  "offset": 100,
                  "value": 300
                },
                "type": "physical-goods"
              }
            }
          }
        ]
      }
    ]
  }
}
[INFO] 2025-09-15 16:47:40,542 whatsapp_360_client Sending WhatsApp message to 917702828811
[INFO] 2025-09-15 16:47:42,294 whatsapp_360_client Message sent successfully: {'messaging_product': 'whatsapp', 'contacts': [{'input': '917702828811', 'wa_id': '917702828811'}], 'messages': [{'id': 'wamid.HBgMOTE3NzAyODI4ODExFQIAERgSNTBDM0NBODczNkUzQjFGQTE3AA==', 'message_status': 'accepted'}]}
[INFO] 2025-09-15 16:47:42,294 whatsapp_service ✅ Order 2025091500016 sent successfully
[INFO] 2025-09-15 16:47:42,444 whatsapp_service ⏳ Waiting 2.0 seconds before next message...
[INFO] 2025-09-15 16:47:44,388 webhook_handler Received webhook: {
  "object": "whatsapp_business_account",
  "entry": [
    {
      "id": "114374441730441",
      "changes": [
        {
          "value": {
            "messaging_product": "whatsapp",
            "metadata": {
              "display_phone_number": "917996002222",
              "phone_number_id": "114392571729051"
            },
            "statuses": [
              {
                "id": "wamid.HBgMOTE3NzAyODI4ODExFQIAERgSNTBDM0NBODczNkUzQjFGQTE3AA==",
                "status": "failed",
                "timestamp": "1757954862",
                "recipient_id": "917702828811",
                "errors": [
                  {
                    "code": 131049,
                    "title": "This message was not delivered to maintain healthy ecosystem engagement.",
                    "message": "This message was not delivered to maintain healthy ecosystem engagement.",
                    "error_data": {
                      "details": "In order to maintain a healthy ecosystem engagement, the message failed to be delivered."
                    },
                    "href": "https://developers.facebook.com/docs/whatsapp/cloud-api/support/error-codes/"
                  }
                ]
              }
            ]
          },
          "field": "messages"
        }
      ]
    }
  ]
}
[INFO] 2025-09-15 16:47:44,405 basehttp "POST /api/webhook/whatsapp/ HTTP/1.1" 200 22
[INFO] 2025-09-15 16:47:44,446 whatsapp_service Processing order 2/5: 2025091500017
[INFO] 2025-09-15 16:47:44,447 whatsapp_service Sending order message for 2025091500017 to 919538095601
[INFO] 2025-09-15 16:47:44,447 whatsapp_service 🔍 Building payload for Order 2025091500017
[INFO] 2025-09-15 16:47:44,447 whatsapp_service    Raw order.order_items: 'Pears: 1' (type: <class 'str'>)
[INFO] 2025-09-15 16:47:44,447 whatsapp_service    Raw order.amount: '2' (type: <class 'str'>)
[INFO] 2025-09-15 16:47:44,447 whatsapp_service    Processed order_items_str: 'Pears: 1'
[INFO] 2025-09-15 16:47:44,447 whatsapp_service    Processed total_amount_str: '2'
[INFO] 2025-09-15 16:47:44,448 whatsapp_service    Parsed items count: 1
[INFO] 2025-09-15 16:47:44,448 whatsapp_service    Total amount in paisa: 200
[INFO] 2025-09-15 16:47:44,448 whatsapp_service    Item 1: Pears x1 = ₹2.0
[INFO] 2025-09-15 16:47:44,448 whatsapp_service ✅ Built payload for order 2025091500017 to 919538095601 - Items: Pears: 1
[INFO] 2025-09-15 16:47:44,448 whatsapp_service 📤 COMPLETE PAYLOAD for Order 2025091500017:
[INFO] 2025-09-15 16:47:44,448 whatsapp_service    Recipient: 919538095601
[INFO] 2025-09-15 16:47:44,449 whatsapp_service    Template: sample_order_details
[INFO] 2025-09-15 16:47:44,449 whatsapp_service    Currency: INR
[INFO] 2025-09-15 16:47:44,449 whatsapp_service    Reference ID: 2025091500017
[INFO] 2025-09-15 16:47:44,449 whatsapp_service    Total Amount: ₹2.0
[INFO] 2025-09-15 16:47:44,449 whatsapp_service    Items in payload: 1
[INFO] 2025-09-15 16:47:44,449 whatsapp_service 📋 JSON PAYLOAD:
{
  "messaging_product": "whatsapp",
  "recipient_type": "individual",
  "to": "919538095601",
  "type": "template",
  "template": {
    "name": "sample_order_details",
    "language": {
      "policy": "deterministic",
      "code": "en"
    },
    "components": [
      {
        "type": "button",
        "sub_type": "order_details",
        "index": 0,
        "parameters": [
          {
            "type": "action",
            "action": {
              "order_details": {
                "currency": "INR",
                "order": {
                  "items": [
                    {
                      "amount": {
                        "offset": 100,
                        "value": 200
                      },
                      "name": "Pears",
                      "quantity": 1,
                      "country_of_origin": "India",
                      "importer_name": "Farmveda"
                    }
                  ],
                  "status": "pending",
                  "subtotal": {
                    "offset": 100,
                    "value": 200
                  }
                },
                "payment_settings": [
                  {
                    "type": "payment_gateway",
                    "payment_gateway": {
                      "type": "razorpay",
                      "configuration_name": "WhatsappGroups-Payments"
                    }
                  }
                ],
                "reference_id": "2025091500017",
                "total_amount": {
                  "offset": 100,
                  "value": 200
                },
                "type": "physical-goods"
              }
            }
          }
        ]
      }
    ]
  }
}
[INFO] 2025-09-15 16:47:44,638 whatsapp_360_client Sending WhatsApp message to 919538095601
[INFO] 2025-09-15 16:47:45,322 webhook_processor Processing order status update: wamid.HBgMOTE3NzAyODI4ODExFQIAERgSNTBDM0NBODczNkUzQjFGQTE3AA== -> failed
[ERROR] 2025-09-15 16:47:45,324 webhook_processor Order wamid.HBgMOTE3NzAyODI4ODExFQIAERgSNTBDM0NBODczNkUzQjFGQTE3AA== failed: Error 131049: This message was not delivered to maintain healthy ecosystem engagement.
[INFO] 2025-09-15 16:47:45,428 whatsapp_360_client Message sent successfully: {'messaging_product': 'whatsapp', 'contacts': [{'input': '919538095601', 'wa_id': '919538095601'}], 'messages': [{'id': 'wamid.HBgMOTE5NTM4MDk1NjAxFQIAERgSNkU2MjA4QjZDNTRBNzg4RDI2AA==', 'message_status': 'accepted'}]}
[INFO] 2025-09-15 16:47:45,428 whatsapp_service ✅ Order 2025091500017 sent successfully
[INFO] 2025-09-15 16:47:45,575 webhook_processor Updated order wamid.HBgMOTE3NzAyODI4ODExFQIAERgSNTBDM0NBODczNkUzQjFGQTE3AA==: sent -> failed
[INFO] 2025-09-15 16:47:45,633 whatsapp_service ⏳ Waiting 2.0 seconds before next message...
[INFO] 2025-09-15 16:47:45,901 tasks Webhook 136 processed using orders.webhook_processor.process_order_webhook_status
[INFO] 2025-09-15 16:47:47,137 webhook_handler Received webhook: {
  "object": "whatsapp_business_account",
  "entry": [
    {
      "id": "114374441730441",
      "changes": [
        {
          "value": {
            "messaging_product": "whatsapp",
            "metadata": {
              "display_phone_number": "917996002222",
              "phone_number_id": "114392571729051"
            },
            "statuses": [
              {
                "id": "wamid.HBgMOTE5NTM4MDk1NjAxFQIAERgSNkU2MjA4QjZDNTRBNzg4RDI2AA==",
                "status": "failed",
                "timestamp": "1757954865",
                "recipient_id": "919538095601",
                "errors": [
                  {
                    "code": 131049,
                    "title": "This message was not delivered to maintain healthy ecosystem engagement.",
                    "message": "This message was not delivered to maintain healthy ecosystem engagement.",
                    "error_data": {
                      "details": "In order to maintain a healthy ecosystem engagement, the message failed to be delivered."
                    },
                    "href": "https://developers.facebook.com/docs/whatsapp/cloud-api/support/error-codes/"
                  }
                ]
              }
            ]
          },
          "field": "messages"
        }
      ]
    }
  ]
}
[INFO] 2025-09-15 16:47:47,162 basehttp "POST /api/webhook/whatsapp/ HTTP/1.1" 200 22
[INFO] 2025-09-15 16:47:47,441 webhook_processor Processing order status update: wamid.HBgMOTE5NTM4MDk1NjAxFQIAERgSNkU2MjA4QjZDNTRBNzg4RDI2AA== -> failed
[ERROR] 2025-09-15 16:47:47,449 webhook_processor Order wamid.HBgMOTE5NTM4MDk1NjAxFQIAERgSNkU2MjA4QjZDNTRBNzg4RDI2AA== failed: Error 131049: This message was not delivered to maintain healthy ecosystem engagement.
[INFO] 2025-09-15 16:47:47,596 webhook_processor Updated order wamid.HBgMOTE5NTM4MDk1NjAxFQIAERgSNkU2MjA4QjZDNTRBNzg4RDI2AA==: sent -> failed
[INFO] 2025-09-15 16:47:47,635 whatsapp_service Processing order 3/5: 2025091500018
[INFO] 2025-09-15 16:47:47,636 whatsapp_service Sending order message for 2025091500018 to 919473181958
[INFO] 2025-09-15 16:47:47,637 whatsapp_service 🔍 Building payload for Order 2025091500018
[INFO] 2025-09-15 16:47:47,637 whatsapp_service    Raw order.order_items: 'Apples: 1, Pears: 1' (type: <class 'str'>)
[INFO] 2025-09-15 16:47:47,638 whatsapp_service    Raw order.amount: '1+2=3' (type: <class 'str'>)
[INFO] 2025-09-15 16:47:47,638 whatsapp_service    Processed order_items_str: 'Apples: 1, Pears: 1'
[INFO] 2025-09-15 16:47:47,638 whatsapp_service    Processed total_amount_str: '1+2=3'
[INFO] 2025-09-15 16:47:47,639 whatsapp_service    Parsed items count: 2
[INFO] 2025-09-15 16:47:47,640 whatsapp_service    Total amount in paisa: 300
[INFO] 2025-09-15 16:47:47,640 whatsapp_service    Item 1: Apples x1 = ₹1.0
[INFO] 2025-09-15 16:47:47,641 whatsapp_service    Item 2: Pears x1 = ₹2.0
[INFO] 2025-09-15 16:47:47,641 whatsapp_service ✅ Built payload for order 2025091500018 to 919473181958 - Items: Apples: 1, Pears: 1
[INFO] 2025-09-15 16:47:47,642 whatsapp_service 📤 COMPLETE PAYLOAD for Order 2025091500018:
[INFO] 2025-09-15 16:47:47,642 whatsapp_service    Recipient: 919473181958
[INFO] 2025-09-15 16:47:47,643 whatsapp_service    Template: sample_order_details
[INFO] 2025-09-15 16:47:47,643 whatsapp_service    Currency: INR
[INFO] 2025-09-15 16:47:47,643 whatsapp_service    Reference ID: 2025091500018
[INFO] 2025-09-15 16:47:47,644 whatsapp_service    Total Amount: ₹3.0
[INFO] 2025-09-15 16:47:47,644 whatsapp_service    Items in payload: 2
[INFO] 2025-09-15 16:47:47,645 whatsapp_service 📋 JSON PAYLOAD:
{
  "messaging_product": "whatsapp",
  "recipient_type": "individual",
  "to": "919473181958",
  "type": "template",
  "template": {
    "name": "sample_order_details",
    "language": {
      "policy": "deterministic",
      "code": "en"
    },
    "components": [
      {
        "type": "button",
        "sub_type": "order_details",
        "index": 0,
        "parameters": [
          {
            "type": "action",
            "action": {
              "order_details": {
                "currency": "INR",
                "order": {
                  "items": [
                    {
                      "amount": {
                        "offset": 100,
                        "value": 100
                      },
                      "name": "Apples",
                      "quantity": 1,
                      "country_of_origin": "India",
                      "importer_name": "Farmveda"
                    },
                    {
                      "amount": {
                        "offset": 100,
                        "value": 200
                      },
                      "name": "Pears",
                      "quantity": 1,
                      "country_of_origin": "India",
                      "importer_name": "Farmveda"
                    }
                  ],
                  "status": "pending",
                  "subtotal": {
                    "offset": 100,
                    "value": 300
                  }
                },
                "payment_settings": [
                  {
                    "type": "payment_gateway",
                    "payment_gateway": {
                      "type": "razorpay",
                      "configuration_name": "WhatsappGroups-Payments"
                    }
                  }
                ],
                "reference_id": "2025091500018",
                "total_amount": {
                  "offset": 100,
                  "value": 300
                },
                "type": "physical-goods"
              }
            }
          }
        ]
      }
    ]
  }
}
[INFO] 2025-09-15 16:47:47,764 whatsapp_360_client Sending WhatsApp message to 919473181958
[INFO] 2025-09-15 16:47:47,881 tasks Webhook 137 processed using orders.webhook_processor.process_order_webhook_status
[INFO] 2025-09-15 16:47:48,776 whatsapp_360_client Message sent successfully: {'messaging_product': 'whatsapp', 'contacts': [{'input': '919473181958', 'wa_id': '919473181958'}], 'messages': [{'id': 'wamid.HBgMOTE5NDczMTgxOTU4FQIAERgSNUFFNjJFNjNGM0UyMTcwQzBDAA==', 'message_status': 'accepted'}]}
[INFO] 2025-09-15 16:47:48,776 whatsapp_service ✅ Order 2025091500018 sent successfully
[INFO] 2025-09-15 16:47:48,874 whatsapp_service ⏳ Waiting 2.0 seconds before next message...
[INFO] 2025-09-15 16:47:50,875 whatsapp_service Processing order 4/5: 2025091500019
[INFO] 2025-09-15 16:47:50,876 whatsapp_service Sending order message for 2025091500019 to 919577625121
[INFO] 2025-09-15 16:47:50,876 whatsapp_service 🔍 Building payload for Order 2025091500019
[INFO] 2025-09-15 16:47:50,877 whatsapp_service    Raw order.order_items: 'Pears: 1' (type: <class 'str'>)
[INFO] 2025-09-15 16:47:50,877 whatsapp_service    Raw order.amount: '2' (type: <class 'str'>)
[INFO] 2025-09-15 16:47:50,878 whatsapp_service    Processed order_items_str: 'Pears: 1'
[INFO] 2025-09-15 16:47:50,878 whatsapp_service    Processed total_amount_str: '2'
[INFO] 2025-09-15 16:47:50,878 whatsapp_service    Parsed items count: 1
[INFO] 2025-09-15 16:47:50,879 whatsapp_service    Total amount in paisa: 200
[INFO] 2025-09-15 16:47:50,880 whatsapp_service    Item 1: Pears x1 = ₹2.0
[INFO] 2025-09-15 16:47:50,880 whatsapp_service ✅ Built payload for order 2025091500019 to 919577625121 - Items: Pears: 1
[INFO] 2025-09-15 16:47:50,880 whatsapp_service 📤 COMPLETE PAYLOAD for Order 2025091500019:
[INFO] 2025-09-15 16:47:50,881 whatsapp_service    Recipient: 919577625121
[INFO] 2025-09-15 16:47:50,881 whatsapp_service    Template: sample_order_details
[INFO] 2025-09-15 16:47:50,881 whatsapp_service    Currency: INR
[INFO] 2025-09-15 16:47:50,882 whatsapp_service    Reference ID: 2025091500019
[INFO] 2025-09-15 16:47:50,882 whatsapp_service    Total Amount: ₹2.0
[INFO] 2025-09-15 16:47:50,882 whatsapp_service    Items in payload: 1
[INFO] 2025-09-15 16:47:50,883 whatsapp_service 📋 JSON PAYLOAD:
{
  "messaging_product": "whatsapp",
  "recipient_type": "individual",
  "to": "919577625121",
  "type": "template",
  "template": {
    "name": "sample_order_details",
    "language": {
      "policy": "deterministic",
      "code": "en"
    },
    "components": [
      {
        "type": "button",
        "sub_type": "order_details",
        "index": 0,
        "parameters": [
          {
            "type": "action",
            "action": {
              "order_details": {
                "currency": "INR",
                "order": {
                  "items": [
                    {
                      "amount": {
                        "offset": 100,
                        "value": 200
                      },
                      "name": "Pears",
                      "quantity": 1,
                      "country_of_origin": "India",
                      "importer_name": "Farmveda"
                    }
                  ],
                  "status": "pending",
                  "subtotal": {
                    "offset": 100,
                    "value": 200
                  }
                },
                "payment_settings": [
                  {
                    "type": "payment_gateway",
                    "payment_gateway": {
                      "type": "razorpay",
                      "configuration_name": "WhatsappGroups-Payments"
                    }
                  }
                ],
                "reference_id": "2025091500019",
                "total_amount": {
                  "offset": 100,
                  "value": 200
                },
                "type": "physical-goods"
              }
            }
          }
        ]
      }
    ]
  }
}
[INFO] 2025-09-15 16:47:50,976 webhook_handler Received webhook: {
  "object": "whatsapp_business_account",
  "entry": [
    {
      "id": "114374441730441",
      "changes": [
        {
          "value": {
            "messaging_product": "whatsapp",
            "metadata": {
              "display_phone_number": "917996002222",
              "phone_number_id": "114392571729051"
            },
            "statuses": [
              {
                "id": "wamid.HBgMOTE5NDczMTgxOTU4FQIAERgSNUFFNjJFNjNGM0UyMTcwQzBDAA==",
                "status": "sent",
                "timestamp": "1757954869",
                "recipient_id": "919473181958",
                "conversation": {
                  "id": "75749443feb050d84f10ded31586a684",
                  "expiration_timestamp": "1757954869",
                  "origin": {
                    "type": "marketing"
                  }
                },
                "pricing": {
                  "billable": true,
                  "pricing_model": "PMP",
                  "category": "marketing",
                  "type": "regular"
                }
              }
            ]
          },
          "field": "messages"
        }
      ]
    }
  ]
}
[INFO] 2025-09-15 16:47:50,985 basehttp "POST /api/webhook/whatsapp/ HTTP/1.1" 200 22
[INFO] 2025-09-15 16:47:51,034 whatsapp_360_client Sending WhatsApp message to 919577625121
[INFO] 2025-09-15 16:47:51,176 webhook_processor Processing order status update: wamid.HBgMOTE5NDczMTgxOTU4FQIAERgSNUFFNjJFNjNGM0UyMTcwQzBDAA== -> sent
[INFO] 2025-09-15 16:47:51,180 webhook_processor Webhook 'sent' received for order wamid.HBgMOTE5NDczMTgxOTU4FQIAERgSNUFFNjJFNjNGM0UyMTcwQzBDAA== - already handled on API success
[INFO] 2025-09-15 16:47:51,293 webhook_processor Updated order wamid.HBgMOTE5NDczMTgxOTU4FQIAERgSNUFFNjJFNjNGM0UyMTcwQzBDAA==: sent -> sent
[INFO] 2025-09-15 16:47:51,510 tasks Webhook 138 processed using orders.webhook_processor.process_order_webhook_status
[INFO] 2025-09-15 16:47:51,971 webhook_handler Received webhook: {
  "object": "whatsapp_business_account",
  "entry": [
    {
      "id": "114374441730441",
      "changes": [
        {
          "value": {
            "messaging_product": "whatsapp",
            "metadata": {
              "display_phone_number": "917996002222",
              "phone_number_id": "114392571729051"
            },
            "statuses": [
              {
                "id": "wamid.HBgMOTE5NDczMTgxOTU4FQIAERgSNUFFNjJFNjNGM0UyMTcwQzBDAA==",
                "status": "delivered",
                "timestamp": "1757954870",
                "recipient_id": "919473181958",
                "conversation": {
                  "id": "75749443feb050d84f10ded31586a684",
                  "origin": {
                    "type": "marketing"
                  }
                },
                "pricing": {
                  "billable": true,
                  "pricing_model": "PMP",
                  "category": "marketing",
                  "type": "regular"
                }
              }
            ]
          },
          "field": "messages"
        }
      ]
    }
  ]
}
[INFO] 2025-09-15 16:47:51,977 basehttp "POST /api/webhook/whatsapp/ HTTP/1.1" 200 22
[INFO] 2025-09-15 16:47:52,103 whatsapp_360_client Message sent successfully: {'messaging_product': 'whatsapp', 'contacts': [{'input': '919577625121', 'wa_id': '919577625121'}], 'messages': [{'id': 'wamid.HBgMOTE5NTc3NjI1MTIxFQIAERgSNTNCMEQwOTJBQUI4NzFFNDE2AA==', 'message_status': 'accepted'}]}
[INFO] 2025-09-15 16:47:52,103 whatsapp_service ✅ Order 2025091500019 sent successfully
[INFO] 2025-09-15 16:47:52,263 whatsapp_service ⏳ Waiting 2.0 seconds before next message...
[INFO] 2025-09-15 16:47:52,622 webhook_processor Processing order status update: wamid.HBgMOTE5NDczMTgxOTU4FQIAERgSNUFFNjJFNjNGM0UyMTcwQzBDAA== -> delivered
[INFO] 2025-09-15 16:47:52,630 webhook_processor Order wamid.HBgMOTE5NDczMTgxOTU4FQIAERgSNUFFNjJFNjNGM0UyMTcwQzBDAA== marked as delivered
[INFO] 2025-09-15 16:47:52,931 webhook_processor Updated order wamid.HBgMOTE5NDczMTgxOTU4FQIAERgSNUFFNjJFNjNGM0UyMTcwQzBDAA==: sent -> delivered
[INFO] 2025-09-15 16:47:53,299 tasks Webhook 139 processed using orders.webhook_processor.process_order_webhook_status
[INFO] 2025-09-15 16:47:53,990 webhook_handler Received webhook: {
  "object": "whatsapp_business_account",
  "entry": [
    {
      "id": "114374441730441",
      "changes": [
        {
          "value": {
            "messaging_product": "whatsapp",
            "metadata": {
              "display_phone_number": "917996002222",
              "phone_number_id": "114392571729051"
            },
            "statuses": [
              {
                "id": "wamid.HBgMOTE5NTc3NjI1MTIxFQIAERgSNTNCMEQwOTJBQUI4NzFFNDE2AA==",
                "status": "sent",
                "timestamp": "1757954872",
                "recipient_id": "919577625121",
                "conversation": {
                  "id": "d71e826ea4124bebe2debdbe88c2238e",
                  "expiration_timestamp": "1757954872",
                  "origin": {
                    "type": "marketing"
                  }
                },
                "pricing": {
                  "billable": true,
                  "pricing_model": "PMP",
                  "category": "marketing",
                  "type": "regular"
                }
              }
            ]
          },
          "field": "messages"
        }
      ]
    }
  ]
}
[INFO] 2025-09-15 16:47:53,995 basehttp "POST /api/webhook/whatsapp/ HTTP/1.1" 200 22
[INFO] 2025-09-15 16:47:54,265 whatsapp_service Processing order 5/5: 2025091500020
[INFO] 2025-09-15 16:47:54,266 whatsapp_service Sending order message for 2025091500020 to 919445392454
[INFO] 2025-09-15 16:47:54,266 whatsapp_service 🔍 Building payload for Order 2025091500020
[INFO] 2025-09-15 16:47:54,267 whatsapp_service    Raw order.order_items: 'Pears: 1' (type: <class 'str'>)
[INFO] 2025-09-15 16:47:54,267 whatsapp_service    Raw order.amount: '2' (type: <class 'str'>)
[INFO] 2025-09-15 16:47:54,268 whatsapp_service    Processed order_items_str: 'Pears: 1'
[INFO] 2025-09-15 16:47:54,268 whatsapp_service    Processed total_amount_str: '2'
[INFO] 2025-09-15 16:47:54,269 whatsapp_service    Parsed items count: 1
[INFO] 2025-09-15 16:47:54,270 whatsapp_service    Total amount in paisa: 200
[INFO] 2025-09-15 16:47:54,270 whatsapp_service    Item 1: Pears x1 = ₹2.0
[INFO] 2025-09-15 16:47:54,271 whatsapp_service ✅ Built payload for order 2025091500020 to 919445392454 - Items: Pears: 1
[INFO] 2025-09-15 16:47:54,271 whatsapp_service 📤 COMPLETE PAYLOAD for Order 2025091500020:
[INFO] 2025-09-15 16:47:54,272 whatsapp_service    Recipient: 919445392454
[INFO] 2025-09-15 16:47:54,272 whatsapp_service    Template: sample_order_details
[INFO] 2025-09-15 16:47:54,273 whatsapp_service    Currency: INR
[INFO] 2025-09-15 16:47:54,273 whatsapp_service    Reference ID: 2025091500020
[INFO] 2025-09-15 16:47:54,274 whatsapp_service    Total Amount: ₹2.0
[INFO] 2025-09-15 16:47:54,274 whatsapp_service    Items in payload: 1
[INFO] 2025-09-15 16:47:54,276 whatsapp_service 📋 JSON PAYLOAD:
{
  "messaging_product": "whatsapp",
  "recipient_type": "individual",
  "to": "919445392454",
  "type": "template",
  "template": {
    "name": "sample_order_details",
    "language": {
      "policy": "deterministic",
      "code": "en"
    },
    "components": [
      {
        "type": "button",
        "sub_type": "order_details",
        "index": 0,
        "parameters": [
          {
            "type": "action",
            "action": {
              "order_details": {
                "currency": "INR",
                "order": {
                  "items": [
                    {
                      "amount": {
                        "offset": 100,
                        "value": 200
                      },
                      "name": "Pears",
                      "quantity": 1,
                      "country_of_origin": "India",
                      "importer_name": "Farmveda"
                    }
                  ],
                  "status": "pending",
                  "subtotal": {
                    "offset": 100,
                    "value": 200
                  }
                },
                "payment_settings": [
                  {
                    "type": "payment_gateway",
                    "payment_gateway": {
                      "type": "razorpay",
                      "configuration_name": "WhatsappGroups-Payments"
                    }
                  }
                ],
                "reference_id": "2025091500020",
                "total_amount": {
                  "offset": 100,
                  "value": 200
                },
                "type": "physical-goods"
              }
            }
          }
        ]
      }
    ]
  }
}
[INFO] 2025-09-15 16:47:54,336 webhook_processor Processing order status update: wamid.HBgMOTE5NTc3NjI1MTIxFQIAERgSNTNCMEQwOTJBQUI4NzFFNDE2AA== -> sent
[INFO] 2025-09-15 16:47:54,339 webhook_processor Webhook 'sent' received for order wamid.HBgMOTE5NTc3NjI1MTIxFQIAERgSNTNCMEQwOTJBQUI4NzFFNDE2AA== - already handled on API success
[INFO] 2025-09-15 16:47:54,394 whatsapp_360_client Sending WhatsApp message to 919445392454
[INFO] 2025-09-15 16:47:54,503 webhook_processor Updated order wamid.HBgMOTE5NTc3NjI1MTIxFQIAERgSNTNCMEQwOTJBQUI4NzFFNDE2AA==: sent -> sent
[INFO] 2025-09-15 16:47:54,705 tasks Webhook 140 processed using orders.webhook_processor.process_order_webhook_status
[INFO] 2025-09-15 16:47:55,382 whatsapp_360_client Message sent successfully: {'messaging_product': 'whatsapp', 'contacts': [{'input': '919445392454', 'wa_id': '919445392454'}], 'messages': [{'id': 'wamid.HBgMOTE5NDQ1MzkyNDU0FQIAERgSRjA0MzlCRjI5RjI3REU0MzBDAA==', 'message_status': 'accepted'}]}
[INFO] 2025-09-15 16:47:55,382 whatsapp_service ✅ Order 2025091500020 sent successfully
[INFO] 2025-09-15 16:47:55,467 whatsapp_service 📊 Bulk send complete: 5 sent, 0 failed in 15s
[INFO] 2025-09-15 16:47:55,470 basehttp "POST /api/orders/send-messages/ HTTP/1.1" 200 2577
[INFO] 2025-09-15 16:47:55,759 webhook_handler Received webhook: {
  "object": "whatsapp_business_account",
  "entry": [
    {
      "id": "114374441730441",
      "changes": [
        {
          "value": {
            "messaging_product": "whatsapp",
            "metadata": {
              "display_phone_number": "917996002222",
              "phone_number_id": "114392571729051"
            },
            "statuses": [
              {
                "id": "wamid.HBgMOTE5NTc3NjI1MTIxFQIAERgSNTNCMEQwOTJBQUI4NzFFNDE2AA==",
                "status": "delivered",
                "timestamp": "1757954874",
                "recipient_id": "919577625121",
                "conversation": {
                  "id": "d71e826ea4124bebe2debdbe88c2238e",
                  "origin": {
                    "type": "marketing"
                  }
                },
                "pricing": {
                  "billable": true,
                  "pricing_model": "PMP",
                  "category": "marketing",
                  "type": "regular"
                }
              }
            ]
          },
          "field": "messages"
        }
      ]
    }
  ]
}
[INFO] 2025-09-15 16:47:55,762 basehttp "POST /api/webhook/whatsapp/ HTTP/1.1" 200 22
[INFO] 2025-09-15 16:47:56,048 webhook_processor Processing order status update: wamid.HBgMOTE5NTc3NjI1MTIxFQIAERgSNTNCMEQwOTJBQUI4NzFFNDE2AA== -> delivered
[INFO] 2025-09-15 16:47:56,053 webhook_processor Order wamid.HBgMOTE5NTc3NjI1MTIxFQIAERgSNTNCMEQwOTJBQUI4NzFFNDE2AA== marked as delivered
[INFO] 2025-09-15 16:47:56,159 webhook_processor Updated order wamid.HBgMOTE5NTc3NjI1MTIxFQIAERgSNTNCMEQwOTJBQUI4NzFFNDE2AA==: sent -> delivered
[INFO] 2025-09-15 16:47:56,408 tasks Webhook 141 processed using orders.webhook_processor.process_order_webhook_status
[INFO] 2025-09-15 16:47:57,503 webhook_handler Received webhook: {
  "object": "whatsapp_business_account",
  "entry": [
    {
      "id": "114374441730441",
      "changes": [
        {
          "value": {
            "messaging_product": "whatsapp",
            "metadata": {
              "display_phone_number": "917996002222",
              "phone_number_id": "114392571729051"
            },
            "statuses": [
              {
                "id": "wamid.HBgMOTE5NDQ1MzkyNDU0FQIAERgSRjA0MzlCRjI5RjI3REU0MzBDAA==",
                "status": "sent",
                "timestamp": "1757954876",
                "recipient_id": "919445392454",
                "conversation": {
                  "id": "fd39437a382ef89abfdcea7f2b6b1d94",
                  "expiration_timestamp": "1757954876",
                  "origin": {
                    "type": "marketing"
                  }
                },
                "pricing": {
                  "billable": true,
                  "pricing_model": "PMP",
                  "category": "marketing",
                  "type": "regular"
                }
              }
            ]
          },
          "field": "messages"
        }
      ]
    }
  ]
}
[INFO] 2025-09-15 16:47:57,507 basehttp "POST /api/webhook/whatsapp/ HTTP/1.1" 200 22
[INFO] 2025-09-15 16:47:57,929 webhook_processor Processing order status update: wamid.HBgMOTE5NDQ1MzkyNDU0FQIAERgSRjA0MzlCRjI5RjI3REU0MzBDAA== -> sent
[INFO] 2025-09-15 16:47:57,939 webhook_processor Webhook 'sent' received for order wamid.HBgMOTE5NDQ1MzkyNDU0FQIAERgSRjA0MzlCRjI5RjI3REU0MzBDAA== - already handled on API success
[INFO] 2025-09-15 16:47:58,080 webhook_processor Updated order wamid.HBgMOTE5NDQ1MzkyNDU0FQIAERgSRjA0MzlCRjI5RjI3REU0MzBDAA==: sent -> sent
[INFO] 2025-09-15 16:47:58,359 tasks Webhook 142 processed using orders.webhook_processor.process_order_webhook_status
[INFO] 2025-09-15 16:47:59,331 webhook_handler Received webhook: {
  "object": "whatsapp_business_account",
  "entry": [
    {
      "id": "114374441730441",
      "changes": [
        {
          "value": {
            "messaging_product": "whatsapp",
            "metadata": {
              "display_phone_number": "917996002222",
              "phone_number_id": "114392571729051"
            },
            "statuses": [
              {
                "id": "wamid.HBgMOTE5NDQ1MzkyNDU0FQIAERgSRjA0MzlCRjI5RjI3REU0MzBDAA==",
                "status": "delivered",
                "timestamp": "1757954878",
                "recipient_id": "919445392454",
                "conversation": {
                  "id": "fd39437a382ef89abfdcea7f2b6b1d94",
                  "origin": {
                    "type": "marketing"
                  }
                },
                "pricing": {
                  "billable": true,
                  "pricing_model": "PMP",
                  "category": "marketing",
                  "type": "regular"
                }
              }
            ]
          },
          "field": "messages"
        }
      ]
    }
  ]
}
[INFO] 2025-09-15 16:47:59,354 basehttp "POST /api/webhook/whatsapp/ HTTP/1.1" 200 22
[INFO] 2025-09-15 16:47:59,716 webhook_processor Processing order status update: wamid.HBgMOTE5NDQ1MzkyNDU0FQIAERgSRjA0MzlCRjI5RjI3REU0MzBDAA== -> delivered
[INFO] 2025-09-15 16:47:59,724 webhook_processor Order wamid.HBgMOTE5NDQ1MzkyNDU0FQIAERgSRjA0MzlCRjI5RjI3REU0MzBDAA== marked as delivered
[INFO] 2025-09-15 16:47:59,817 webhook_processor Updated order wamid.HBgMOTE5NDQ1MzkyNDU0FQIAERgSRjA0MzlCRjI5RjI3REU0MzBDAA==: sent -> delivered
[INFO] 2025-09-15 16:48:00,000 tasks Webhook 143 processed using orders.webhook_processor.process_order_webhook_status
[INFO] 2025-09-15 16:48:01,451 webhook_handler Received webhook: {
  "object": "whatsapp_business_account",
  "entry": [
    {
      "id": "114374441730441",
      "changes": [
        {
          "value": {
            "messaging_product": "whatsapp",
            "metadata": {
              "display_phone_number": "917996002222",
              "phone_number_id": "114392571729051"
            },
            "statuses": [
              {
                "id": "wamid.HBgMOTE5NDczMTgxOTU4FQIAERgSNUFFNjJFNjNGM0UyMTcwQzBDAA==",
                "status": "read",
                "timestamp": "1757954879",
                "recipient_id": "919473181958"
              }
            ]
          },
          "field": "messages"
        }
      ]
    }
  ]
}
[INFO] 2025-09-15 16:48:01,469 basehttp "POST /api/webhook/whatsapp/ HTTP/1.1" 200 22
[INFO] 2025-09-15 16:48:02,121 webhook_processor Processing order status update: wamid.HBgMOTE5NDczMTgxOTU4FQIAERgSNUFFNjJFNjNGM0UyMTcwQzBDAA== -> read
[INFO] 2025-09-15 16:48:02,128 webhook_processor Order wamid.HBgMOTE5NDczMTgxOTU4FQIAERgSNUFFNjJFNjNGM0UyMTcwQzBDAA== marked as read
[INFO] 2025-09-15 16:48:02,238 webhook_processor Updated order wamid.HBgMOTE5NDczMTgxOTU4FQIAERgSNUFFNjJFNjNGM0UyMTcwQzBDAA==: delivered -> read
[INFO] 2025-09-15 16:48:02,468 tasks Webhook 144 processed using orders.webhook_processor.process_order_webhook_status
[INFO] 2025-09-15 16:48:09,850 webhook_handler Received webhook: {
  "object": "whatsapp_business_account",
  "entry": [
    {
      "id": "114374441730441",
      "changes": [
        {
          "value": {
            "messaging_product": "whatsapp",
            "metadata": {
              "display_phone_number": "917996002222",
              "phone_number_id": "114392571729051"
            },
            "statuses": [
              {
                "id": "wamid.HBgMOTE5NDQ1MzkyNDU0FQIAERgSRjA0MzlCRjI5RjI3REU0MzBDAA==",
                "status": "read",
                "timestamp": "1757954888",
                "recipient_id": "919445392454"
              }
            ]
          },
          "field": "messages"
        }
      ]
    }
  ]
}
[INFO] 2025-09-15 16:48:09,860 basehttp "POST /api/webhook/whatsapp/ HTTP/1.1" 200 22
[INFO] 2025-09-15 16:48:10,217 webhook_processor Processing order status update: wamid.HBgMOTE5NDQ1MzkyNDU0FQIAERgSRjA0MzlCRjI5RjI3REU0MzBDAA== -> read
[INFO] 2025-09-15 16:48:10,221 webhook_processor Order wamid.HBgMOTE5NDQ1MzkyNDU0FQIAERgSRjA0MzlCRjI5RjI3REU0MzBDAA== marked as read
[INFO] 2025-09-15 16:48:10,326 webhook_processor Updated order wamid.HBgMOTE5NDQ1MzkyNDU0FQIAERgSRjA0MzlCRjI5RjI3REU0MzBDAA==: delivered -> read
[INFO] 2025-09-15 16:48:10,603 tasks Webhook 145 processed using orders.webhook_processor.process_order_webhook_status
[INFO] 2025-09-15 16:48:14,361 webhook_handler Received webhook: {
  "object": "whatsapp_business_account",
  "entry": [
    {
      "id": "114374441730441",
      "changes": [
        {
          "value": {
            "messaging_product": "whatsapp",
            "metadata": {
              "display_phone_number": "917996002222",
              "phone_number_id": "114392571729051"
            },
            "statuses": [
              {
                "id": "wamid.HBgMOTE5NTc3NjI1MTIxFQIAERgSNTNCMEQwOTJBQUI4NzFFNDE2AA==",
                "status": "read",
                "timestamp": "1757954893",
                "recipient_id": "919577625121"
              }
            ]
          },
          "field": "messages"
        }
      ]
    }
  ]
}
[INFO] 2025-09-15 16:48:14,365 basehttp "POST /api/webhook/whatsapp/ HTTP/1.1" 200 22
[INFO] 2025-09-15 16:48:14,805 webhook_processor Processing order status update: wamid.HBgMOTE5NTc3NjI1MTIxFQIAERgSNTNCMEQwOTJBQUI4NzFFNDE2AA== -> read
[INFO] 2025-09-15 16:48:14,813 webhook_processor Order wamid.HBgMOTE5NTc3NjI1MTIxFQIAERgSNTNCMEQwOTJBQUI4NzFFNDE2AA== marked as read
[INFO] 2025-09-15 16:48:15,205 webhook_processor Updated order wamid.HBgMOTE5NTc3NjI1MTIxFQIAERgSNTNCMEQwOTJBQUI4NzFFNDE2AA==: delivered -> read
[INFO] 2025-09-15 16:48:15,414 tasks Webhook 146 processed using orders.webhook_processor.process_order_webhook_status
[INFO] 2025-09-15 16:50:33,856 views Chat file uploaded: demo-chat.txt by user Sohan
[INFO] 2025-09-15 16:50:33,857 basehttp "POST /api/orders/chatfiles/ HTTP/1.1" 201 353
[INFO] 2025-09-15 16:50:34,517 basehttp "POST /api/orders/chatfiles/0aac1353-6de0-42ec-9800-7354dad6f926/process/ HTTP/1.1" 200 101
[INFO] 2025-09-15 16:50:34,837 tasks Starting complete processing of chat file: demo-chat.txt
[INFO] 2025-09-15 16:50:34,839 tasks Step 1: Basic chat parsing...
[INFO] 2025-09-15 16:50:34,840 tasks Parsed 1 messages
[INFO] 2025-09-15 16:50:34,841 tasks Step 2: AI classification (this may take time due to rate limits)...
[INFO] 2025-09-15 16:50:36,540 tasks AI classification completed. Found 1 orders
[INFO] 2025-09-15 16:50:36,752 tasks Complete processing successful: demo-chat_processed.xlsx
[INFO] 2025-09-15 16:50:36,753 tasks Final stats: 1 messages, 1 orders
[INFO] 2025-09-15 16:50:50,214 basehttp "GET /api/orders/chatfiles/0aac1353-6de0-42ec-9800-7354dad6f926/ HTTP/1.1" 200 314
[INFO] 2025-09-15 16:50:50,878 basehttp "GET /api/orders/processed-files/ HTTP/1.1" 200 822
[INFO] 2025-09-15 16:50:52,958 basehttp "GET /api/orders/processed-files/ HTTP/1.1" 200 822
[INFO] 2025-09-15 16:50:57,826 basehttp "GET /api/orders/processed-files/ HTTP/1.1" 200 822
[INFO] 2025-09-15 16:50:58,614 views Downloaded processed file: demo-chat_processed.xlsx by user Sohan
[INFO] 2025-09-15 16:50:58,617 basehttp "GET /api/orders/processed-files/8b0ca3ce-8c43-452b-8ed2-ad5bea2a0784/download/ HTTP/1.1" 200 5051
[INFO] 2025-09-15 16:50:59,835 webhook_handler Received webhook: {
  "object": "whatsapp_business_account",
  "entry": [
    {
      "id": "114374441730441",
      "changes": [
        {
          "value": {
            "messaging_product": "whatsapp",
            "metadata": {
              "display_phone_number": "917996002222",
              "phone_number_id": "114392571729051"
            },
            "statuses": [
              {
                "id": "wamid.HBgMOTE5NTc3NjI1MTIxFQIAEhgKMzg5OTAxNTExOAA=",
                "status": "captured",
                "timestamp": "1757955056",
                "recipient_id": "919577625121",
                "type": "payment",
                "payment": {
                  "reference_id": "2025091500019",
                  "amount": {
                    "value": 200,
                    "offset": 100
                  },
                  "currency": "INR",
                  "transaction": {
                    "id": "order_RHwv3O4uW4j9wB",
                    "pg_transaction_id": "pay_RHwv5A7Xiixs3O",
                    "type": "razorpay",
                    "status": "success",
                    "created_timestamp": 1757955055,
                    "updated_timestamp": 1757955055,
                    "amount": {
                      "value": 200,
                      "offset": 100
                    },
                    "currency": "INR",
                    "method": {
                      "type": "upi"
                    }
                  }
                }
              }
            ]
          },
          "field": "messages"
        }
      ]
    }
  ]
}
[INFO] 2025-09-15 16:50:59,848 basehttp "POST /api/webhook/whatsapp/ HTTP/1.1" 200 22
[INFO] 2025-09-15 16:51:00,137 webhook_processor Processing payment webhook...
[INFO] 2025-09-15 16:51:00,138 webhook_processor Processing payment webhook: reference_id=2025091500019, status=captured
[INFO] 2025-09-15 16:51:00,149 webhook_processor Payment captured for order 2025091500019: ₹2.0
[INFO] 2025-09-15 16:51:00,246 webhook_processor Updated payment for order 2025091500019: pending -> completed
[INFO] 2025-09-15 16:51:00,247 webhook_processor Payment details: method=upi, amount=₹2.0, razorpay_payment_id=pay_RHwv5A7Xiixs3O
[INFO] 2025-09-15 16:51:00,580 tasks Webhook 147 processed using orders.webhook_processor.process_payment_webhook
[INFO] 2025-09-15 16:51:00,639 basehttp "GET /api/orders/processed-files/ HTTP/1.1" 200 847
[INFO] 2025-09-15 16:52:23,804 basehttp "GET /api/orders/processed-files/ HTTP/1.1" 200 847
[INFO] 2025-09-15 16:52:31,457 basehttp "GET /api/orders/processed-files/ HTTP/1.1" 200 847
[INFO] 2025-09-15 16:52:32,834 basehttp "GET /api/orders/processed-files/ HTTP/1.1" 200 847
[INFO] 2025-09-15 16:52:33,657 views Validated file uploaded: demo-chat_validated.xlsx by user Sohan
[INFO] 2025-09-15 16:52:33,659 basehttp "POST /api/orders/validated-files/ HTTP/1.1" 201 788
[INFO] 2025-09-15 16:52:36,453 basehttp "GET /api/orders/processed-files/ HTTP/1.1" 200 847
[INFO] 2025-09-15 16:52:40,723 basehttp "GET /api/orders/validated-files/ HTTP/1.1" 200 804
[WARNING] 2025-09-15 16:52:41,360 log Not Found: /apiorders/
[WARNING] 2025-09-15 16:52:41,361 basehttp "GET /apiorders/?validated_file=bf6e91e2-33d9-461e-a3be-4d75287b9356 HTTP/1.1" 404 2893
[INFO] 2025-09-15 16:52:48,437 basehttp "GET /api/orders/validated-files/ HTTP/1.1" 200 804
[WARNING] 2025-09-15 16:52:49,064 log Not Found: /apiorders/
[WARNING] 2025-09-15 16:52:49,065 basehttp "GET /apiorders/?validated_file=bf6e91e2-33d9-461e-a3be-4d75287b9356 HTTP/1.1" 404 2893
[INFO] 2025-09-15 16:52:54,726 basehttp "GET /api/orders/validated-files/ HTTP/1.1" 200 804
[WARNING] 2025-09-15 16:52:55,382 log Not Found: /apiorders/
[WARNING] 2025-09-15 16:52:55,384 basehttp "GET /apiorders/?validated_file=bf6e91e2-33d9-461e-a3be-4d75287b9356 HTTP/1.1" 404 2893
[INFO] 2025-09-15 16:52:57,155 basehttp "GET /api/orders/validated-files/ HTTP/1.1" 200 804
[WARNING] 2025-09-15 16:52:57,800 log Not Found: /apiorders/
[WARNING] 2025-09-15 16:52:57,802 basehttp "GET /apiorders/?validated_file=bf6e91e2-33d9-461e-a3be-4d75287b9356 HTTP/1.1" 404 2893
[INFO] 2025-09-15 16:52:58,446 utils Starting sync extraction from demo-chat_validated.xlsx
[INFO] 2025-09-15 16:52:58,493 utils Read 1 rows from demo-chat_validated.xlsx
[INFO] 2025-09-15 16:52:58,496 utils 🔍 Extracting Row 1:
[INFO] 2025-09-15 16:52:58,497 utils    Raw Phone/Name: '919731436845' (type: <class 'int'>)
[INFO] 2025-09-15 16:52:58,498 utils    Raw Items: 'Apples: 1, Pears: 1' (type: <class 'str'>)
[INFO] 2025-09-15 16:52:58,499 utils    Raw Total_Amount: '1+2=3' (type: <class 'str'>)
[INFO] 2025-09-15 16:52:58,499 utils    Processed phone_number: '919731436845'
[INFO] 2025-09-15 16:52:58,500 utils    Processed order_items_str: 'Apples: 1, Pears: 1'
[INFO] 2025-09-15 16:52:58,501 utils    Processed amount_str: '1+2=3'
[INFO] 2025-09-15 16:52:58,633 utils Successfully created 1 orders from demo-chat_validated.xlsx
[INFO] 2025-09-15 16:52:58,733 views Successfully extracted 1 orders from demo-chat_validated.xlsx
[INFO] 2025-09-15 16:52:58,735 basehttp "POST /api/orders/validated-files/bf6e91e2-33d9-461e-a3be-4d75287b9356/extract_orders/ HTTP/1.1" 200 283
[INFO] 2025-09-15 16:52:59,362 views Starting to send 1 order messages for demo-chat_validated.xlsx
[INFO] 2025-09-15 16:52:59,362 whatsapp_service WhatsApp client initialized successfully
[INFO] 2025-09-15 16:52:59,367 whatsapp_service Starting bulk send for 1 orders with 2.0s delay
[INFO] 2025-09-15 16:52:59,367 whatsapp_service Processing order 1/1: 2025091500021
[INFO] 2025-09-15 16:52:59,367 whatsapp_service Sending order message for 2025091500021 to 919731436845
[INFO] 2025-09-15 16:52:59,367 whatsapp_service 🔍 Building payload for Order 2025091500021
[INFO] 2025-09-15 16:52:59,368 whatsapp_service    Raw order.order_items: 'Apples: 1, Pears: 1' (type: <class 'str'>)
[INFO] 2025-09-15 16:52:59,368 whatsapp_service    Raw order.amount: '1+2=3' (type: <class 'str'>)
[INFO] 2025-09-15 16:52:59,368 whatsapp_service    Processed order_items_str: 'Apples: 1, Pears: 1'
[INFO] 2025-09-15 16:52:59,368 whatsapp_service    Processed total_amount_str: '1+2=3'
[INFO] 2025-09-15 16:52:59,368 whatsapp_service    Parsed items count: 2
[INFO] 2025-09-15 16:52:59,369 whatsapp_service    Total amount in paisa: 300
[INFO] 2025-09-15 16:52:59,369 whatsapp_service    Item 1: Apples x1 = ₹1.0
[INFO] 2025-09-15 16:52:59,369 whatsapp_service    Item 2: Pears x1 = ₹2.0
[INFO] 2025-09-15 16:52:59,369 whatsapp_service ✅ Built payload for order 2025091500021 to 919731436845 - Items: Apples: 1, Pears: 1
[INFO] 2025-09-15 16:52:59,369 whatsapp_service 📤 COMPLETE PAYLOAD for Order 2025091500021:
[INFO] 2025-09-15 16:52:59,369 whatsapp_service    Recipient: 919731436845
[INFO] 2025-09-15 16:52:59,369 whatsapp_service    Template: sample_order_details
[INFO] 2025-09-15 16:52:59,369 whatsapp_service    Currency: INR
[INFO] 2025-09-15 16:52:59,370 whatsapp_service    Reference ID: 2025091500021
[INFO] 2025-09-15 16:52:59,370 whatsapp_service    Total Amount: ₹3.0
[INFO] 2025-09-15 16:52:59,370 whatsapp_service    Items in payload: 2
[INFO] 2025-09-15 16:52:59,370 whatsapp_service 📋 JSON PAYLOAD:
{
  "messaging_product": "whatsapp",
  "recipient_type": "individual",
  "to": "919731436845",
  "type": "template",
  "template": {
    "name": "sample_order_details",
    "language": {
      "policy": "deterministic",
      "code": "en"
    },
    "components": [
      {
        "type": "button",
        "sub_type": "order_details",
        "index": 0,
        "parameters": [
          {
            "type": "action",
            "action": {
              "order_details": {
                "currency": "INR",
                "order": {
                  "items": [
                    {
                      "amount": {
                        "offset": 100,
                        "value": 100
                      },
                      "name": "Apples",
                      "quantity": 1,
                      "country_of_origin": "India",
                      "importer_name": "Farmveda"
                    },
                    {
                      "amount": {
                        "offset": 100,
                        "value": 200
                      },
                      "name": "Pears",
                      "quantity": 1,
                      "country_of_origin": "India",
                      "importer_name": "Farmveda"
                    }
                  ],
                  "status": "pending",
                  "subtotal": {
                    "offset": 100,
                    "value": 300
                  }
                },
                "payment_settings": [
                  {
                    "type": "payment_gateway",
                    "payment_gateway": {
                      "type": "razorpay",
                      "configuration_name": "WhatsappGroups-Payments"
                    }
                  }
                ],
                "reference_id": "2025091500021",
                "total_amount": {
                  "offset": 100,
                  "value": 300
                },
                "type": "physical-goods"
              }
            }
          }
        ]
      }
    ]
  }
}
[INFO] 2025-09-15 16:52:59,584 whatsapp_360_client Sending WhatsApp message to 919731436845
[INFO] 2025-09-15 16:53:02,501 whatsapp_360_client Message sent successfully: {'messaging_product': 'whatsapp', 'contacts': [{'input': '919731436845', 'wa_id': '919731436845'}], 'messages': [{'id': 'wamid.HBgMOTE5NzMxNDM2ODQ1FQIAERgSRTAxNDgzMUQwODhDM0NBNTczAA==', 'message_status': 'accepted'}]}
[INFO] 2025-09-15 16:53:02,502 whatsapp_service ✅ Order 2025091500021 sent successfully
[INFO] 2025-09-15 16:53:02,856 whatsapp_service 📊 Bulk send complete: 1 sent, 0 failed in 3s
[INFO] 2025-09-15 16:53:02,861 basehttp "POST /api/orders/send-messages/ HTTP/1.1" 200 620
[INFO] 2025-09-15 16:53:05,466 webhook_handler Received webhook: {
  "object": "whatsapp_business_account",
  "entry": [
    {
      "id": "114374441730441",
      "changes": [
        {
          "value": {
            "messaging_product": "whatsapp",
            "metadata": {
              "display_phone_number": "917996002222",
              "phone_number_id": "114392571729051"
            },
            "statuses": [
              {
                "id": "wamid.HBgMOTE5NzMxNDM2ODQ1FQIAERgSRTAxNDgzMUQwODhDM0NBNTczAA==",
                "status": "sent",
                "timestamp": "1757955183",
                "recipient_id": "919731436845",
                "conversation": {
                  "id": "5d47fa52466081d82dee1692aa523855",
                  "expiration_timestamp": "1757955183",
                  "origin": {
                    "type": "marketing"
                  }
                },
                "pricing": {
                  "billable": true,
                  "pricing_model": "PMP",
                  "category": "marketing",
                  "type": "regular"
                }
              }
            ]
          },
          "field": "messages"
        }
      ]
    }
  ]
}
[INFO] 2025-09-15 16:53:05,483 basehttp "POST /api/webhook/whatsapp/ HTTP/1.1" 200 22
[INFO] 2025-09-15 16:53:05,816 webhook_processor Processing order status update: wamid.HBgMOTE5NzMxNDM2ODQ1FQIAERgSRTAxNDgzMUQwODhDM0NBNTczAA== -> sent
[INFO] 2025-09-15 16:53:05,821 webhook_processor Webhook 'sent' received for order wamid.HBgMOTE5NzMxNDM2ODQ1FQIAERgSRTAxNDgzMUQwODhDM0NBNTczAA== - already handled on API success
[INFO] 2025-09-15 16:53:05,958 webhook_processor Updated order wamid.HBgMOTE5NzMxNDM2ODQ1FQIAERgSRTAxNDgzMUQwODhDM0NBNTczAA==: sent -> sent
[INFO] 2025-09-15 16:53:06,135 tasks Webhook 148 processed using orders.webhook_processor.process_order_webhook_status
[INFO] 2025-09-15 16:53:06,860 webhook_handler Received webhook: {
  "object": "whatsapp_business_account",
  "entry": [
    {
      "id": "114374441730441",
      "changes": [
        {
          "value": {
            "messaging_product": "whatsapp",
            "metadata": {
              "display_phone_number": "917996002222",
              "phone_number_id": "114392571729051"
            },
            "statuses": [
              {
                "id": "wamid.HBgMOTE5NzMxNDM2ODQ1FQIAERgSRTAxNDgzMUQwODhDM0NBNTczAA==",
                "status": "delivered",
                "timestamp": "1757955185",
                "recipient_id": "919731436845",
                "conversation": {
                  "id": "5d47fa52466081d82dee1692aa523855",
                  "origin": {
                    "type": "marketing"
                  }
                },
                "pricing": {
                  "billable": true,
                  "pricing_model": "PMP",
                  "category": "marketing",
                  "type": "regular"
                }
              }
            ]
          },
          "field": "messages"
        }
      ]
    }
  ]
}
[INFO] 2025-09-15 16:53:06,864 basehttp "POST /api/webhook/whatsapp/ HTTP/1.1" 200 22
[INFO] 2025-09-15 16:53:07,169 webhook_processor Processing order status update: wamid.HBgMOTE5NzMxNDM2ODQ1FQIAERgSRTAxNDgzMUQwODhDM0NBNTczAA== -> delivered
[INFO] 2025-09-15 16:53:07,174 webhook_processor Order wamid.HBgMOTE5NzMxNDM2ODQ1FQIAERgSRTAxNDgzMUQwODhDM0NBNTczAA== marked as delivered
[INFO] 2025-09-15 16:53:07,253 webhook_processor Updated order wamid.HBgMOTE5NzMxNDM2ODQ1FQIAERgSRTAxNDgzMUQwODhDM0NBNTczAA==: sent -> delivered
[INFO] 2025-09-15 16:53:07,446 tasks Webhook 149 processed using orders.webhook_processor.process_order_webhook_status
[INFO] 2025-09-15 16:53:34,385 webhook_handler Received webhook: {
  "object": "whatsapp_business_account",
  "entry": [
    {
      "id": "114374441730441",
      "changes": [
        {
          "value": {
            "messaging_product": "whatsapp",
            "metadata": {
              "display_phone_number": "917996002222",
              "phone_number_id": "114392571729051"
            },
            "statuses": [
              {
                "id": "wamid.HBgMOTE5NzMxNDM2ODQ1FQIAERgSRTAxNDgzMUQwODhDM0NBNTczAA==",
                "status": "read",
                "timestamp": "1757955213",
                "recipient_id": "919731436845"
              }
            ]
          },
          "field": "messages"
        }
      ]
    }
  ]
}
[INFO] 2025-09-15 16:53:34,409 basehttp "POST /api/webhook/whatsapp/ HTTP/1.1" 200 22
[INFO] 2025-09-15 16:53:34,861 webhook_processor Processing order status update: wamid.HBgMOTE5NzMxNDM2ODQ1FQIAERgSRTAxNDgzMUQwODhDM0NBNTczAA== -> read
[INFO] 2025-09-15 16:53:34,869 webhook_processor Order wamid.HBgMOTE5NzMxNDM2ODQ1FQIAERgSRTAxNDgzMUQwODhDM0NBNTczAA== marked as read
[INFO] 2025-09-15 16:53:35,019 webhook_processor Updated order wamid.HBgMOTE5NzMxNDM2ODQ1FQIAERgSRTAxNDgzMUQwODhDM0NBNTczAA==: delivered -> read
[INFO] 2025-09-15 16:53:35,262 tasks Webhook 150 processed using orders.webhook_processor.process_order_webhook_status
[INFO] 2025-09-15 16:54:55,954 webhook_handler Received webhook: {
  "object": "whatsapp_business_account",
  "entry": [
    {
      "id": "114374441730441",
      "changes": [
        {
          "value": {
            "messaging_product": "whatsapp",
            "metadata": {
              "display_phone_number": "917996002222",
              "phone_number_id": "114392571729051"
            },
            "statuses": [
              {
                "id": "wamid.HBgMOTE5NzMxNDM2ODQ1FQIAEhgKMjA0NTQyOTI1OAA=",
                "status": "captured",
                "timestamp": "1757955292",
                "recipient_id": "919731436845",
                "type": "payment",
                "payment": {
                  "reference_id": "2025091500021",
                  "amount": {
                    "value": 300,
                    "offset": 100
                  },
                  "currency": "INR",
                  "transaction": {
                    "id": "order_RHwzI6qKKjanyh",
                    "pg_transaction_id": "pay_RHwzJ72jGrprND",
                    "type": "razorpay",
                    "status": "success",
                    "created_timestamp": 1757955291,
                    "updated_timestamp": 1757955291,
                    "amount": {
                      "value": 300,
                      "offset": 100
                    },
                    "currency": "INR",
                    "method": {
                      "type": "upi"
                    }
                  }
                }
              }
            ]
          },
          "field": "messages"
        }
      ]
    }
  ]
}
[INFO] 2025-09-15 16:54:55,964 basehttp "POST /api/webhook/whatsapp/ HTTP/1.1" 200 22
[INFO] 2025-09-15 16:54:56,279 webhook_processor Processing payment webhook...
[INFO] 2025-09-15 16:54:56,280 webhook_processor Processing payment webhook: reference_id=2025091500021, status=captured
[INFO] 2025-09-15 16:54:56,283 webhook_processor Payment captured for order 2025091500021: ₹3.0
[INFO] 2025-09-15 16:54:56,397 webhook_processor Updated payment for order 2025091500021: pending -> completed
[INFO] 2025-09-15 16:54:56,397 webhook_processor Payment details: method=upi, amount=₹3.0, razorpay_payment_id=pay_RHwzJ72jGrprND
[INFO] 2025-09-15 16:54:57,042 tasks Webhook 151 processed using orders.webhook_processor.process_payment_webhook
[INFO] 2025-09-15 16:57:18,502 basehttp "GET /api/orders/validated-files/ HTTP/1.1" 200 803
[INFO] 2025-09-15 16:57:19,271 basehttp "GET /api/orders/orders/ HTTP/1.1" 200 2266
[INFO] 2025-09-15 16:58:26,640 basehttp "GET /api/orders/validated-files/ HTTP/1.1" 200 803
[INFO] 2025-09-15 16:58:27,298 basehttp "GET /api/orders/orders/ HTTP/1.1" 200 2266
[INFO] 2025-09-15 16:58:28,024 basehttp "GET /api/orders/validated-files/ HTTP/1.1" 200 803
[INFO] 2025-09-15 16:58:28,676 basehttp "GET /api/orders/orders/ HTTP/1.1" 200 2266
[INFO] 2025-09-15 16:59:10,522 basehttp "GET /api/orders/analytics/ HTTP/1.1" 200 3105
[INFO] 2025-09-15 16:59:21,848 webhook_handler Received webhook: {
  "object": "whatsapp_business_account",
  "entry": [
    {
      "id": "114374441730441",
      "changes": [
        {
          "value": {
            "messaging_product": "whatsapp",
            "metadata": {
              "display_phone_number": "917996002222",
              "phone_number_id": "114392571729051"
            },
            "statuses": [
              {
                "id": "wamid.HBgMOTE5NDczMTgxOTU4FQIAEhgKMTE5MzA2MjM3NgA=",
                "status": "captured",
                "timestamp": "1757955558",
                "recipient_id": "919473181958",
                "type": "payment",
                "payment": {
                  "reference_id": "2025091500018",
                  "amount": {
                    "value": 300,
                    "offset": 100
                  },
                  "currency": "INR",
                  "transaction": {
                    "id": "order_RHx4KPpfndR6Uc",
                    "pg_transaction_id": "pay_RHx4LQFKnr6aqU",
                    "type": "razorpay",
                    "status": "success",
                    "created_timestamp": 1757955557,
                    "updated_timestamp": 1757955557,
                    "amount": {
                      "value": 300,
                      "offset": 100
                    },
                    "currency": "INR",
                    "method": {
                      "type": "upi"
                    }
                  }
                }
              }
            ]
          },
          "field": "messages"
        }
      ]
    }
  ]
}
[INFO] 2025-09-15 16:59:21,855 basehttp "POST /api/webhook/whatsapp/ HTTP/1.1" 200 22
[INFO] 2025-09-15 16:59:22,199 webhook_processor Processing payment webhook...
[INFO] 2025-09-15 16:59:22,199 webhook_processor Processing payment webhook: reference_id=2025091500018, status=captured
[INFO] 2025-09-15 16:59:22,202 webhook_processor Payment captured for order 2025091500018: ₹3.0
[INFO] 2025-09-15 16:59:22,350 webhook_processor Updated payment for order 2025091500018: pending -> completed
[INFO] 2025-09-15 16:59:22,351 webhook_processor Payment details: method=upi, amount=₹3.0, razorpay_payment_id=pay_RHx4LQFKnr6aqU
[INFO] 2025-09-15 16:59:22,618 tasks Webhook 152 processed using orders.webhook_processor.process_payment_webhook
[INFO] 2025-09-15 16:59:55,145 basehttp "GET /api/orders/validated-files/ HTTP/1.1" 200 803
[INFO] 2025-09-15 16:59:55,807 basehttp "GET /api/orders/orders/ HTTP/1.1" 200 2268
[INFO] 2025-09-15 17:00:08,905 basehttp "GET /api/orders/validated-files/ HTTP/1.1" 200 803
[INFO] 2025-09-15 17:00:09,556 basehttp "GET /api/orders/orders/ HTTP/1.1" 200 2268
[INFO] 2025-09-15 17:00:10,265 basehttp "GET /api/orders/validated-files/ HTTP/1.1" 200 803
[INFO] 2025-09-15 17:00:10,946 basehttp "GET /api/orders/orders/ HTTP/1.1" 200 2268
[INFO] 2025-09-15 17:00:22,796 basehttp "GET /api/orders/analytics/ HTTP/1.1" 200 3107
[INFO] 2025-09-15 17:01:16,622 basehttp "GET /api/orders/validated-files/ HTTP/1.1" 200 803
[INFO] 2025-09-15 17:01:17,294 basehttp "GET /api/orders/orders/ HTTP/1.1" 200 2268
[INFO] 2025-09-15 17:01:26,749 basehttp "GET /api/orders/validated-files/ HTTP/1.1" 200 803
[INFO] 2025-09-15 17:01:27,409 basehttp "GET /api/orders/orders/?validated_file=bf6e91e2-33d9-461e-a3be-4d75287b9356 HTTP/1.1" 200 453
[INFO] 2025-09-15 17:01:35,823 basehttp "GET /api/orders/validated-files/ HTTP/1.1" 200 803
[INFO] 2025-09-15 17:01:36,507 basehttp "GET /api/orders/orders/?validated_file=f688045a-e516-4a63-8b7c-3b60ee76068d HTTP/1.1" 200 1298
[INFO] 2025-09-15 17:01:53,421 basehttp "GET /api/orders/validated-files/ HTTP/1.1" 200 803
[INFO] 2025-09-15 17:01:54,189 basehttp "GET /api/orders/orders/ HTTP/1.1" 200 2268
[INFO] 2025-09-15 17:01:58,538 basehttp "GET /api/orders/validated-files/ HTTP/1.1" 200 803
[INFO] 2025-09-15 17:01:59,254 basehttp "GET /api/orders/orders/?validated_file=bf6e91e2-33d9-461e-a3be-4d75287b9356 HTTP/1.1" 200 453
[INFO] 2025-09-15 17:02:19,581 basehttp "GET /api/orders/validated-files/ HTTP/1.1" 200 803
[INFO] 2025-09-15 17:02:20,241 basehttp "GET /api/orders/orders/?validated_file=f688045a-e516-4a63-8b7c-3b60ee76068d HTTP/1.1" 200 1298
[INFO] 2025-09-15 17:03:50,555 basehttp "GET /api/orders/validated-files/ HTTP/1.1" 200 803
[INFO] 2025-09-15 17:03:51,249 basehttp "GET /api/orders/validated-files/ HTTP/1.1" 200 803
[INFO] 2025-09-15 17:03:51,933 basehttp "GET /api/orders/orders/?validated_file=f688045a-e516-4a63-8b7c-3b60ee76068d HTTP/1.1" 200 1298
[INFO] 2025-09-15 17:03:56,286 basehttp "GET /api/orders/validated-files/ HTTP/1.1" 200 803
[INFO] 2025-09-15 17:03:56,964 basehttp "GET /api/orders/validated-files/ HTTP/1.1" 200 803
[INFO] 2025-09-15 17:03:57,658 basehttp "GET /api/orders/orders/?validated_file=f688045a-e516-4a63-8b7c-3b60ee76068d HTTP/1.1" 200 1298
[INFO] 2025-09-15 17:04:54,929 basehttp "GET /admin/orders/order/ HTTP/1.1" 200 27571
[INFO] 2025-09-15 17:04:55,013 basehttp "GET /admin/jsi18n/ HTTP/1.1" 200 3343
[INFO] 2025-09-15 17:05:04,455 basehttp "GET /admin/orders/order/10b81406-246b-4e5a-893d-84e14124df5e/change/ HTTP/1.1" 200 35621
[INFO] 2025-09-15 17:05:04,537 basehttp "GET /admin/jsi18n/ HTTP/1.1" 200 3343
[INFO] 2025-09-15 17:05:04,549 basehttp "GET /static/admin/css/forms.css HTTP/1.1" 200 9047
[INFO] 2025-09-15 17:05:04,568 basehttp "GET /static/admin/js/collapse.js HTTP/1.1" 200 1803
[INFO] 2025-09-15 17:05:04,569 basehttp "GET /static/admin/js/prepopulate_init.js HTTP/1.1" 200 586
[INFO] 2025-09-15 17:05:04,571 basehttp "GET /static/admin/js/change_form.js HTTP/1.1" 200 606
[INFO] 2025-09-15 17:05:04,582 basehttp "GET /static/admin/css/widgets.css HTTP/1.1" 200 11900
[INFO] 2025-09-15 17:05:04,626 basehttp "GET /static/admin/img/icon-viewlink.svg HTTP/1.1" 200 581
[INFO] 2025-09-15 17:05:04,642 basehttp "GET /static/admin/img/icon-changelink.svg HTTP/1.1" 200 380
[INFO] 2025-09-15 18:14:02,479 test_payment_success_flow 🔧 Testing API endpoint...
[INFO] 2025-09-15 18:14:02,756 test_payment_success_flow 🔧 Creating test order...
[INFO] 2025-09-15 18:14:03,195 test_payment_success_flow ✅ Test order created: 2025091500022 for phone 917702828811
[INFO] 2025-09-15 18:14:03,195 test_payment_success_flow 📥 Webhook payload created with reference_id: 2025091500022
[INFO] 2025-09-15 18:14:03,195 test_payment_success_flow 🔄 Processing webhook through unified router...
[INFO] 2025-09-15 18:14:03,196 unified_webhook_router Routing webhook as type: payment_status
[INFO] 2025-09-15 18:14:03,196 unified_webhook_router 🏦 Processing payment webhook: reference_id=2025091500022, status=captured
[INFO] 2025-09-15 18:14:03,329 webhook_processor Processing payment webhook...
[INFO] 2025-09-15 18:14:03,329 webhook_processor Processing payment webhook: reference_id=2025091500022, status=captured
[INFO] 2025-09-15 18:14:03,332 webhook_processor Payment captured for order 2025091500022: ₹2.0
[INFO] 2025-09-15 18:14:03,438 whatsapp_service WhatsApp client initialized successfully
[INFO] 2025-09-15 18:14:03,439 webhook_processor 🚀 Triggering payment success message for order 2025091500022
[INFO] 2025-09-15 18:14:03,439 whatsapp_service Sending payment success message for order 2025091500022 to 917702828811
[INFO] 2025-09-15 18:14:03,439 whatsapp_service Payment success template variables: Order=2025091500022, Amount=₹2.00, Method=UPI, TxnID=pay_RHn0QRA9d1Gh4a
[INFO] 2025-09-15 18:14:03,439 whatsapp_360_client Sending WhatsApp message to 917702828811
[ERROR] 2025-09-15 18:14:04,514 whatsapp_360_client Failed to send message: 404 - {"error":{"message":"(#132001) Template name does not exist in the translation","type":"OAuthException","code":132001,"error_data":{"messaging_product":"whatsapp","details":"template name (payment_success_confirmation) does not exist in en"},"fbtrace_id":"AGFmCm40kwjsBfxFpd4FXk-"}}
[WARNING] 2025-09-15 18:14:04,515 whatsapp_service ❌ Payment success message for order 2025091500022 failed: {'success': False, 'error': '{"error":{"message":"(#132001) Template name does not exist in the translation","type":"OAuthException","code":132001,"error_data":{"messaging_product":"whatsapp","details":"template name (payment_success_confirmation) does not exist in en"},"fbtrace_id":"AGFmCm40kwjsBfxFpd4FXk-"}}', 'status_code': 404}
[WARNING] 2025-09-15 18:14:04,655 webhook_processor ❌ Failed to send payment success message for order 2025091500022: {'success': False, 'error': '{"error":{"message":"(#132001) Template name does not exist in the translation","type":"OAuthException","code":132001,"error_data":{"messaging_product":"whatsapp","details":"template name (payment_success_confirmation) does not exist in en"},"fbtrace_id":"AGFmCm40kwjsBfxFpd4FXk-"}}', 'status_code': 404}
[INFO] 2025-09-15 18:14:04,656 webhook_processor Updated payment for order 2025091500022: initiated -> completed
[INFO] 2025-09-15 18:14:04,656 webhook_processor Payment details: method=upi, amount=₹2.0, razorpay_payment_id=pay_RHn0QRA9d1Gh4a
[WARNING] 2025-09-15 18:14:04,667 unified_webhook_router 💬 Payment success message NOT sent for order 2025091500022
[INFO] 2025-09-15 18:14:04,773 test_payment_success_flow 📊 Webhook routing result: {'success': True, 'processor_used': 'orders.webhook_processor.process_payment_webhook', 'webhook_type': 'payment_status', 'result': True, 'webhook_event_id': UUID('7b816a63-145f-4bdb-842b-12f61377187f'), 'payment_reference_id': '2025091500022', 'payment_status': 'captured'}
[ERROR] 2025-09-15 18:14:04,907 test_payment_success_flow ❌ Test failed with error: EOF when reading a line
[INFO] 2025-09-18 08:45:37,276 autoreload Watching for file changes with StatReloader
[INFO] 2025-09-18 08:58:18,181 autoreload Watching for file changes with StatReloader
[WARNING] 2025-09-18 09:02:24,688 log Bad Request: /api/auth/signup/
[WARNING] 2025-09-18 09:02:24,689 basehttp "POST /api/auth/signup/ HTTP/1.1" 400 79
[WARNING] 2025-09-18 09:02:54,322 log Bad Request: /api/auth/login/
[WARNING] 2025-09-18 09:02:54,322 basehttp "POST /api/auth/login/ HTTP/1.1" 400 71
[INFO] 2025-09-18 09:03:15,040 views User logged in: Sohan
[INFO] 2025-09-18 09:03:15,405 basehttp "POST /api/auth/login/ HTTP/1.1" 200 316
[INFO] 2025-09-18 09:03:16,242 basehttp "GET /api/orders/stats/ HTTP/1.1" 200 162
[INFO] 2025-09-18 09:04:39,468 views User logged in: Sohan
[INFO] 2025-09-18 09:04:39,778 basehttp "POST /api/auth/login/ HTTP/1.1" 200 316
[INFO] 2025-09-18 09:04:40,506 basehttp "GET /api/stats/ HTTP/1.1" 200 207
[INFO] 2025-09-18 09:04:49,724 views User logged out: 
[INFO] 2025-09-18 09:04:49,726 basehttp "POST /api/auth/logout/ HTTP/1.1" 200 46
[WARNING] 2025-09-18 09:05:42,598 log Bad Request: /api/auth/signup/
[WARNING] 2025-09-18 09:05:42,600 basehttp "POST /api/auth/signup/ HTTP/1.1" 400 79
[INFO] 2025-09-18 09:06:23,279 views New user registered: farmveda_admin
[INFO] 2025-09-18 09:06:23,290 basehttp "POST /api/auth/signup/ HTTP/1.1" 201 320
[INFO] 2025-09-18 09:06:44,355 views User logged in: farmveda_admin
[INFO] 2025-09-18 09:06:44,476 basehttp "POST /api/auth/login/ HTTP/1.1" 200 328
[INFO] 2025-09-18 09:06:45,181 basehttp "GET /api/stats/ HTTP/1.1" 200 193
[INFO] 2025-09-18 09:07:40,467 views User logged out: 
[INFO] 2025-09-18 09:07:40,470 basehttp "POST /api/auth/logout/ HTTP/1.1" 200 46
[INFO] 2025-09-18 09:07:45,460 views User logged in: Sohan
[INFO] 2025-09-18 09:07:45,597 basehttp "POST /api/auth/login/ HTTP/1.1" 200 316
[INFO] 2025-09-18 09:07:46,316 basehttp "GET /api/stats/ HTTP/1.1" 200 207
[INFO] 2025-09-18 09:07:50,479 basehttp "GET /api/stats/ HTTP/1.1" 200 207
[INFO] 2025-09-18 09:07:51,165 basehttp "GET /api/campaigns/?page=1 HTTP/1.1" 200 517
[WARNING] 2025-09-18 09:16:18,625 log Unauthorized: /api/orders/chatfiles/
[WARNING] 2025-09-18 09:16:18,625 basehttp "POST /api/orders/chatfiles/ HTTP/1.1" 401 27
[WARNING] 2025-09-18 09:16:31,906 log Unauthorized: /api/orders/chatfiles/
[WARNING] 2025-09-18 09:16:31,907 basehttp "POST /api/orders/chatfiles/ HTTP/1.1" 401 27
[WARNING] 2025-09-18 09:16:41,090 log Unauthorized: /api/orders/chatfiles/
[WARNING] 2025-09-18 09:16:41,092 basehttp "POST /api/orders/chatfiles/ HTTP/1.1" 401 27
[INFO] 2025-09-18 09:17:18,354 views User logged in: Sohan
[INFO] 2025-09-18 09:17:18,489 basehttp "POST /api/auth/login/ HTTP/1.1" 200 316
[INFO] 2025-09-18 09:17:19,339 basehttp "GET /api/orders/stats/ HTTP/1.1" 200 162
[INFO] 2025-09-18 09:17:28,902 views Chat file uploaded: chatfordemo.txt by user Sohan
[INFO] 2025-09-18 09:17:28,903 basehttp "POST /api/orders/chatfiles/ HTTP/1.1" 201 357
[INFO] 2025-09-18 09:17:29,575 basehttp "POST /api/orders/chatfiles/6b11208f-4c3e-40b1-b953-1129fbc56801/process/ HTTP/1.1" 200 101
[INFO] 2025-09-18 09:17:32,448 tasks Starting complete processing of chat file: chatfordemo.txt
[INFO] 2025-09-18 09:17:32,449 tasks Step 1: Basic chat parsing...
[INFO] 2025-09-18 09:17:32,450 tasks Parsed 1 messages
[INFO] 2025-09-18 09:17:32,450 tasks Step 2: AI classification (this may take time due to rate limits)...
[INFO] 2025-09-18 09:17:34,189 tasks AI classification completed. Found 1 orders
[INFO] 2025-09-18 09:17:34,762 tasks Complete processing successful: chatfordemo_processed.xlsx
[INFO] 2025-09-18 09:17:34,763 tasks Final stats: 1 messages, 1 orders
[INFO] 2025-09-18 09:17:45,331 basehttp "GET /api/orders/chatfiles/6b11208f-4c3e-40b1-b953-1129fbc56801/ HTTP/1.1" 200 318
[INFO] 2025-09-18 09:17:46,015 basehttp "GET /api/orders/processed-files/ HTTP/1.1" 200 1092
[INFO] 2025-09-18 09:18:44,260 basehttp "GET /api/auth/verify-token/ HTTP/1.1" 200 249
[INFO] 2025-09-18 09:18:45,034 basehttp "GET /api/orders/stats/ HTTP/1.1" 200 162
[INFO] 2025-09-18 09:21:08,393 views User logged in: Sohan
[INFO] 2025-09-18 09:21:08,505 basehttp "POST /api/auth/login/ HTTP/1.1" 200 316
[INFO] 2025-09-18 09:21:09,263 basehttp "GET /api/orders/stats/ HTTP/1.1" 200 162
[INFO] 2025-09-18 09:21:19,560 views Chat file uploaded: chatfordemo.txt by user Sohan
[INFO] 2025-09-18 09:21:19,563 basehttp "POST /api/orders/chatfiles/ HTTP/1.1" 201 365
[INFO] 2025-09-18 09:21:20,215 basehttp "POST /api/orders/chatfiles/7b8a9132-1638-4fee-a193-c6382a57cde5/process/ HTTP/1.1" 200 101
[INFO] 2025-09-18 09:21:20,316 tasks Starting complete processing of chat file: chatfordemo.txt
[INFO] 2025-09-18 09:21:20,320 tasks Step 1: Basic chat parsing...
[INFO] 2025-09-18 09:21:20,321 tasks Parsed 1 messages
[INFO] 2025-09-18 09:21:20,321 tasks Step 2: AI classification (this may take time due to rate limits)...
[INFO] 2025-09-18 09:21:22,010 tasks AI classification completed. Found 1 orders
[INFO] 2025-09-18 09:21:22,412 tasks Complete processing successful: chatfordemo_processed.xlsx
[INFO] 2025-09-18 09:21:22,412 tasks Final stats: 1 messages, 1 orders
[INFO] 2025-09-18 09:21:35,892 basehttp "GET /api/orders/chatfiles/7b8a9132-1638-4fee-a193-c6382a57cde5/ HTTP/1.1" 200 326
[INFO] 2025-09-18 09:21:36,568 basehttp "GET /api/orders/processed-files/ HTTP/1.1" 200 1337
[INFO] 2025-09-18 09:22:01,343 basehttp "GET /api/auth/verify-token/ HTTP/1.1" 200 249
[INFO] 2025-09-18 09:22:02,016 basehttp "GET /api/orders/stats/ HTTP/1.1" 200 162
[INFO] 2025-09-18 09:22:16,110 views Chat file uploaded: chatfordemo.txt by user Sohan
[INFO] 2025-09-18 09:22:16,112 basehttp "POST /api/orders/chatfiles/ HTTP/1.1" 201 365
[INFO] 2025-09-18 09:22:16,778 basehttp "POST /api/orders/chatfiles/e220a30f-be6f-465f-9801-cd9b0c148564/process/ HTTP/1.1" 200 101
[INFO] 2025-09-18 09:22:16,892 tasks Starting complete processing of chat file: chatfordemo.txt
[INFO] 2025-09-18 09:22:16,897 tasks Step 1: Basic chat parsing...
[INFO] 2025-09-18 09:22:16,898 tasks Parsed 1 messages
[INFO] 2025-09-18 09:22:16,898 tasks Step 2: AI classification (this may take time due to rate limits)...
[INFO] 2025-09-18 09:22:18,608 tasks AI classification completed. Found 1 orders
[INFO] 2025-09-18 09:22:18,854 tasks Complete processing successful: chatfordemo_processed.xlsx
[INFO] 2025-09-18 09:22:18,855 tasks Final stats: 1 messages, 1 orders
[INFO] 2025-09-18 09:22:32,461 basehttp "GET /api/orders/chatfiles/e220a30f-be6f-465f-9801-cd9b0c148564/ HTTP/1.1" 200 326
[INFO] 2025-09-18 09:22:33,092 basehttp "GET /api/orders/processed-files/ HTTP/1.1" 200 1582
[INFO] 2025-09-18 09:24:38,125 basehttp "GET /api/auth/verify-token/ HTTP/1.1" 200 249
[INFO] 2025-09-18 09:24:38,776 basehttp "GET /api/orders/stats/ HTTP/1.1" 200 162
[INFO] 2025-09-18 09:24:50,602 views Chat file uploaded: chatfordemo.txt by user Sohan
[INFO] 2025-09-18 09:24:50,605 basehttp "POST /api/orders/chatfiles/ HTTP/1.1" 201 365
[INFO] 2025-09-18 09:24:51,329 basehttp "POST /api/orders/chatfiles/896be3c8-bdeb-49c0-9e24-f20a439bc622/process/ HTTP/1.1" 200 101
[INFO] 2025-09-18 09:24:51,433 tasks Starting complete processing of chat file: chatfordemo.txt
[INFO] 2025-09-18 09:24:51,437 tasks Step 1: Basic chat parsing...
[INFO] 2025-09-18 09:24:51,438 tasks Parsed 1 messages
[INFO] 2025-09-18 09:24:51,439 tasks Step 2: AI classification (this may take time due to rate limits)...
[INFO] 2025-09-18 09:24:53,253 tasks AI classification completed. Found 1 orders
[INFO] 2025-09-18 09:24:53,487 tasks Complete processing successful: chatfordemo_processed.xlsx
[INFO] 2025-09-18 09:24:53,488 tasks Final stats: 1 messages, 1 orders
[INFO] 2025-09-18 09:25:06,989 basehttp "GET /api/orders/chatfiles/896be3c8-bdeb-49c0-9e24-f20a439bc622/ HTTP/1.1" 200 326
[INFO] 2025-09-18 09:27:11,041 views User logged in: Sohan
[INFO] 2025-09-18 09:27:11,154 basehttp "POST /api/auth/login/ HTTP/1.1" 200 316
[INFO] 2025-09-18 09:27:12,032 basehttp "GET /api/orders/stats/ HTTP/1.1" 200 162
[INFO] 2025-09-18 09:28:21,612 views Chat file uploaded: demo-chat.txt by user Sohan
[INFO] 2025-09-18 09:28:21,616 basehttp "POST /api/orders/chatfiles/ HTTP/1.1" 201 361
[INFO] 2025-09-18 09:28:22,328 basehttp "POST /api/orders/chatfiles/6713188a-0320-4c7c-8069-06e0552f0cfd/process/ HTTP/1.1" 200 101
[INFO] 2025-09-18 09:28:22,419 tasks Starting complete processing of chat file: demo-chat.txt
[INFO] 2025-09-18 09:28:22,424 tasks Step 1: Basic chat parsing...
[INFO] 2025-09-18 09:28:22,425 tasks Parsed 1 messages
[INFO] 2025-09-18 09:28:22,426 tasks Step 2: AI classification (this may take time due to rate limits)...
[INFO] 2025-09-18 09:28:24,150 tasks AI classification completed. Found 1 orders
[INFO] 2025-09-18 09:28:24,507 tasks Complete processing successful: demo-chat_processed.xlsx
[INFO] 2025-09-18 09:28:24,508 tasks Final stats: 1 messages, 1 orders
[INFO] 2025-09-18 09:28:38,003 basehttp "GET /api/orders/chatfiles/6713188a-0320-4c7c-8069-06e0552f0cfd/ HTTP/1.1" 200 322
[INFO] 2025-09-18 09:28:38,797 basehttp "GET /api/orders/processed-files/ HTTP/1.1" 200 2068
[INFO] 2025-09-18 09:28:43,878 basehttp "GET /api/orders/processed-files/ HTTP/1.1" 200 2068
[INFO] 2025-09-18 09:28:55,054 basehttp "GET /api/orders/processed-files/ HTTP/1.1" 200 2068
[INFO] 2025-09-18 09:28:55,777 views Downloaded processed file: demo-chat_processed.xlsx by user Sohan
[INFO] 2025-09-18 09:28:55,780 basehttp "GET /api/orders/processed-files/4839d7c7-1362-4acf-bcbc-18904f815990/download/ HTTP/1.1" 200 5052
[INFO] 2025-09-18 09:28:58,620 basehttp "GET /api/orders/processed-files/ HTTP/1.1" 200 2093
[INFO] 2025-09-18 09:30:33,222 basehttp "GET /api/orders/processed-files/ HTTP/1.1" 200 2093
[INFO] 2025-09-18 09:30:39,467 basehttp "GET /api/orders/processed-files/ HTTP/1.1" 200 2093
[INFO] 2025-09-18 09:30:47,577 basehttp "GET /api/orders/processed-files/ HTTP/1.1" 200 2093
[INFO] 2025-09-18 09:30:50,873 basehttp "GET /api/orders/processed-files/ HTTP/1.1" 200 2093
[INFO] 2025-09-18 09:30:51,645 views Validated file uploaded: demo-chat-validated.xlsx by user Sohan
[INFO] 2025-09-18 09:30:51,648 basehttp "POST /api/orders/validated-files/ HTTP/1.1" 201 788
[INFO] 2025-09-18 09:30:54,347 basehttp "GET /api/orders/processed-files/ HTTP/1.1" 200 2093
[INFO] 2025-09-18 09:30:56,613 basehttp "GET /api/orders/validated-files/ HTTP/1.1" 200 992
[WARNING] 2025-09-18 09:30:57,352 log Not Found: /apiorders/
[WARNING] 2025-09-18 09:30:57,353 basehttp "GET /apiorders/?validated_file=72525db1-f1fc-4786-9e51-78fa4c28dec9 HTTP/1.1" 404 2893
[INFO] 2025-09-18 09:31:01,507 basehttp "GET /api/orders/validated-files/ HTTP/1.1" 200 992
[WARNING] 2025-09-18 09:31:02,166 log Not Found: /apiorders/
[WARNING] 2025-09-18 09:31:02,167 basehttp "GET /apiorders/?validated_file=72525db1-f1fc-4786-9e51-78fa4c28dec9 HTTP/1.1" 404 2893
[INFO] 2025-09-18 09:31:02,818 utils Starting sync extraction from demo-chat-validated.xlsx
[INFO] 2025-09-18 09:31:02,993 utils Read 1 rows from demo-chat-validated.xlsx
[INFO] 2025-09-18 09:31:03,034 utils 🔍 Extracting Row 1:
[INFO] 2025-09-18 09:31:03,035 utils    Raw Phone/Name: '917702828811' (type: <class 'int'>)
[INFO] 2025-09-18 09:31:03,037 utils    Raw Items: 'Apples: 1, Pears: 1' (type: <class 'str'>)
[INFO] 2025-09-18 09:31:03,038 utils    Raw Total_Amount: '2+2=4' (type: <class 'str'>)
[INFO] 2025-09-18 09:31:03,040 utils    Processed phone_number: '917702828811'
[INFO] 2025-09-18 09:31:03,041 utils    Processed order_items_str: 'Apples: 1, Pears: 1'
[INFO] 2025-09-18 09:31:03,042 utils    Processed amount_str: '2+2=4'
[INFO] 2025-09-18 09:31:03,197 utils Successfully created 1 orders from demo-chat-validated.xlsx
[INFO] 2025-09-18 09:31:03,428 views Successfully extracted 1 orders from demo-chat-validated.xlsx
[INFO] 2025-09-18 09:31:03,434 basehttp "POST /api/orders/validated-files/72525db1-f1fc-4786-9e51-78fa4c28dec9/extract_orders/ HTTP/1.1" 200 356
[INFO] 2025-09-18 09:31:04,071 views Starting to send 1 order messages for demo-chat-validated.xlsx
[INFO] 2025-09-18 09:31:04,072 whatsapp_service WhatsApp client initialized successfully
[INFO] 2025-09-18 09:31:04,078 whatsapp_service Starting bulk send for 1 orders with 2.0s delay
[INFO] 2025-09-18 09:31:04,078 whatsapp_service Processing order 1/1: 2025091800001
[INFO] 2025-09-18 09:31:04,079 whatsapp_service Sending order message for 2025091800001 to 917702828811
[INFO] 2025-09-18 09:31:04,079 whatsapp_service 🔍 Building payload for Order 2025091800001
[INFO] 2025-09-18 09:31:04,079 whatsapp_service    Raw order.order_items: 'Apples: 1, Pears: 1' (type: <class 'str'>)
[INFO] 2025-09-18 09:31:04,079 whatsapp_service    Raw order.amount: '2+2=4' (type: <class 'str'>)
[INFO] 2025-09-18 09:31:04,079 whatsapp_service    Processed order_items_str: 'Apples: 1, Pears: 1'
[INFO] 2025-09-18 09:31:04,079 whatsapp_service    Processed total_amount_str: '2+2=4'
[INFO] 2025-09-18 09:31:04,079 whatsapp_service    Parsed items count: 2
[INFO] 2025-09-18 09:31:04,079 whatsapp_service    Total amount in paisa: 400
[INFO] 2025-09-18 09:31:04,079 whatsapp_service    Item 1: Apples x1 = ₹2.0
[INFO] 2025-09-18 09:31:04,080 whatsapp_service    Item 2: Pears x1 = ₹2.0
[INFO] 2025-09-18 09:31:04,080 whatsapp_service ✅ Built payload for order 2025091800001 to 917702828811 - Items: Apples: 1, Pears: 1
[INFO] 2025-09-18 09:31:04,080 whatsapp_service 📤 COMPLETE PAYLOAD for Order 2025091800001:
[INFO] 2025-09-18 09:31:04,080 whatsapp_service    Recipient: 917702828811
[INFO] 2025-09-18 09:31:04,080 whatsapp_service    Template: sample_order_details
[INFO] 2025-09-18 09:31:04,080 whatsapp_service    Currency: INR
[INFO] 2025-09-18 09:31:04,080 whatsapp_service    Reference ID: 2025091800001
[INFO] 2025-09-18 09:31:04,080 whatsapp_service    Total Amount: ₹4.0
[INFO] 2025-09-18 09:31:04,081 whatsapp_service    Items in payload: 2
[INFO] 2025-09-18 09:31:04,081 whatsapp_service 📋 JSON PAYLOAD:
{
  "messaging_product": "whatsapp",
  "recipient_type": "individual",
  "to": "917702828811",
  "type": "template",
  "template": {
    "name": "sample_order_details",
    "language": {
      "policy": "deterministic",
      "code": "en"
    },
    "components": [
      {
        "type": "button",
        "sub_type": "order_details",
        "index": 0,
        "parameters": [
          {
            "type": "action",
            "action": {
              "order_details": {
                "currency": "INR",
                "order": {
                  "items": [
                    {
                      "amount": {
                        "offset": 100,
                        "value": 200
                      },
                      "name": "Apples",
                      "quantity": 1,
                      "country_of_origin": "India",
                      "importer_name": "Farmveda"
                    },
                    {
                      "amount": {
                        "offset": 100,
                        "value": 200
                      },
                      "name": "Pears",
                      "quantity": 1,
                      "country_of_origin": "India",
                      "importer_name": "Farmveda"
                    }
                  ],
                  "status": "pending",
                  "subtotal": {
                    "offset": 100,
                    "value": 400
                  }
                },
                "payment_settings": [
                  {
                    "type": "payment_gateway",
                    "payment_gateway": {
                      "type": "razorpay",
                      "configuration_name": "WhatsappGroups-Payments"
                    }
                  }
                ],
                "reference_id": "2025091800001",
                "total_amount": {
                  "offset": 100,
                  "value": 400
                },
                "type": "physical-goods"
              }
            }
          }
        ]
      }
    ]
  }
}
[INFO] 2025-09-18 09:31:04,190 whatsapp_360_client Sending WhatsApp message to 917702828811
[INFO] 2025-09-18 09:31:05,863 whatsapp_360_client Message sent successfully: {'messaging_product': 'whatsapp', 'contacts': [{'input': '917702828811', 'wa_id': '917702828811'}], 'messages': [{'id': 'wamid.HBgMOTE3NzAyODI4ODExFQIAERgSQjk5NEE0ODNGOTE5NUI2MzJBAA==', 'message_status': 'accepted'}]}
[INFO] 2025-09-18 09:31:05,864 whatsapp_service ✅ Order 2025091800001 sent successfully
[INFO] 2025-09-18 09:31:05,946 whatsapp_service 📊 Bulk send complete: 1 sent, 0 failed in 1s
[INFO] 2025-09-18 09:31:05,954 basehttp "POST /api/orders/send-messages/ HTTP/1.1" 200 620
[INFO] 2025-09-18 09:35:37,303 basehttp "GET /api/orders/validated-files/ HTTP/1.1" 200 991
[WARNING] 2025-09-18 09:35:37,989 log Not Found: /apiorders/
[WARNING] 2025-09-18 09:35:37,990 basehttp "GET /apiorders/?validated_file=72525db1-f1fc-4786-9e51-78fa4c28dec9 HTTP/1.1" 404 2893
[WARNING] 2025-09-18 09:35:38,695 log Bad Request: /api/orders/validated-files/72525db1-f1fc-4786-9e51-78fa4c28dec9/extract_orders/
[WARNING] 2025-09-18 09:35:38,695 basehttp "POST /api/orders/validated-files/72525db1-f1fc-4786-9e51-78fa4c28dec9/extract_orders/ HTTP/1.1" 400 61
[INFO] 2025-09-18 09:35:44,325 basehttp "GET /api/orders/validated-files/ HTTP/1.1" 200 991
[WARNING] 2025-09-18 09:35:45,157 log Not Found: /apiorders/
[WARNING] 2025-09-18 09:35:45,158 basehttp "GET /apiorders/?validated_file=72525db1-f1fc-4786-9e51-78fa4c28dec9 HTTP/1.1" 404 2893
[INFO] 2025-09-18 09:35:46,007 basehttp "GET /api/orders/validated-files/ HTTP/1.1" 200 991
[WARNING] 2025-09-18 09:35:46,648 log Not Found: /apiorders/
[WARNING] 2025-09-18 09:35:46,649 basehttp "GET /apiorders/?validated_file=72525db1-f1fc-4786-9e51-78fa4c28dec9 HTTP/1.1" 404 2893
[WARNING] 2025-09-18 09:35:47,391 log Bad Request: /api/orders/validated-files/72525db1-f1fc-4786-9e51-78fa4c28dec9/extract_orders/
[WARNING] 2025-09-18 09:35:47,393 basehttp "POST /api/orders/validated-files/72525db1-f1fc-4786-9e51-78fa4c28dec9/extract_orders/ HTTP/1.1" 400 61
[INFO] 2025-09-18 09:36:12,746 views Chat file uploaded: chatfordemo.txt by user Sohan
[INFO] 2025-09-18 09:36:12,747 basehttp "POST /api/orders/chatfiles/ HTTP/1.1" 201 365
[INFO] 2025-09-18 09:36:13,418 basehttp "POST /api/orders/chatfiles/6e5b3022-378b-4757-93ea-d9c86903107e/process/ HTTP/1.1" 200 101
[INFO] 2025-09-18 09:36:13,601 tasks Starting complete processing of chat file: chatfordemo.txt
[INFO] 2025-09-18 09:36:13,603 tasks Step 1: Basic chat parsing...
[INFO] 2025-09-18 09:36:13,603 tasks Parsed 1 messages
[INFO] 2025-09-18 09:36:13,603 tasks Step 2: AI classification (this may take time due to rate limits)...
[INFO] 2025-09-18 09:36:15,411 tasks AI classification completed. Found 1 orders
[INFO] 2025-09-18 09:36:15,633 tasks Complete processing successful: chatfordemo_processed.xlsx
[INFO] 2025-09-18 09:36:15,633 tasks Final stats: 1 messages, 1 orders
[INFO] 2025-09-18 09:36:29,160 basehttp "GET /api/orders/chatfiles/6e5b3022-378b-4757-93ea-d9c86903107e/ HTTP/1.1" 200 326
[INFO] 2025-09-18 09:36:29,925 basehttp "GET /api/orders/processed-files/ HTTP/1.1" 200 2338
[INFO] 2025-09-18 09:37:19,730 basehttp "GET /api/auth/verify-token/ HTTP/1.1" 200 249
[INFO] 2025-09-18 09:37:20,385 basehttp "GET /api/orders/stats/ HTTP/1.1" 200 162
[INFO] 2025-09-18 09:37:56,222 webhook_handler Received webhook: {
  "object": "whatsapp_business_account",
  "entry": [
    {
      "id": "114374441730441",
      "changes": [
        {
          "value": {
            "messaging_product": "whatsapp",
            "metadata": {
              "display_phone_number": "917996002222",
              "phone_number_id": "114392571729051"
            },
            "statuses": [
              {
                "id": "wamid.HBgMOTE3NzAyODI4ODExFQIAERgSQjk5NEE0ODNGOTE5NUI2MzJBAA==",
                "status": "failed",
                "timestamp": "1758187866",
                "recipient_id": "917702828811",
                "errors": [
                  {
                    "code": 131049,
                    "title": "This message was not delivered to maintain healthy ecosystem engagement.",
                    "message": "This message was not delivered to maintain healthy ecosystem engagement.",
                    "error_data": {
                      "details": "In order to maintain a healthy ecosystem engagement, the message failed to be delivered."
                    },
                    "href": "https://developers.facebook.com/docs/whatsapp/cloud-api/support/error-codes/"
                  }
                ]
              }
            ]
          },
          "field": "messages"
        }
      ]
    }
  ]
}
[INFO] 2025-09-18 09:37:56,254 basehttp "POST /api/webhook/whatsapp/ HTTP/1.1" 200 22
[INFO] 2025-09-18 09:37:56,815 webhook_processor Processing order status update: wamid.HBgMOTE3NzAyODI4ODExFQIAERgSQjk5NEE0ODNGOTE5NUI2MzJBAA== -> failed
[ERROR] 2025-09-18 09:37:56,818 webhook_processor Order wamid.HBgMOTE3NzAyODI4ODExFQIAERgSQjk5NEE0ODNGOTE5NUI2MzJBAA== failed: Error 131049: This message was not delivered to maintain healthy ecosystem engagement.
[INFO] 2025-09-18 09:37:56,949 webhook_processor Updated order wamid.HBgMOTE3NzAyODI4ODExFQIAERgSQjk5NEE0ODNGOTE5NUI2MzJBAA==: sent -> failed
[INFO] 2025-09-18 09:37:57,149 tasks Webhook 153 processed using orders.webhook_processor.process_order_webhook_status
[INFO] 2025-09-18 09:37:57,171 basehttp "GET /api/auth/verify-token/ HTTP/1.1" 200 249
[INFO] 2025-09-18 09:37:57,825 basehttp "GET /api/orders/stats/ HTTP/1.1" 200 162
[INFO] 2025-09-18 09:38:09,691 views User logged in: Sohan
[INFO] 2025-09-18 09:38:10,071 basehttp "POST /api/auth/login/ HTTP/1.1" 200 316
[INFO] 2025-09-18 09:38:10,774 basehttp "GET /api/orders/stats/ HTTP/1.1" 200 162
[INFO] 2025-09-18 09:38:19,768 views Chat file uploaded: chatfordemo.txt by user Sohan
[INFO] 2025-09-18 09:38:19,771 basehttp "POST /api/orders/chatfiles/ HTTP/1.1" 201 365
[INFO] 2025-09-18 09:38:20,425 basehttp "POST /api/orders/chatfiles/eb48a98e-004e-493f-b224-81a1cba9466b/process/ HTTP/1.1" 200 101
[INFO] 2025-09-18 09:38:20,528 tasks Starting complete processing of chat file: chatfordemo.txt
[INFO] 2025-09-18 09:38:20,532 tasks Step 1: Basic chat parsing...
[INFO] 2025-09-18 09:38:20,533 tasks Parsed 1 messages
[INFO] 2025-09-18 09:38:20,534 tasks Step 2: AI classification (this may take time due to rate limits)...
[INFO] 2025-09-18 09:38:22,242 tasks AI classification completed. Found 1 orders
[INFO] 2025-09-18 09:38:22,520 tasks Complete processing successful: chatfordemo_processed.xlsx
[INFO] 2025-09-18 09:38:22,521 tasks Final stats: 1 messages, 1 orders
[INFO] 2025-09-18 09:38:36,119 basehttp "GET /api/orders/chatfiles/eb48a98e-004e-493f-b224-81a1cba9466b/ HTTP/1.1" 200 326
[INFO] 2025-09-18 09:38:36,794 basehttp "GET /api/orders/processed-files/ HTTP/1.1" 200 2584
[INFO] 2025-09-18 09:38:41,508 basehttp "GET /api/orders/processed-files/ HTTP/1.1" 200 2584
[INFO] 2025-09-18 09:38:48,446 basehttp "GET /api/orders/processed-files/ HTTP/1.1" 200 2584
[INFO] 2025-09-18 09:38:49,205 views Downloaded processed file: chatfordemo_processed.xlsx by user Sohan
[INFO] 2025-09-18 09:38:49,206 basehttp "GET /api/orders/processed-files/45324054-5540-4b43-a5d1-4a031ad695ae/download/ HTTP/1.1" 200 5050
[INFO] 2025-09-18 09:38:51,453 basehttp "GET /api/orders/processed-files/ HTTP/1.1" 200 2609
[INFO] 2025-09-18 09:40:10,175 basehttp "GET /api/orders/processed-files/ HTTP/1.1" 200 2609
[INFO] 2025-09-18 09:40:20,440 basehttp "GET /api/orders/processed-files/ HTTP/1.1" 200 2609
[INFO] 2025-09-18 09:40:23,249 basehttp "GET /api/orders/processed-files/ HTTP/1.1" 200 2609
[INFO] 2025-09-18 09:40:27,485 basehttp "GET /api/orders/processed-files/ HTTP/1.1" 200 2609
[INFO] 2025-09-18 09:40:28,337 views Validated file uploaded: chatfordemo_validated.xlsx by user Sohan
[INFO] 2025-09-18 09:40:28,341 basehttp "POST /api/orders/validated-files/ HTTP/1.1" 201 794
[INFO] 2025-09-18 09:40:31,039 basehttp "GET /api/orders/processed-files/ HTTP/1.1" 200 2609
[INFO] 2025-09-18 09:40:33,373 basehttp "GET /api/orders/validated-files/ HTTP/1.1" 200 1182
[WARNING] 2025-09-18 09:40:34,013 log Not Found: /apiorders/
[WARNING] 2025-09-18 09:40:34,014 basehttp "GET /apiorders/?validated_file=85951304-0c15-4ed4-b138-c411cad3261e HTTP/1.1" 404 2893
[INFO] 2025-09-18 09:40:41,046 basehttp "GET /api/orders/validated-files/ HTTP/1.1" 200 1182
[WARNING] 2025-09-18 09:40:41,698 log Not Found: /apiorders/
[WARNING] 2025-09-18 09:40:41,699 basehttp "GET /apiorders/?validated_file=85951304-0c15-4ed4-b138-c411cad3261e HTTP/1.1" 404 2893
[INFO] 2025-09-18 09:40:55,998 basehttp "GET /api/orders/validated-files/ HTTP/1.1" 200 1182
[WARNING] 2025-09-18 09:40:56,645 log Not Found: /apiorders/
[WARNING] 2025-09-18 09:40:56,646 basehttp "GET /apiorders/?validated_file=85951304-0c15-4ed4-b138-c411cad3261e HTTP/1.1" 404 2893
[INFO] 2025-09-18 09:41:01,479 basehttp "GET /api/orders/validated-files/ HTTP/1.1" 200 1182
[WARNING] 2025-09-18 09:41:02,101 log Not Found: /apiorders/
[WARNING] 2025-09-18 09:41:02,102 basehttp "GET /apiorders/?validated_file=85951304-0c15-4ed4-b138-c411cad3261e HTTP/1.1" 404 2893
[INFO] 2025-09-18 09:41:02,760 utils Starting sync extraction from chatfordemo_validated.xlsx
[INFO] 2025-09-18 09:41:02,781 utils Read 1 rows from chatfordemo_validated.xlsx
[INFO] 2025-09-18 09:41:02,781 utils 🔍 Extracting Row 1:
[INFO] 2025-09-18 09:41:02,782 utils    Raw Phone/Name: '917702828811' (type: <class 'int'>)
[INFO] 2025-09-18 09:41:02,782 utils    Raw Items: 'Apples: 1, Pears: 1' (type: <class 'str'>)
[INFO] 2025-09-18 09:41:02,782 utils    Raw Total_Amount: 'nan' (type: <class 'float'>)
[INFO] 2025-09-18 09:41:02,782 utils    Processed phone_number: '917702828811'
[INFO] 2025-09-18 09:41:02,782 utils    Processed order_items_str: 'Apples: 1, Pears: 1'
[INFO] 2025-09-18 09:41:02,782 utils    Processed amount_str: 'nan'
[INFO] 2025-09-18 09:41:02,923 utils Successfully created 1 orders from chatfordemo_validated.xlsx
[INFO] 2025-09-18 09:41:02,990 views Successfully extracted 1 orders from chatfordemo_validated.xlsx
[INFO] 2025-09-18 09:41:02,995 basehttp "POST /api/orders/validated-files/85951304-0c15-4ed4-b138-c411cad3261e/extract_orders/ HTTP/1.1" 200 354
[INFO] 2025-09-18 09:42:31,645 basehttp "GET /api/orders/validated-files/ HTTP/1.1" 200 1181
[WARNING] 2025-09-18 09:42:32,291 log Not Found: /apiorders/
[WARNING] 2025-09-18 09:42:32,292 basehttp "GET /apiorders/?validated_file=85951304-0c15-4ed4-b138-c411cad3261e HTTP/1.1" 404 2893
[INFO] 2025-09-18 09:42:43,350 basehttp "GET /api/orders/validated-files/ HTTP/1.1" 200 1181
[WARNING] 2025-09-18 09:42:43,994 log Not Found: /apiorders/
[WARNING] 2025-09-18 09:42:43,995 basehttp "GET /apiorders/?validated_file=85951304-0c15-4ed4-b138-c411cad3261e HTTP/1.1" 404 2893
[WARNING] 2025-09-18 09:42:44,644 log Bad Request: /api/orders/validated-files/85951304-0c15-4ed4-b138-c411cad3261e/extract_orders/
[WARNING] 2025-09-18 09:42:44,645 basehttp "POST /api/orders/validated-files/85951304-0c15-4ed4-b138-c411cad3261e/extract_orders/ HTTP/1.1" 400 61
[INFO] 2025-09-18 09:42:54,957 basehttp "GET /api/orders/processed-files/ HTTP/1.1" 200 2609
[INFO] 2025-09-18 09:44:05,559 views Chat file uploaded: chat.txt by user Sohan
[INFO] 2025-09-18 09:44:05,560 basehttp "POST /api/orders/chatfiles/ HTTP/1.1" 201 343
[INFO] 2025-09-18 09:44:06,216 basehttp "POST /api/orders/chatfiles/ed1bb5d0-7224-4dac-a03f-6592d51b66aa/process/ HTTP/1.1" 200 101
[INFO] 2025-09-18 09:44:06,578 tasks Starting complete processing of chat file: chat.txt
[INFO] 2025-09-18 09:44:06,579 tasks Step 1: Basic chat parsing...
[INFO] 2025-09-18 09:44:06,580 tasks Parsed 1 messages
[INFO] 2025-09-18 09:44:06,580 tasks Step 2: AI classification (this may take time due to rate limits)...
[INFO] 2025-09-18 09:44:08,238 tasks AI classification completed. Found 1 orders
[INFO] 2025-09-18 09:44:08,503 tasks Complete processing successful: chat_processed.xlsx
[INFO] 2025-09-18 09:44:08,504 tasks Final stats: 1 messages, 1 orders
[INFO] 2025-09-18 09:44:21,885 basehttp "GET /api/orders/chatfiles/ed1bb5d0-7224-4dac-a03f-6592d51b66aa/ HTTP/1.1" 200 304
[INFO] 2025-09-18 09:44:22,586 basehttp "GET /api/orders/processed-files/ HTTP/1.1" 200 2840
[INFO] 2025-09-18 09:44:25,735 basehttp "GET /api/orders/processed-files/ HTTP/1.1" 200 2840
[INFO] 2025-09-18 09:44:29,719 basehttp "GET /api/orders/processed-files/ HTTP/1.1" 200 2840
[INFO] 2025-09-18 09:44:30,506 views Downloaded processed file: chat_processed.xlsx by user Sohan
[INFO] 2025-09-18 09:44:30,508 basehttp "GET /api/orders/processed-files/d2557775-df2f-4a23-b066-b316dbe49bb7/download/ HTTP/1.1" 200 5051
[INFO] 2025-09-18 09:44:32,602 basehttp "GET /api/orders/processed-files/ HTTP/1.1" 200 2865
[INFO] 2025-09-18 09:45:33,309 basehttp "GET /api/orders/processed-files/ HTTP/1.1" 200 2865
[INFO] 2025-09-18 09:45:37,259 basehttp "GET /api/orders/processed-files/ HTTP/1.1" 200 2865
[INFO] 2025-09-18 09:45:38,552 basehttp "GET /api/orders/processed-files/ HTTP/1.1" 200 2865
[INFO] 2025-09-18 09:45:39,347 views Validated file uploaded: chat_validated.xlsx by user Sohan
[INFO] 2025-09-18 09:45:39,351 basehttp "POST /api/orders/validated-files/ HTTP/1.1" 201 773
[INFO] 2025-09-18 09:45:42,098 basehttp "GET /api/orders/processed-files/ HTTP/1.1" 200 2865
[INFO] 2025-09-18 09:45:54,011 basehttp "GET /api/orders/validated-files/ HTTP/1.1" 200 1365
[WARNING] 2025-09-18 09:45:54,647 log Not Found: /apiorders/
[WARNING] 2025-09-18 09:45:54,648 basehttp "GET /apiorders/?validated_file=9873b6fc-2550-42bd-ad4a-4ad9739c8980 HTTP/1.1" 404 2893
[INFO] 2025-09-18 09:45:59,193 basehttp "GET /api/orders/validated-files/ HTTP/1.1" 200 1365
[WARNING] 2025-09-18 09:45:59,824 log Not Found: /apiorders/
[WARNING] 2025-09-18 09:45:59,825 basehttp "GET /apiorders/?validated_file=9873b6fc-2550-42bd-ad4a-4ad9739c8980 HTTP/1.1" 404 2893
[INFO] 2025-09-18 09:46:03,285 basehttp "GET /api/orders/validated-files/ HTTP/1.1" 200 1365
[WARNING] 2025-09-18 09:46:03,907 log Not Found: /apiorders/
[WARNING] 2025-09-18 09:46:03,908 basehttp "GET /apiorders/?validated_file=9873b6fc-2550-42bd-ad4a-4ad9739c8980 HTTP/1.1" 404 2893
[INFO] 2025-09-18 09:46:04,556 utils Starting sync extraction from chat_validated.xlsx
[INFO] 2025-09-18 09:46:04,591 utils Read 1 rows from chat_validated.xlsx
[INFO] 2025-09-18 09:46:04,592 utils 🔍 Extracting Row 1:
[INFO] 2025-09-18 09:46:04,592 utils    Raw Phone/Name: '917702828811' (type: <class 'int'>)
[INFO] 2025-09-18 09:46:04,592 utils    Raw Items: 'Apples: 1, Pears: 1' (type: <class 'str'>)
[INFO] 2025-09-18 09:46:04,592 utils    Raw Total_Amount: '2+2=4' (type: <class 'str'>)
[INFO] 2025-09-18 09:46:04,593 utils    Processed phone_number: '917702828811'
[INFO] 2025-09-18 09:46:04,593 utils    Processed order_items_str: 'Apples: 1, Pears: 1'
[INFO] 2025-09-18 09:46:04,593 utils    Processed amount_str: '2+2=4'
[INFO] 2025-09-18 09:46:04,680 utils Successfully created 1 orders from chat_validated.xlsx
[INFO] 2025-09-18 09:46:04,788 views Successfully extracted 1 orders from chat_validated.xlsx
[INFO] 2025-09-18 09:46:04,793 basehttp "POST /api/orders/validated-files/9873b6fc-2550-42bd-ad4a-4ad9739c8980/extract_orders/ HTTP/1.1" 200 356
[INFO] 2025-09-18 09:46:05,422 views Starting to send 1 order messages for chat_validated.xlsx
[INFO] 2025-09-18 09:46:05,423 whatsapp_service WhatsApp client initialized successfully
[INFO] 2025-09-18 09:46:05,427 whatsapp_service Starting bulk send for 1 orders with 2.0s delay
[INFO] 2025-09-18 09:46:05,428 whatsapp_service Processing order 1/1: 2025091800003
[INFO] 2025-09-18 09:46:05,428 whatsapp_service Sending order message for 2025091800003 to 917702828811
[INFO] 2025-09-18 09:46:05,428 whatsapp_service 🔍 Building payload for Order 2025091800003
[INFO] 2025-09-18 09:46:05,428 whatsapp_service    Raw order.order_items: 'Apples: 1, Pears: 1' (type: <class 'str'>)
[INFO] 2025-09-18 09:46:05,428 whatsapp_service    Raw order.amount: '2+2=4' (type: <class 'str'>)
[INFO] 2025-09-18 09:46:05,429 whatsapp_service    Processed order_items_str: 'Apples: 1, Pears: 1'
[INFO] 2025-09-18 09:46:05,429 whatsapp_service    Processed total_amount_str: '2+2=4'
[INFO] 2025-09-18 09:46:05,429 whatsapp_service    Parsed items count: 2
[INFO] 2025-09-18 09:46:05,429 whatsapp_service    Total amount in paisa: 400
[INFO] 2025-09-18 09:46:05,430 whatsapp_service    Item 1: Apples x1 = ₹2.0
[INFO] 2025-09-18 09:46:05,430 whatsapp_service    Item 2: Pears x1 = ₹2.0
[INFO] 2025-09-18 09:46:05,430 whatsapp_service ✅ Built payload for order 2025091800003 to 917702828811 - Items: Apples: 1, Pears: 1
[INFO] 2025-09-18 09:46:05,430 whatsapp_service 📤 COMPLETE PAYLOAD for Order 2025091800003:
[INFO] 2025-09-18 09:46:05,430 whatsapp_service    Recipient: 917702828811
[INFO] 2025-09-18 09:46:05,431 whatsapp_service    Template: sample_order_details
[INFO] 2025-09-18 09:46:05,431 whatsapp_service    Currency: INR
[INFO] 2025-09-18 09:46:05,431 whatsapp_service    Reference ID: 2025091800003
[INFO] 2025-09-18 09:46:05,431 whatsapp_service    Total Amount: ₹4.0
[INFO] 2025-09-18 09:46:05,431 whatsapp_service    Items in payload: 2
[INFO] 2025-09-18 09:46:05,432 whatsapp_service 📋 JSON PAYLOAD:
{
  "messaging_product": "whatsapp",
  "recipient_type": "individual",
  "to": "917702828811",
  "type": "template",
  "template": {
    "name": "sample_order_details",
    "language": {
      "policy": "deterministic",
      "code": "en"
    },
    "components": [
      {
        "type": "button",
        "sub_type": "order_details",
        "index": 0,
        "parameters": [
          {
            "type": "action",
            "action": {
              "order_details": {
                "currency": "INR",
                "order": {
                  "items": [
                    {
                      "amount": {
                        "offset": 100,
                        "value": 200
                      },
                      "name": "Apples",
                      "quantity": 1,
                      "country_of_origin": "India",
                      "importer_name": "Farmveda"
                    },
                    {
                      "amount": {
                        "offset": 100,
                        "value": 200
                      },
                      "name": "Pears",
                      "quantity": 1,
                      "country_of_origin": "India",
                      "importer_name": "Farmveda"
                    }
                  ],
                  "status": "pending",
                  "subtotal": {
                    "offset": 100,
                    "value": 400
                  }
                },
                "payment_settings": [
                  {
                    "type": "payment_gateway",
                    "payment_gateway": {
                      "type": "razorpay",
                      "configuration_name": "WhatsappGroups-Payments"
                    }
                  }
                ],
                "reference_id": "2025091800003",
                "total_amount": {
                  "offset": 100,
                  "value": 400
                },
                "type": "physical-goods"
              }
            }
          }
        ]
      }
    ]
  }
}
[INFO] 2025-09-18 09:46:05,597 whatsapp_360_client Sending WhatsApp message to 917702828811
[INFO] 2025-09-18 09:46:07,285 whatsapp_360_client Message sent successfully: {'messaging_product': 'whatsapp', 'contacts': [{'input': '917702828811', 'wa_id': '917702828811'}], 'messages': [{'id': 'wamid.HBgMOTE3NzAyODI4ODExFQIAERgSRDY1MzRENjlEQUM0MjEwQkRGAA==', 'message_status': 'accepted'}]}
[INFO] 2025-09-18 09:46:07,285 whatsapp_service ✅ Order 2025091800003 sent successfully
[INFO] 2025-09-18 09:46:07,449 whatsapp_service 📊 Bulk send complete: 1 sent, 0 failed in 2s
[INFO] 2025-09-18 09:46:07,456 basehttp "POST /api/orders/send-messages/ HTTP/1.1" 200 620
[INFO] 2025-09-18 09:46:09,176 webhook_handler Received webhook: {
  "object": "whatsapp_business_account",
  "entry": [
    {
      "id": "114374441730441",
      "changes": [
        {
          "value": {
            "messaging_product": "whatsapp",
            "metadata": {
              "display_phone_number": "917996002222",
              "phone_number_id": "114392571729051"
            },
            "statuses": [
              {
                "id": "wamid.HBgMOTE3NzAyODI4ODExFQIAERgSRDY1MzRENjlEQUM0MjEwQkRGAA==",
                "status": "failed",
                "timestamp": "1758188767",
                "recipient_id": "917702828811",
                "errors": [
                  {
                    "code": 131049,
                    "title": "This message was not delivered to maintain healthy ecosystem engagement.",
                    "message": "This message was not delivered to maintain healthy ecosystem engagement.",
                    "error_data": {
                      "details": "In order to maintain a healthy ecosystem engagement, the message failed to be delivered."
                    },
                    "href": "https://developers.facebook.com/docs/whatsapp/cloud-api/support/error-codes/"
                  }
                ]
              }
            ]
          },
          "field": "messages"
        }
      ]
    }
  ]
}
[INFO] 2025-09-18 09:46:09,200 basehttp "POST /api/webhook/whatsapp/ HTTP/1.1" 200 22
[INFO] 2025-09-18 09:46:09,586 webhook_processor Processing order status update: wamid.HBgMOTE3NzAyODI4ODExFQIAERgSRDY1MzRENjlEQUM0MjEwQkRGAA== -> failed
[ERROR] 2025-09-18 09:46:09,593 webhook_processor Order wamid.HBgMOTE3NzAyODI4ODExFQIAERgSRDY1MzRENjlEQUM0MjEwQkRGAA== failed: Error 131049: This message was not delivered to maintain healthy ecosystem engagement.
[INFO] 2025-09-18 09:46:09,669 webhook_processor Updated order wamid.HBgMOTE3NzAyODI4ODExFQIAERgSRDY1MzRENjlEQUM0MjEwQkRGAA==: sent -> failed
[INFO] 2025-09-18 09:46:09,897 tasks Webhook 154 processed using orders.webhook_processor.process_order_webhook_status
[INFO] 2025-09-18 09:46:33,179 basehttp "GET /api/orders/validated-files/ HTTP/1.1" 200 1364
[INFO] 2025-09-18 09:46:33,853 basehttp "GET /api/orders/orders/ HTTP/1.1" 200 3909
[INFO] 2025-09-18 09:46:38,706 basehttp "GET /api/orders/validated-files/ HTTP/1.1" 200 1364
[INFO] 2025-09-18 09:46:39,495 basehttp "GET /api/orders/orders/?validated_file=9873b6fc-2550-42bd-ad4a-4ad9739c8980 HTTP/1.1" 200 521
[INFO] 2025-09-18 09:47:20,140 basehttp "GET /api/orders/validated-files/ HTTP/1.1" 200 1364
[INFO] 2025-09-18 09:47:20,837 basehttp "GET /api/orders/orders/?validated_file=9873b6fc-2550-42bd-ad4a-4ad9739c8980 HTTP/1.1" 200 521
[INFO] 2025-09-18 09:47:21,520 basehttp "GET /api/orders/validated-files/ HTTP/1.1" 200 1364
[INFO] 2025-09-18 09:47:22,198 basehttp "GET /api/orders/orders/?validated_file=9873b6fc-2550-42bd-ad4a-4ad9739c8980 HTTP/1.1" 200 521
[INFO] 2025-09-18 09:47:56,792 views User logged in: Sohan
[INFO] 2025-09-18 09:47:56,903 basehttp "POST /api/auth/login/ HTTP/1.1" 200 316
[INFO] 2025-09-18 09:47:57,649 basehttp "GET /api/orders/stats/ HTTP/1.1" 200 164
[INFO] 2025-09-18 09:47:59,927 basehttp "GET /api/orders/validated-files/ HTTP/1.1" 200 1364
[INFO] 2025-09-18 09:48:00,593 basehttp "GET /api/orders/orders/ HTTP/1.1" 200 3909
[INFO] 2025-09-18 09:55:05,988 views User logged in: farmveda_admin
[INFO] 2025-09-18 09:55:06,088 basehttp "POST /api/auth/login/ HTTP/1.1" 200 328
[INFO] 2025-09-18 09:55:06,788 basehttp "GET /api/orders/stats/ HTTP/1.1" 200 159
[INFO] 2025-09-18 09:55:28,163 views Chat file uploaded: wa-group-chat.txt by user farmveda_admin
[INFO] 2025-09-18 09:55:28,166 basehttp "POST /api/orders/chatfiles/ HTTP/1.1" 201 361
[INFO] 2025-09-18 09:55:28,893 basehttp "POST /api/orders/chatfiles/ba1eb083-9124-44ca-bddf-c41eaf408ffc/process/ HTTP/1.1" 200 101
[INFO] 2025-09-18 09:55:28,976 tasks Starting complete processing of chat file: wa-group-chat.txt
[INFO] 2025-09-18 09:55:28,979 tasks Step 1: Basic chat parsing...
[INFO] 2025-09-18 09:55:28,980 tasks Parsed 3 messages
[INFO] 2025-09-18 09:55:28,981 tasks Step 2: AI classification (this may take time due to rate limits)...
[INFO] 2025-09-18 09:55:33,863 tasks AI classification completed. Found 3 orders
[INFO] 2025-09-18 09:55:34,045 tasks Complete processing successful: wa-group-chat_processed.xlsx
[INFO] 2025-09-18 09:55:34,045 tasks Final stats: 3 messages, 3 orders
[INFO] 2025-09-18 09:55:44,534 basehttp "GET /api/orders/chatfiles/ba1eb083-9124-44ca-bddf-c41eaf408ffc/ HTTP/1.1" 200 322
[INFO] 2025-09-18 09:55:45,218 basehttp "GET /api/orders/processed-files/ HTTP/1.1" 200 300
[INFO] 2025-09-18 09:55:52,901 basehttp "GET /api/orders/processed-files/ HTTP/1.1" 200 300
[INFO] 2025-09-18 09:55:59,498 basehttp "GET /api/orders/processed-files/ HTTP/1.1" 200 300
[INFO] 2025-09-18 09:56:00,219 views Downloaded processed file: wa-group-chat_processed.xlsx by user farmveda_admin
[INFO] 2025-09-18 09:56:00,220 basehttp "GET /api/orders/processed-files/6d04482f-85e4-4f55-9643-2dd625f07d1a/download/ HTTP/1.1" 200 5153
[INFO] 2025-09-18 09:56:02,302 basehttp "GET /api/orders/processed-files/ HTTP/1.1" 200 325
[INFO] 2025-09-18 09:58:24,253 basehttp "GET /api/orders/processed-files/ HTTP/1.1" 200 325
[INFO] 2025-09-18 09:58:33,334 basehttp "GET /api/orders/processed-files/ HTTP/1.1" 200 325
[INFO] 2025-09-18 09:58:35,258 basehttp "GET /api/orders/processed-files/ HTTP/1.1" 200 325
[INFO] 2025-09-18 09:58:36,155 views Validated file uploaded: wa-group-chat_validated.xlsx by user farmveda_admin
[INFO] 2025-09-18 09:58:36,159 basehttp "POST /api/orders/validated-files/ HTTP/1.1" 201 800
[INFO] 2025-09-18 09:58:38,896 basehttp "GET /api/orders/processed-files/ HTTP/1.1" 200 325
[INFO] 2025-09-18 09:58:41,665 basehttp "GET /api/orders/validated-files/ HTTP/1.1" 200 244
[WARNING] 2025-09-18 09:58:42,299 log Not Found: /apiorders/
[WARNING] 2025-09-18 09:58:42,301 basehttp "GET /apiorders/?validated_file=3129245d-453d-4bc5-9a30-a40412b30f42 HTTP/1.1" 404 2893
[INFO] 2025-09-18 09:58:57,077 basehttp "GET /api/orders/validated-files/ HTTP/1.1" 200 244
[WARNING] 2025-09-18 09:58:57,758 log Not Found: /apiorders/
[WARNING] 2025-09-18 09:58:57,760 basehttp "GET /apiorders/?validated_file=3129245d-453d-4bc5-9a30-a40412b30f42 HTTP/1.1" 404 2893
[INFO] 2025-09-18 09:58:58,413 utils Starting sync extraction from wa-group-chat_validated.xlsx
[INFO] 2025-09-18 09:58:58,467 utils Read 3 rows from wa-group-chat_validated.xlsx
[INFO] 2025-09-18 09:58:58,469 utils 🔍 Extracting Row 1:
[INFO] 2025-09-18 09:58:58,470 utils    Raw Phone/Name: '919731436845' (type: <class 'int'>)
[INFO] 2025-09-18 09:58:58,471 utils    Raw Items: 'Apples: 2, Pears: 2' (type: <class 'str'>)
[INFO] 2025-09-18 09:58:58,472 utils    Raw Total_Amount: '4+4=8' (type: <class 'str'>)
[INFO] 2025-09-18 09:58:58,472 utils    Processed phone_number: '919731436845'
[INFO] 2025-09-18 09:58:58,472 utils    Processed order_items_str: 'Apples: 2, Pears: 2'
[INFO] 2025-09-18 09:58:58,472 utils    Processed amount_str: '4+4=8'
[INFO] 2025-09-18 09:58:58,562 utils 🔍 Extracting Row 2:
[INFO] 2025-09-18 09:58:58,563 utils    Raw Phone/Name: '919473181958' (type: <class 'int'>)
[INFO] 2025-09-18 09:58:58,563 utils    Raw Items: 'Apples: 1, Pears: 1' (type: <class 'str'>)
[INFO] 2025-09-18 09:58:58,563 utils    Raw Total_Amount: '2+2=4' (type: <class 'str'>)
[INFO] 2025-09-18 09:58:58,563 utils    Processed phone_number: '919473181958'
[INFO] 2025-09-18 09:58:58,563 utils    Processed order_items_str: 'Apples: 1, Pears: 1'
[INFO] 2025-09-18 09:58:58,564 utils    Processed amount_str: '2+2=4'
[INFO] 2025-09-18 09:58:58,663 utils 🔍 Extracting Row 3:
[INFO] 2025-09-18 09:58:58,664 utils    Raw Phone/Name: '919577625121' (type: <class 'int'>)
[INFO] 2025-09-18 09:58:58,665 utils    Raw Items: 'Apples: 2, Pears: 1' (type: <class 'str'>)
[INFO] 2025-09-18 09:58:58,666 utils    Raw Total_Amount: '4+2=6' (type: <class 'str'>)
[INFO] 2025-09-18 09:58:58,667 utils    Processed phone_number: '919577625121'
[INFO] 2025-09-18 09:58:58,667 utils    Processed order_items_str: 'Apples: 2, Pears: 1'
[INFO] 2025-09-18 09:58:58,668 utils    Processed amount_str: '4+2=6'
[INFO] 2025-09-18 09:58:58,763 utils Successfully created 3 orders from wa-group-chat_validated.xlsx
[INFO] 2025-09-18 09:58:58,870 views Successfully extracted 3 orders from wa-group-chat_validated.xlsx
[INFO] 2025-09-18 09:58:58,872 basehttp "POST /api/orders/validated-files/3129245d-453d-4bc5-9a30-a40412b30f42/extract_orders/ HTTP/1.1" 200 884
[INFO] 2025-09-18 09:58:59,496 views Starting to send 3 order messages for wa-group-chat_validated.xlsx
[INFO] 2025-09-18 09:58:59,497 whatsapp_service WhatsApp client initialized successfully
[INFO] 2025-09-18 09:58:59,502 whatsapp_service Starting bulk send for 3 orders with 2.0s delay
[INFO] 2025-09-18 09:58:59,502 whatsapp_service Processing order 1/3: 2025091800004
[INFO] 2025-09-18 09:58:59,502 whatsapp_service Sending order message for 2025091800004 to 919731436845
[INFO] 2025-09-18 09:58:59,502 whatsapp_service 🔍 Building payload for Order 2025091800004
[INFO] 2025-09-18 09:58:59,502 whatsapp_service    Raw order.order_items: 'Apples: 2, Pears: 2' (type: <class 'str'>)
[INFO] 2025-09-18 09:58:59,503 whatsapp_service    Raw order.amount: '4+4=8' (type: <class 'str'>)
[INFO] 2025-09-18 09:58:59,503 whatsapp_service    Processed order_items_str: 'Apples: 2, Pears: 2'
[INFO] 2025-09-18 09:58:59,503 whatsapp_service    Processed total_amount_str: '4+4=8'
[INFO] 2025-09-18 09:58:59,503 whatsapp_service    Parsed items count: 2
[INFO] 2025-09-18 09:58:59,503 whatsapp_service    Total amount in paisa: 800
[INFO] 2025-09-18 09:58:59,503 whatsapp_service    Item 1: Apples x2 = ₹4.0
[INFO] 2025-09-18 09:58:59,504 whatsapp_service    Item 2: Pears x2 = ₹4.0
[INFO] 2025-09-18 09:58:59,504 whatsapp_service ✅ Built payload for order 2025091800004 to 919731436845 - Items: Apples: 2, Pears: 2
[INFO] 2025-09-18 09:58:59,504 whatsapp_service 📤 COMPLETE PAYLOAD for Order 2025091800004:
[INFO] 2025-09-18 09:58:59,504 whatsapp_service    Recipient: 919731436845
[INFO] 2025-09-18 09:58:59,504 whatsapp_service    Template: sample_order_details
[INFO] 2025-09-18 09:58:59,504 whatsapp_service    Currency: INR
[INFO] 2025-09-18 09:58:59,505 whatsapp_service    Reference ID: 2025091800004
[INFO] 2025-09-18 09:58:59,505 whatsapp_service    Total Amount: ₹8.0
[INFO] 2025-09-18 09:58:59,505 whatsapp_service    Items in payload: 2
[INFO] 2025-09-18 09:58:59,505 whatsapp_service 📋 JSON PAYLOAD:
{
  "messaging_product": "whatsapp",
  "recipient_type": "individual",
  "to": "919731436845",
  "type": "template",
  "template": {
    "name": "sample_order_details",
    "language": {
      "policy": "deterministic",
      "code": "en"
    },
    "components": [
      {
        "type": "button",
        "sub_type": "order_details",
        "index": 0,
        "parameters": [
          {
            "type": "action",
            "action": {
              "order_details": {
                "currency": "INR",
                "order": {
                  "items": [
                    {
                      "amount": {
                        "offset": 100,
                        "value": 400
                      },
                      "name": "Apples",
                      "quantity": 2,
                      "country_of_origin": "India",
                      "importer_name": "Farmveda"
                    },
                    {
                      "amount": {
                        "offset": 100,
                        "value": 400
                      },
                      "name": "Pears",
                      "quantity": 2,
                      "country_of_origin": "India",
                      "importer_name": "Farmveda"
                    }
                  ],
                  "status": "pending",
                  "subtotal": {
                    "offset": 100,
                    "value": 800
                  }
                },
                "payment_settings": [
                  {
                    "type": "payment_gateway",
                    "payment_gateway": {
                      "type": "razorpay",
                      "configuration_name": "WhatsappGroups-Payments"
                    }
                  }
                ],
                "reference_id": "2025091800004",
                "total_amount": {
                  "offset": 100,
                  "value": 800
                },
                "type": "physical-goods"
              }
            }
          }
        ]
      }
    ]
  }
}
[INFO] 2025-09-18 09:58:59,733 whatsapp_360_client Sending WhatsApp message to 919731436845
[ERROR] 2025-09-18 09:59:00,924 whatsapp_360_client Failed to send message: 400 - {"error":{"message":"(#131009) Parameter value is not valid","type":"OAuthException","code":131009,"error_data":{"messaging_product":"whatsapp","details":"subtotal (800) must be equal to sum of quantity * min(sale_amount, amount) for items (1600) for CTA review_and_pay."},"fbtrace_id":"AX9zHTKiKdg6_wzEaczbLsa"}}
[WARNING] 2025-09-18 09:59:00,925 whatsapp_service ❌ Order 2025091800004 failed to send: {'success': False, 'error': '{"error":{"message":"(#131009) Parameter value is not valid","type":"OAuthException","code":131009,"error_data":{"messaging_product":"whatsapp","details":"subtotal (800) must be equal to sum of quantity * min(sale_amount, amount) for items (1600) for CTA review_and_pay."},"fbtrace_id":"AX9zHTKiKdg6_wzEaczbLsa"}}', 'status_code': 400}
[INFO] 2025-09-18 09:59:01,011 whatsapp_service ⏳ Waiting 2.0 seconds before next message...
[INFO] 2025-09-18 09:59:03,014 whatsapp_service Processing order 2/3: 2025091800005
[INFO] 2025-09-18 09:59:03,014 whatsapp_service Sending order message for 2025091800005 to 919473181958
[INFO] 2025-09-18 09:59:03,015 whatsapp_service 🔍 Building payload for Order 2025091800005
[INFO] 2025-09-18 09:59:03,015 whatsapp_service    Raw order.order_items: 'Apples: 1, Pears: 1' (type: <class 'str'>)
[INFO] 2025-09-18 09:59:03,015 whatsapp_service    Raw order.amount: '2+2=4' (type: <class 'str'>)
[INFO] 2025-09-18 09:59:03,015 whatsapp_service    Processed order_items_str: 'Apples: 1, Pears: 1'
[INFO] 2025-09-18 09:59:03,016 whatsapp_service    Processed total_amount_str: '2+2=4'
[INFO] 2025-09-18 09:59:03,016 whatsapp_service    Parsed items count: 2
[INFO] 2025-09-18 09:59:03,016 whatsapp_service    Total amount in paisa: 400
[INFO] 2025-09-18 09:59:03,016 whatsapp_service    Item 1: Apples x1 = ₹2.0
[INFO] 2025-09-18 09:59:03,017 whatsapp_service    Item 2: Pears x1 = ₹2.0
[INFO] 2025-09-18 09:59:03,017 whatsapp_service ✅ Built payload for order 2025091800005 to 919473181958 - Items: Apples: 1, Pears: 1
[INFO] 2025-09-18 09:59:03,017 whatsapp_service 📤 COMPLETE PAYLOAD for Order 2025091800005:
[INFO] 2025-09-18 09:59:03,017 whatsapp_service    Recipient: 919473181958
[INFO] 2025-09-18 09:59:03,018 whatsapp_service    Template: sample_order_details
[INFO] 2025-09-18 09:59:03,018 whatsapp_service    Currency: INR
[INFO] 2025-09-18 09:59:03,018 whatsapp_service    Reference ID: 2025091800005
[INFO] 2025-09-18 09:59:03,018 whatsapp_service    Total Amount: ₹4.0
[INFO] 2025-09-18 09:59:03,018 whatsapp_service    Items in payload: 2
[INFO] 2025-09-18 09:59:03,019 whatsapp_service 📋 JSON PAYLOAD:
{
  "messaging_product": "whatsapp",
  "recipient_type": "individual",
  "to": "919473181958",
  "type": "template",
  "template": {
    "name": "sample_order_details",
    "language": {
      "policy": "deterministic",
      "code": "en"
    },
    "components": [
      {
        "type": "button",
        "sub_type": "order_details",
        "index": 0,
        "parameters": [
          {
            "type": "action",
            "action": {
              "order_details": {
                "currency": "INR",
                "order": {
                  "items": [
                    {
                      "amount": {
                        "offset": 100,
                        "value": 200
                      },
                      "name": "Apples",
                      "quantity": 1,
                      "country_of_origin": "India",
                      "importer_name": "Farmveda"
                    },
                    {
                      "amount": {
                        "offset": 100,
                        "value": 200
                      },
                      "name": "Pears",
                      "quantity": 1,
                      "country_of_origin": "India",
                      "importer_name": "Farmveda"
                    }
                  ],
                  "status": "pending",
                  "subtotal": {
                    "offset": 100,
                    "value": 400
                  }
                },
                "payment_settings": [
                  {
                    "type": "payment_gateway",
                    "payment_gateway": {
                      "type": "razorpay",
                      "configuration_name": "WhatsappGroups-Payments"
                    }
                  }
                ],
                "reference_id": "2025091800005",
                "total_amount": {
                  "offset": 100,
                  "value": 400
                },
                "type": "physical-goods"
              }
            }
          }
        ]
      }
    ]
  }
}
[INFO] 2025-09-18 09:59:03,200 whatsapp_360_client Sending WhatsApp message to 919473181958
[INFO] 2025-09-18 09:59:04,399 whatsapp_360_client Message sent successfully: {'messaging_product': 'whatsapp', 'contacts': [{'input': '919473181958', 'wa_id': '919473181958'}], 'messages': [{'id': 'wamid.HBgMOTE5NDczMTgxOTU4FQIAERgSMTU5Mjg1NUJBMzJBNkZFNzE3AA==', 'message_status': 'accepted'}]}
[INFO] 2025-09-18 09:59:04,399 whatsapp_service ✅ Order 2025091800005 sent successfully
[INFO] 2025-09-18 09:59:04,481 whatsapp_service ⏳ Waiting 2.0 seconds before next message...
[INFO] 2025-09-18 09:59:06,484 whatsapp_service Processing order 3/3: 2025091800006
[INFO] 2025-09-18 09:59:06,484 whatsapp_service Sending order message for 2025091800006 to 919577625121
[INFO] 2025-09-18 09:59:06,484 whatsapp_service 🔍 Building payload for Order 2025091800006
[INFO] 2025-09-18 09:59:06,485 whatsapp_service    Raw order.order_items: 'Apples: 2, Pears: 1' (type: <class 'str'>)
[INFO] 2025-09-18 09:59:06,485 whatsapp_service    Raw order.amount: '4+2=6' (type: <class 'str'>)
[INFO] 2025-09-18 09:59:06,485 whatsapp_service    Processed order_items_str: 'Apples: 2, Pears: 1'
[INFO] 2025-09-18 09:59:06,485 whatsapp_service    Processed total_amount_str: '4+2=6'
[INFO] 2025-09-18 09:59:06,486 whatsapp_service    Parsed items count: 2
[INFO] 2025-09-18 09:59:06,486 whatsapp_service    Total amount in paisa: 600
[INFO] 2025-09-18 09:59:06,486 whatsapp_service    Item 1: Apples x2 = ₹4.0
[INFO] 2025-09-18 09:59:06,487 whatsapp_service    Item 2: Pears x1 = ₹2.0
[INFO] 2025-09-18 09:59:06,487 whatsapp_service ✅ Built payload for order 2025091800006 to 919577625121 - Items: Apples: 2, Pears: 1
[INFO] 2025-09-18 09:59:06,487 whatsapp_service 📤 COMPLETE PAYLOAD for Order 2025091800006:
[INFO] 2025-09-18 09:59:06,488 whatsapp_service    Recipient: 919577625121
[INFO] 2025-09-18 09:59:06,488 whatsapp_service    Template: sample_order_details
[INFO] 2025-09-18 09:59:06,488 whatsapp_service    Currency: INR
[INFO] 2025-09-18 09:59:06,489 whatsapp_service    Reference ID: 2025091800006
[INFO] 2025-09-18 09:59:06,489 whatsapp_service    Total Amount: ₹6.0
[INFO] 2025-09-18 09:59:06,489 whatsapp_service    Items in payload: 2
[INFO] 2025-09-18 09:59:06,491 whatsapp_service 📋 JSON PAYLOAD:
{
  "messaging_product": "whatsapp",
  "recipient_type": "individual",
  "to": "919577625121",
  "type": "template",
  "template": {
    "name": "sample_order_details",
    "language": {
      "policy": "deterministic",
      "code": "en"
    },
    "components": [
      {
        "type": "button",
        "sub_type": "order_details",
        "index": 0,
        "parameters": [
          {
            "type": "action",
            "action": {
              "order_details": {
                "currency": "INR",
                "order": {
                  "items": [
                    {
                      "amount": {
                        "offset": 100,
                        "value": 400
                      },
                      "name": "Apples",
                      "quantity": 2,
                      "country_of_origin": "India",
                      "importer_name": "Farmveda"
                    },
                    {
                      "amount": {
                        "offset": 100,
                        "value": 200
                      },
                      "name": "Pears",
                      "quantity": 1,
                      "country_of_origin": "India",
                      "importer_name": "Farmveda"
                    }
                  ],
                  "status": "pending",
                  "subtotal": {
                    "offset": 100,
                    "value": 600
                  }
                },
                "payment_settings": [
                  {
                    "type": "payment_gateway",
                    "payment_gateway": {
                      "type": "razorpay",
                      "configuration_name": "WhatsappGroups-Payments"
                    }
                  }
                ],
                "reference_id": "2025091800006",
                "total_amount": {
                  "offset": 100,
                  "value": 600
                },
                "type": "physical-goods"
              }
            }
          }
        ]
      }
    ]
  }
}
[INFO] 2025-09-18 09:59:06,579 whatsapp_360_client Sending WhatsApp message to 919577625121
[INFO] 2025-09-18 09:59:06,809 webhook_handler Received webhook: {
  "object": "whatsapp_business_account",
  "entry": [
    {
      "id": "114374441730441",
      "changes": [
        {
          "value": {
            "messaging_product": "whatsapp",
            "metadata": {
              "display_phone_number": "917996002222",
              "phone_number_id": "114392571729051"
            },
            "statuses": [
              {
                "id": "wamid.HBgMOTE5NDczMTgxOTU4FQIAERgSMTU5Mjg1NUJBMzJBNkZFNzE3AA==",
                "status": "sent",
                "timestamp": "1758189545",
                "recipient_id": "919473181958",
                "conversation": {
                  "id": "5be0e270adcb3f413ac8ce56b5ab615a",
                  "expiration_timestamp": "1758189545",
                  "origin": {
                    "type": "marketing"
                  }
                },
                "pricing": {
                  "billable": true,
                  "pricing_model": "PMP",
                  "category": "marketing",
                  "type": "regular"
                }
              }
            ]
          },
          "field": "messages"
        }
      ]
    }
  ]
}
[INFO] 2025-09-18 09:59:06,837 basehttp "POST /api/webhook/whatsapp/ HTTP/1.1" 200 22
[INFO] 2025-09-18 09:59:07,050 webhook_processor Processing order status update: wamid.HBgMOTE5NDczMTgxOTU4FQIAERgSMTU5Mjg1NUJBMzJBNkZFNzE3AA== -> sent
[INFO] 2025-09-18 09:59:07,060 webhook_processor Webhook 'sent' received for order wamid.HBgMOTE5NDczMTgxOTU4FQIAERgSMTU5Mjg1NUJBMzJBNkZFNzE3AA== - already handled on API success
[INFO] 2025-09-18 09:59:07,192 webhook_processor Updated order wamid.HBgMOTE5NDczMTgxOTU4FQIAERgSMTU5Mjg1NUJBMzJBNkZFNzE3AA==: sent -> sent
[ERROR] 2025-09-18 09:59:07,232 whatsapp_360_client Failed to send message: 400 - {"error":{"message":"(#131009) Parameter value is not valid","type":"OAuthException","code":131009,"error_data":{"messaging_product":"whatsapp","details":"subtotal (600) must be equal to sum of quantity * min(sale_amount, amount) for items (1000) for CTA review_and_pay."},"fbtrace_id":"AM86xn61PD5ipPfD6uVFomq"}}
[WARNING] 2025-09-18 09:59:07,233 whatsapp_service ❌ Order 2025091800006 failed to send: {'success': False, 'error': '{"error":{"message":"(#131009) Parameter value is not valid","type":"OAuthException","code":131009,"error_data":{"messaging_product":"whatsapp","details":"subtotal (600) must be equal to sum of quantity * min(sale_amount, amount) for items (1000) for CTA review_and_pay."},"fbtrace_id":"AM86xn61PD5ipPfD6uVFomq"}}', 'status_code': 400}
[INFO] 2025-09-18 09:59:07,334 whatsapp_service 📊 Bulk send complete: 1 sent, 2 failed in 7s
[INFO] 2025-09-18 09:59:07,349 basehttp "POST /api/orders/send-messages/ HTTP/1.1" 200 1588
[INFO] 2025-09-18 09:59:07,426 tasks Webhook 155 processed using orders.webhook_processor.process_order_webhook_status
[INFO] 2025-09-18 09:59:08,864 webhook_handler Received webhook: {
  "object": "whatsapp_business_account",
  "entry": [
    {
      "id": "114374441730441",
      "changes": [
        {
          "value": {
            "messaging_product": "whatsapp",
            "metadata": {
              "display_phone_number": "917996002222",
              "phone_number_id": "114392571729051"
            },
            "statuses": [
              {
                "id": "wamid.HBgMOTE5NDczMTgxOTU4FQIAERgSMTU5Mjg1NUJBMzJBNkZFNzE3AA==",
                "status": "delivered",
                "timestamp": "1758189546",
                "recipient_id": "919473181958",
                "conversation": {
                  "id": "5be0e270adcb3f413ac8ce56b5ab615a",
                  "origin": {
                    "type": "marketing"
                  }
                },
                "pricing": {
                  "billable": true,
                  "pricing_model": "PMP",
                  "category": "marketing",
                  "type": "regular"
                }
              }
            ]
          },
          "field": "messages"
        }
      ]
    }
  ]
}
[INFO] 2025-09-18 09:59:08,874 basehttp "POST /api/webhook/whatsapp/ HTTP/1.1" 200 22
[INFO] 2025-09-18 09:59:09,249 webhook_processor Processing order status update: wamid.HBgMOTE5NDczMTgxOTU4FQIAERgSMTU5Mjg1NUJBMzJBNkZFNzE3AA== -> delivered
[INFO] 2025-09-18 09:59:09,256 webhook_processor Order wamid.HBgMOTE5NDczMTgxOTU4FQIAERgSMTU5Mjg1NUJBMzJBNkZFNzE3AA== marked as delivered
[INFO] 2025-09-18 09:59:09,374 webhook_processor Updated order wamid.HBgMOTE5NDczMTgxOTU4FQIAERgSMTU5Mjg1NUJBMzJBNkZFNzE3AA==: sent -> delivered
[INFO] 2025-09-18 09:59:09,592 tasks Webhook 156 processed using orders.webhook_processor.process_order_webhook_status
[INFO] 2025-09-18 10:00:06,861 basehttp "GET /api/orders/validated-files/ HTTP/1.1" 200 243
[INFO] 2025-09-18 10:00:07,550 basehttp "GET /api/orders/orders/ HTTP/1.1" 200 868
[INFO] 2025-09-18 10:00:47,759 basehttp "GET /api/orders/analytics/ HTTP/1.1" 200 1233
[INFO] 2025-09-18 10:04:22,934 webhook_handler Received webhook: {
  "object": "whatsapp_business_account",
  "entry": [
    {
      "id": "114374441730441",
      "changes": [
        {
          "value": {
            "messaging_product": "whatsapp",
            "metadata": {
              "display_phone_number": "917996002222",
              "phone_number_id": "114392571729051"
            },
            "statuses": [
              {
                "id": "wamid.HBgMOTE5NDczMTgxOTU4FQIAERgSMTU5Mjg1NUJBMzJBNkZFNzE3AA==",
                "status": "read",
                "timestamp": "1758189861",
                "recipient_id": "919473181958"
              }
            ]
          },
          "field": "messages"
        }
      ]
    }
  ]
}
[INFO] 2025-09-18 10:04:22,943 basehttp "POST /api/webhook/whatsapp/ HTTP/1.1" 200 22
[INFO] 2025-09-18 10:04:23,111 webhook_processor Processing order status update: wamid.HBgMOTE5NDczMTgxOTU4FQIAERgSMTU5Mjg1NUJBMzJBNkZFNzE3AA== -> read
[INFO] 2025-09-18 10:04:23,118 webhook_processor Order wamid.HBgMOTE5NDczMTgxOTU4FQIAERgSMTU5Mjg1NUJBMzJBNkZFNzE3AA== marked as read
[INFO] 2025-09-18 10:04:23,254 webhook_processor Updated order wamid.HBgMOTE5NDczMTgxOTU4FQIAERgSMTU5Mjg1NUJBMzJBNkZFNzE3AA==: delivered -> read
[INFO] 2025-09-18 10:04:23,763 tasks Webhook 157 processed using orders.webhook_processor.process_order_webhook_status
[INFO] 2025-09-18 10:04:29,560 views User logged out: 
[INFO] 2025-09-18 10:04:29,562 basehttp "POST /api/auth/logout/ HTTP/1.1" 200 46
[INFO] 2025-09-18 10:05:31,367 webhook_handler Received webhook: {
  "object": "whatsapp_business_account",
  "entry": [
    {
      "id": "114374441730441",
      "changes": [
        {
          "value": {
            "messaging_product": "whatsapp",
            "metadata": {
              "display_phone_number": "917996002222",
              "phone_number_id": "114392571729051"
            },
            "statuses": [
              {
                "id": "wamid.HBgMOTE5NDczMTgxOTU4FQIAEhgKMzI1Nzk1NjMxMAA=",
                "status": "captured",
                "timestamp": "1758189928",
                "recipient_id": "919473181958",
                "type": "payment",
                "payment": {
                  "reference_id": "2025091800005",
                  "amount": {
                    "value": 400,
                    "offset": 100
                  },
                  "currency": "INR",
                  "transaction": {
                    "id": "order_RJ1brc3252vu8y",
                    "pg_transaction_id": "pay_RJ1bskoTFhobRg",
                    "type": "razorpay",
                    "status": "success",
                    "created_timestamp": 1758189927,
                    "updated_timestamp": 1758189927,
                    "amount": {
                      "value": 400,
                      "offset": 100
                    },
                    "currency": "INR",
                    "method": {
                      "type": "upi"
                    }
                  }
                }
              }
            ]
          },
          "field": "messages"
        }
      ]
    }
  ]
}
[INFO] 2025-09-18 10:05:31,395 basehttp "POST /api/webhook/whatsapp/ HTTP/1.1" 200 22
[INFO] 2025-09-18 10:05:31,591 webhook_processor Processing payment webhook...
[INFO] 2025-09-18 10:05:31,591 webhook_processor Processing payment webhook: reference_id=2025091800005, status=captured
[INFO] 2025-09-18 10:05:31,598 webhook_processor Payment captured for order 2025091800005: ₹4.0
[INFO] 2025-09-18 10:05:31,702 whatsapp_service WhatsApp client initialized successfully
[INFO] 2025-09-18 10:05:31,702 webhook_processor 🚀 Triggering payment success message for order 2025091800005
[INFO] 2025-09-18 10:05:31,703 whatsapp_service Sending payment success message for order 2025091800005 to 919473181958
[INFO] 2025-09-18 10:05:31,703 whatsapp_service Payment success template variables: Order=2025091800005, Amount=₹4.00, Method=UPI, TxnID=pay_RJ1bskoTFhobRg
[INFO] 2025-09-18 10:05:31,704 whatsapp_360_client Sending WhatsApp message to 919473181958
[ERROR] 2025-09-18 10:05:32,812 whatsapp_360_client Failed to send message: 404 - {"error":{"message":"(#132001) Template name does not exist in the translation","type":"OAuthException","code":132001,"error_data":{"messaging_product":"whatsapp","details":"template name (payment_success_confirmation) does not exist in en"},"fbtrace_id":"AqML2NihqZRz4DvCLOuiju3"}}
[WARNING] 2025-09-18 10:05:32,813 whatsapp_service ❌ Payment success message for order 2025091800005 failed: {'success': False, 'error': '{"error":{"message":"(#132001) Template name does not exist in the translation","type":"OAuthException","code":132001,"error_data":{"messaging_product":"whatsapp","details":"template name (payment_success_confirmation) does not exist in en"},"fbtrace_id":"AqML2NihqZRz4DvCLOuiju3"}}', 'status_code': 404}
[WARNING] 2025-09-18 10:05:32,937 webhook_processor ❌ Failed to send payment success message for order 2025091800005: {'success': False, 'error': '{"error":{"message":"(#132001) Template name does not exist in the translation","type":"OAuthException","code":132001,"error_data":{"messaging_product":"whatsapp","details":"template name (payment_success_confirmation) does not exist in en"},"fbtrace_id":"AqML2NihqZRz4DvCLOuiju3"}}', 'status_code': 404}
[INFO] 2025-09-18 10:05:32,938 webhook_processor Updated payment for order 2025091800005: pending -> completed
[INFO] 2025-09-18 10:05:32,938 webhook_processor Payment details: method=upi, amount=₹4.0, razorpay_payment_id=pay_RJ1bskoTFhobRg
[INFO] 2025-09-18 10:05:33,208 tasks Webhook 158 processed using orders.webhook_processor.process_payment_webhook
[INFO] 2025-09-18 10:05:42,459 views New user registered: fp_admin
[INFO] 2025-09-18 10:05:42,472 basehttp "POST /api/auth/signup/ HTTP/1.1" 201 324
[INFO] 2025-09-18 10:07:45,340 views User logged in: fp_admin
[INFO] 2025-09-18 10:07:45,443 basehttp "POST /api/auth/login/ HTTP/1.1" 200 332
[INFO] 2025-09-18 10:07:46,144 basehttp "GET /api/orders/stats/ HTTP/1.1" 200 159
[INFO] 2025-09-18 10:08:39,424 views User logged in: fp_admin
[INFO] 2025-09-18 10:08:39,530 basehttp "POST /api/auth/login/ HTTP/1.1" 200 332
[INFO] 2025-09-18 10:08:40,254 basehttp "GET /api/orders/stats/ HTTP/1.1" 200 159
[INFO] 2025-09-18 10:09:01,045 views Chat file uploaded: wa-groupchat.txt by user fp_admin
[INFO] 2025-09-18 10:09:01,050 basehttp "POST /api/orders/chatfiles/ HTTP/1.1" 201 359
[INFO] 2025-09-18 10:09:01,713 basehttp "POST /api/orders/chatfiles/65daec1d-b8e8-437f-a34d-a82b17fdbd51/process/ HTTP/1.1" 200 101
[INFO] 2025-09-18 10:09:01,812 tasks Starting complete processing of chat file: wa-groupchat.txt
[INFO] 2025-09-18 10:09:01,817 tasks Step 1: Basic chat parsing...
[INFO] 2025-09-18 10:09:01,818 tasks Parsed 3 messages
[INFO] 2025-09-18 10:09:01,819 tasks Step 2: AI classification (this may take time due to rate limits)...
[INFO] 2025-09-18 10:09:06,775 tasks AI classification completed. Found 3 orders
[INFO] 2025-09-18 10:09:07,016 tasks Complete processing successful: wa-groupchat_processed.xlsx
[INFO] 2025-09-18 10:09:07,016 tasks Final stats: 3 messages, 3 orders
[INFO] 2025-09-18 10:09:17,440 basehttp "GET /api/orders/chatfiles/65daec1d-b8e8-437f-a34d-a82b17fdbd51/ HTTP/1.1" 200 320
[INFO] 2025-09-18 10:09:18,105 basehttp "GET /api/orders/processed-files/ HTTP/1.1" 200 298
[INFO] 2025-09-18 10:09:23,579 basehttp "GET /api/orders/processed-files/ HTTP/1.1" 200 298
[INFO] 2025-09-18 10:09:31,619 basehttp "GET /api/orders/processed-files/ HTTP/1.1" 200 298
[INFO] 2025-09-18 10:09:32,380 views Downloaded processed file: wa-groupchat_processed.xlsx by user fp_admin
[INFO] 2025-09-18 10:09:32,381 basehttp "GET /api/orders/processed-files/bca381cc-8f0f-465e-b628-c020b17bd334/download/ HTTP/1.1" 200 5146
[INFO] 2025-09-18 10:09:34,451 basehttp "GET /api/orders/processed-files/ HTTP/1.1" 200 323
[INFO] 2025-09-18 10:11:41,380 basehttp "GET /api/orders/processed-files/ HTTP/1.1" 200 323
[INFO] 2025-09-18 10:11:47,099 basehttp "GET /api/orders/processed-files/ HTTP/1.1" 200 323
[INFO] 2025-09-18 10:11:48,541 basehttp "GET /api/orders/processed-files/ HTTP/1.1" 200 323
[INFO] 2025-09-18 10:11:49,289 views Validated file uploaded: wa-groupchat_validated.xlsx by user fp_admin
[INFO] 2025-09-18 10:11:49,291 basehttp "POST /api/orders/validated-files/ HTTP/1.1" 201 797
[INFO] 2025-09-18 10:11:51,994 basehttp "GET /api/orders/processed-files/ HTTP/1.1" 200 323
[INFO] 2025-09-18 10:11:55,922 basehttp "GET /api/orders/validated-files/ HTTP/1.1" 200 243
[WARNING] 2025-09-18 10:11:56,585 log Not Found: /apiorders/
[WARNING] 2025-09-18 10:11:56,587 basehttp "GET /apiorders/?validated_file=cfe664e6-be67-4ae5-89b7-f92d63dc2a58 HTTP/1.1" 404 2893
[INFO] 2025-09-18 10:12:15,237 basehttp "GET /api/orders/validated-files/ HTTP/1.1" 200 243
[WARNING] 2025-09-18 10:12:15,891 log Not Found: /apiorders/
[WARNING] 2025-09-18 10:12:15,892 basehttp "GET /apiorders/?validated_file=cfe664e6-be67-4ae5-89b7-f92d63dc2a58 HTTP/1.1" 404 2893
[INFO] 2025-09-18 10:12:16,597 utils Starting sync extraction from wa-groupchat_validated.xlsx
[INFO] 2025-09-18 10:12:16,633 utils Read 3 rows from wa-groupchat_validated.xlsx
[INFO] 2025-09-18 10:12:16,634 utils 🔍 Extracting Row 1:
[INFO] 2025-09-18 10:12:16,635 utils    Raw Phone/Name: '919731436845' (type: <class 'int'>)
[INFO] 2025-09-18 10:12:16,635 utils    Raw Items: 'Apples: 1' (type: <class 'str'>)
[INFO] 2025-09-18 10:12:16,636 utils    Raw Total_Amount: '2' (type: <class 'int'>)
[INFO] 2025-09-18 10:12:16,636 utils    Processed phone_number: '919731436845'
[INFO] 2025-09-18 10:12:16,636 utils    Processed order_items_str: 'Apples: 1'
[INFO] 2025-09-18 10:12:16,637 utils    Processed amount_str: '2'
[INFO] 2025-09-18 10:12:16,765 utils 🔍 Extracting Row 2:
[INFO] 2025-09-18 10:12:16,766 utils    Raw Phone/Name: '919473181958' (type: <class 'int'>)
[INFO] 2025-09-18 10:12:16,767 utils    Raw Items: 'Apples: 1, Pears: 1' (type: <class 'str'>)
[INFO] 2025-09-18 10:12:16,767 utils    Raw Total_Amount: '2+2=4' (type: <class 'str'>)
[INFO] 2025-09-18 10:12:16,768 utils    Processed phone_number: '919473181958'
[INFO] 2025-09-18 10:12:16,769 utils    Processed order_items_str: 'Apples: 1, Pears: 1'
[INFO] 2025-09-18 10:12:16,769 utils    Processed amount_str: '2+2=4'
[INFO] 2025-09-18 10:12:16,849 utils 🔍 Extracting Row 3:
[INFO] 2025-09-18 10:12:16,850 utils    Raw Phone/Name: '919577625121' (type: <class 'int'>)
[INFO] 2025-09-18 10:12:16,851 utils    Raw Items: 'Pears: 1' (type: <class 'str'>)
[INFO] 2025-09-18 10:12:16,851 utils    Raw Total_Amount: '2' (type: <class 'int'>)
[INFO] 2025-09-18 10:12:16,852 utils    Processed phone_number: '919577625121'
[INFO] 2025-09-18 10:12:16,852 utils    Processed order_items_str: 'Pears: 1'
[INFO] 2025-09-18 10:12:16,853 utils    Processed amount_str: '2'
[INFO] 2025-09-18 10:12:16,957 utils Successfully created 3 orders from wa-groupchat_validated.xlsx
[INFO] 2025-09-18 10:12:17,057 views Successfully extracted 3 orders from wa-groupchat_validated.xlsx
[INFO] 2025-09-18 10:12:17,061 basehttp "POST /api/orders/validated-files/cfe664e6-be67-4ae5-89b7-f92d63dc2a58/extract_orders/ HTTP/1.1" 200 876
[INFO] 2025-09-18 10:12:17,795 views Starting to send 3 order messages for wa-groupchat_validated.xlsx
[INFO] 2025-09-18 10:12:17,795 whatsapp_service WhatsApp client initialized successfully
[INFO] 2025-09-18 10:12:17,799 whatsapp_service Starting bulk send for 3 orders with 2.0s delay
[INFO] 2025-09-18 10:12:17,800 whatsapp_service Processing order 1/3: 2025091800007
[INFO] 2025-09-18 10:12:17,800 whatsapp_service Sending order message for 2025091800007 to 919731436845
[INFO] 2025-09-18 10:12:17,800 whatsapp_service 🔍 Building payload for Order 2025091800007
[INFO] 2025-09-18 10:12:17,801 whatsapp_service    Raw order.order_items: 'Apples: 1' (type: <class 'str'>)
[INFO] 2025-09-18 10:12:17,801 whatsapp_service    Raw order.amount: '2' (type: <class 'str'>)
[INFO] 2025-09-18 10:12:17,801 whatsapp_service    Processed order_items_str: 'Apples: 1'
[INFO] 2025-09-18 10:12:17,801 whatsapp_service    Processed total_amount_str: '2'
[INFO] 2025-09-18 10:12:17,801 whatsapp_service    Parsed items count: 1
[INFO] 2025-09-18 10:12:17,802 whatsapp_service    Total amount in paisa: 200
[INFO] 2025-09-18 10:12:17,802 whatsapp_service    Item 1: Apples x1 = ₹2.0
[INFO] 2025-09-18 10:12:17,802 whatsapp_service ✅ Built payload for order 2025091800007 to 919731436845 - Items: Apples: 1
[INFO] 2025-09-18 10:12:17,802 whatsapp_service 📤 COMPLETE PAYLOAD for Order 2025091800007:
[INFO] 2025-09-18 10:12:17,802 whatsapp_service    Recipient: 919731436845
[INFO] 2025-09-18 10:12:17,803 whatsapp_service    Template: sample_order_details
[INFO] 2025-09-18 10:12:17,803 whatsapp_service    Currency: INR
[INFO] 2025-09-18 10:12:17,803 whatsapp_service    Reference ID: 2025091800007
[INFO] 2025-09-18 10:12:17,803 whatsapp_service    Total Amount: ₹2.0
[INFO] 2025-09-18 10:12:17,803 whatsapp_service    Items in payload: 1
[INFO] 2025-09-18 10:12:17,803 whatsapp_service 📋 JSON PAYLOAD:
{
  "messaging_product": "whatsapp",
  "recipient_type": "individual",
  "to": "919731436845",
  "type": "template",
  "template": {
    "name": "sample_order_details",
    "language": {
      "policy": "deterministic",
      "code": "en"
    },
    "components": [
      {
        "type": "button",
        "sub_type": "order_details",
        "index": 0,
        "parameters": [
          {
            "type": "action",
            "action": {
              "order_details": {
                "currency": "INR",
                "order": {
                  "items": [
                    {
                      "amount": {
                        "offset": 100,
                        "value": 200
                      },
                      "name": "Apples",
                      "quantity": 1,
                      "country_of_origin": "India",
                      "importer_name": "Farmveda"
                    }
                  ],
                  "status": "pending",
                  "subtotal": {
                    "offset": 100,
                    "value": 200
                  }
                },
                "payment_settings": [
                  {
                    "type": "payment_gateway",
                    "payment_gateway": {
                      "type": "razorpay",
                      "configuration_name": "WhatsappGroups-Payments"
                    }
                  }
                ],
                "reference_id": "2025091800007",
                "total_amount": {
                  "offset": 100,
                  "value": 200
                },
                "type": "physical-goods"
              }
            }
          }
        ]
      }
    ]
  }
}
[INFO] 2025-09-18 10:12:17,909 whatsapp_360_client Sending WhatsApp message to 919731436845
[INFO] 2025-09-18 10:12:20,116 whatsapp_360_client Message sent successfully: {'messaging_product': 'whatsapp', 'contacts': [{'input': '919731436845', 'wa_id': '919731436845'}], 'messages': [{'id': 'wamid.HBgMOTE5NzMxNDM2ODQ1FQIAERgSOERFQzcxM0JCMzM1RDc2Q0E4AA==', 'message_status': 'accepted'}]}
[INFO] 2025-09-18 10:12:20,116 whatsapp_service ✅ Order 2025091800007 sent successfully
[INFO] 2025-09-18 10:12:20,285 whatsapp_service ⏳ Waiting 2.0 seconds before next message...
[INFO] 2025-09-18 10:12:22,220 webhook_handler Received webhook: {
  "object": "whatsapp_business_account",
  "entry": [
    {
      "id": "114374441730441",
      "changes": [
        {
          "value": {
            "messaging_product": "whatsapp",
            "metadata": {
              "display_phone_number": "917996002222",
              "phone_number_id": "114392571729051"
            },
            "statuses": [
              {
                "id": "wamid.HBgMOTE5NzMxNDM2ODQ1FQIAERgSOERFQzcxM0JCMzM1RDc2Q0E4AA==",
                "status": "failed",
                "timestamp": "1758190340",
                "recipient_id": "919731436845",
                "errors": [
                  {
                    "code": 131049,
                    "title": "This message was not delivered to maintain healthy ecosystem engagement.",
                    "message": "This message was not delivered to maintain healthy ecosystem engagement.",
                    "error_data": {
                      "details": "In order to maintain a healthy ecosystem engagement, the message failed to be delivered."
                    },
                    "href": "https://developers.facebook.com/docs/whatsapp/cloud-api/support/error-codes/"
                  }
                ]
              }
            ]
          },
          "field": "messages"
        }
      ]
    }
  ]
}
[INFO] 2025-09-18 10:12:22,246 basehttp "POST /api/webhook/whatsapp/ HTTP/1.1" 200 22
[INFO] 2025-09-18 10:12:22,288 whatsapp_service Processing order 2/3: 2025091800008
[INFO] 2025-09-18 10:12:22,288 whatsapp_service Sending order message for 2025091800008 to 919473181958
[INFO] 2025-09-18 10:12:22,289 whatsapp_service 🔍 Building payload for Order 2025091800008
[INFO] 2025-09-18 10:12:22,289 whatsapp_service    Raw order.order_items: 'Apples: 1, Pears: 1' (type: <class 'str'>)
[INFO] 2025-09-18 10:12:22,289 whatsapp_service    Raw order.amount: '2+2=4' (type: <class 'str'>)
[INFO] 2025-09-18 10:12:22,289 whatsapp_service    Processed order_items_str: 'Apples: 1, Pears: 1'
[INFO] 2025-09-18 10:12:22,290 whatsapp_service    Processed total_amount_str: '2+2=4'
[INFO] 2025-09-18 10:12:22,290 whatsapp_service    Parsed items count: 2
[INFO] 2025-09-18 10:12:22,290 whatsapp_service    Total amount in paisa: 400
[INFO] 2025-09-18 10:12:22,291 whatsapp_service    Item 1: Apples x1 = ₹2.0
[INFO] 2025-09-18 10:12:22,291 whatsapp_service    Item 2: Pears x1 = ₹2.0
[INFO] 2025-09-18 10:12:22,292 whatsapp_service ✅ Built payload for order 2025091800008 to 919473181958 - Items: Apples: 1, Pears: 1
[INFO] 2025-09-18 10:12:22,292 whatsapp_service 📤 COMPLETE PAYLOAD for Order 2025091800008:
[INFO] 2025-09-18 10:12:22,292 whatsapp_service    Recipient: 919473181958
[INFO] 2025-09-18 10:12:22,293 whatsapp_service    Template: sample_order_details
[INFO] 2025-09-18 10:12:22,293 whatsapp_service    Currency: INR
[INFO] 2025-09-18 10:12:22,293 whatsapp_service    Reference ID: 2025091800008
[INFO] 2025-09-18 10:12:22,294 whatsapp_service    Total Amount: ₹4.0
[INFO] 2025-09-18 10:12:22,294 whatsapp_service    Items in payload: 2
[INFO] 2025-09-18 10:12:22,295 whatsapp_service 📋 JSON PAYLOAD:
{
  "messaging_product": "whatsapp",
  "recipient_type": "individual",
  "to": "919473181958",
  "type": "template",
  "template": {
    "name": "sample_order_details",
    "language": {
      "policy": "deterministic",
      "code": "en"
    },
    "components": [
      {
        "type": "button",
        "sub_type": "order_details",
        "index": 0,
        "parameters": [
          {
            "type": "action",
            "action": {
              "order_details": {
                "currency": "INR",
                "order": {
                  "items": [
                    {
                      "amount": {
                        "offset": 100,
                        "value": 200
                      },
                      "name": "Apples",
                      "quantity": 1,
                      "country_of_origin": "India",
                      "importer_name": "Farmveda"
                    },
                    {
                      "amount": {
                        "offset": 100,
                        "value": 200
                      },
                      "name": "Pears",
                      "quantity": 1,
                      "country_of_origin": "India",
                      "importer_name": "Farmveda"
                    }
                  ],
                  "status": "pending",
                  "subtotal": {
                    "offset": 100,
                    "value": 400
                  }
                },
                "payment_settings": [
                  {
                    "type": "payment_gateway",
                    "payment_gateway": {
                      "type": "razorpay",
                      "configuration_name": "WhatsappGroups-Payments"
                    }
                  }
                ],
                "reference_id": "2025091800008",
                "total_amount": {
                  "offset": 100,
                  "value": 400
                },
                "type": "physical-goods"
              }
            }
          }
        ]
      }
    ]
  }
}
[INFO] 2025-09-18 10:12:22,412 whatsapp_360_client Sending WhatsApp message to 919473181958
[INFO] 2025-09-18 10:12:22,546 webhook_processor Processing order status update: wamid.HBgMOTE5NzMxNDM2ODQ1FQIAERgSOERFQzcxM0JCMzM1RDc2Q0E4AA== -> failed
[ERROR] 2025-09-18 10:12:22,554 webhook_processor Order wamid.HBgMOTE5NzMxNDM2ODQ1FQIAERgSOERFQzcxM0JCMzM1RDc2Q0E4AA== failed: Error 131049: This message was not delivered to maintain healthy ecosystem engagement.
[INFO] 2025-09-18 10:12:22,663 webhook_processor Updated order wamid.HBgMOTE5NzMxNDM2ODQ1FQIAERgSOERFQzcxM0JCMzM1RDc2Q0E4AA==: sent -> failed
[INFO] 2025-09-18 10:12:22,875 tasks Webhook 159 processed using orders.webhook_processor.process_order_webhook_status
[INFO] 2025-09-18 10:12:23,610 whatsapp_360_client Message sent successfully: {'messaging_product': 'whatsapp', 'contacts': [{'input': '919473181958', 'wa_id': '919473181958'}], 'messages': [{'id': 'wamid.HBgMOTE5NDczMTgxOTU4FQIAERgSRThERDQyQTkwNDNDNTZEM0NFAA==', 'message_status': 'accepted'}]}
[INFO] 2025-09-18 10:12:23,610 whatsapp_service ✅ Order 2025091800008 sent successfully
[INFO] 2025-09-18 10:12:23,792 whatsapp_service ⏳ Waiting 2.0 seconds before next message...
[INFO] 2025-09-18 10:12:25,009 webhook_handler Received webhook: {
  "object": "whatsapp_business_account",
  "entry": [
    {
      "id": "114374441730441",
      "changes": [
        {
          "value": {
            "messaging_product": "whatsapp",
            "metadata": {
              "display_phone_number": "917996002222",
              "phone_number_id": "114392571729051"
            },
            "statuses": [
              {
                "id": "wamid.HBgMOTE5NDczMTgxOTU4FQIAERgSRThERDQyQTkwNDNDNTZEM0NFAA==",
                "status": "sent",
                "timestamp": "1758190343",
                "recipient_id": "919473181958",
                "conversation": {
                  "id": "3e36567c902d4c9d8f897f0bb29047ed",
                  "expiration_timestamp": "1758190343",
                  "origin": {
                    "type": "marketing"
                  }
                },
                "pricing": {
                  "billable": true,
                  "pricing_model": "PMP",
                  "category": "marketing",
                  "type": "regular"
                }
              }
            ]
          },
          "field": "messages"
        }
      ]
    }
  ]
}
[INFO] 2025-09-18 10:12:25,041 basehttp "POST /api/webhook/whatsapp/ HTTP/1.1" 200 22
[INFO] 2025-09-18 10:12:25,293 webhook_processor Processing order status update: wamid.HBgMOTE5NDczMTgxOTU4FQIAERgSRThERDQyQTkwNDNDNTZEM0NFAA== -> sent
[INFO] 2025-09-18 10:12:25,300 webhook_processor Webhook 'sent' received for order wamid.HBgMOTE5NDczMTgxOTU4FQIAERgSRThERDQyQTkwNDNDNTZEM0NFAA== - already handled on API success
[INFO] 2025-09-18 10:12:25,402 webhook_processor Updated order wamid.HBgMOTE5NDczMTgxOTU4FQIAERgSRThERDQyQTkwNDNDNTZEM0NFAA==: sent -> sent
[INFO] 2025-09-18 10:12:25,611 tasks Webhook 160 processed using orders.webhook_processor.process_order_webhook_status
[INFO] 2025-09-18 10:12:25,795 whatsapp_service Processing order 3/3: 2025091800009
[INFO] 2025-09-18 10:12:25,798 whatsapp_service Sending order message for 2025091800009 to 919577625121
[INFO] 2025-09-18 10:12:25,799 whatsapp_service 🔍 Building payload for Order 2025091800009
[INFO] 2025-09-18 10:12:25,799 whatsapp_service    Raw order.order_items: 'Pears: 1' (type: <class 'str'>)
[INFO] 2025-09-18 10:12:25,801 whatsapp_service    Raw order.amount: '2' (type: <class 'str'>)
[INFO] 2025-09-18 10:12:25,801 whatsapp_service    Processed order_items_str: 'Pears: 1'
[INFO] 2025-09-18 10:12:25,802 whatsapp_service    Processed total_amount_str: '2'
[INFO] 2025-09-18 10:12:25,802 whatsapp_service    Parsed items count: 1
[INFO] 2025-09-18 10:12:25,804 whatsapp_service    Total amount in paisa: 200
[INFO] 2025-09-18 10:12:25,805 whatsapp_service    Item 1: Pears x1 = ₹2.0
[INFO] 2025-09-18 10:12:25,805 whatsapp_service ✅ Built payload for order 2025091800009 to 919577625121 - Items: Pears: 1
[INFO] 2025-09-18 10:12:25,806 whatsapp_service 📤 COMPLETE PAYLOAD for Order 2025091800009:
[INFO] 2025-09-18 10:12:25,806 whatsapp_service    Recipient: 919577625121
[INFO] 2025-09-18 10:12:25,807 whatsapp_service    Template: sample_order_details
[INFO] 2025-09-18 10:12:25,807 whatsapp_service    Currency: INR
[INFO] 2025-09-18 10:12:25,808 whatsapp_service    Reference ID: 2025091800009
[INFO] 2025-09-18 10:12:25,808 whatsapp_service    Total Amount: ₹2.0
[INFO] 2025-09-18 10:12:25,808 whatsapp_service    Items in payload: 1
[INFO] 2025-09-18 10:12:25,809 whatsapp_service 📋 JSON PAYLOAD:
{
  "messaging_product": "whatsapp",
  "recipient_type": "individual",
  "to": "919577625121",
  "type": "template",
  "template": {
    "name": "sample_order_details",
    "language": {
      "policy": "deterministic",
      "code": "en"
    },
    "components": [
      {
        "type": "button",
        "sub_type": "order_details",
        "index": 0,
        "parameters": [
          {
            "type": "action",
            "action": {
              "order_details": {
                "currency": "INR",
                "order": {
                  "items": [
                    {
                      "amount": {
                        "offset": 100,
                        "value": 200
                      },
                      "name": "Pears",
                      "quantity": 1,
                      "country_of_origin": "India",
                      "importer_name": "Farmveda"
                    }
                  ],
                  "status": "pending",
                  "subtotal": {
                    "offset": 100,
                    "value": 200
                  }
                },
                "payment_settings": [
                  {
                    "type": "payment_gateway",
                    "payment_gateway": {
                      "type": "razorpay",
                      "configuration_name": "WhatsappGroups-Payments"
                    }
                  }
                ],
                "reference_id": "2025091800009",
                "total_amount": {
                  "offset": 100,
                  "value": 200
                },
                "type": "physical-goods"
              }
            }
          }
        ]
      }
    ]
  }
}
[INFO] 2025-09-18 10:12:25,903 whatsapp_360_client Sending WhatsApp message to 919577625121
[INFO] 2025-09-18 10:12:26,889 whatsapp_360_client Message sent successfully: {'messaging_product': 'whatsapp', 'contacts': [{'input': '919577625121', 'wa_id': '919577625121'}], 'messages': [{'id': 'wamid.HBgMOTE5NTc3NjI1MTIxFQIAERgSREZERjEzMDJCNDQ0NTU3QTdCAA==', 'message_status': 'accepted'}]}
[INFO] 2025-09-18 10:12:26,890 whatsapp_service ✅ Order 2025091800009 sent successfully
[INFO] 2025-09-18 10:12:26,903 webhook_handler Received webhook: {
  "object": "whatsapp_business_account",
  "entry": [
    {
      "id": "114374441730441",
      "changes": [
        {
          "value": {
            "messaging_product": "whatsapp",
            "metadata": {
              "display_phone_number": "917996002222",
              "phone_number_id": "114392571729051"
            },
            "statuses": [
              {
                "id": "wamid.HBgMOTE5NDczMTgxOTU4FQIAERgSRThERDQyQTkwNDNDNTZEM0NFAA==",
                "status": "delivered",
                "timestamp": "1758190345",
                "recipient_id": "919473181958",
                "conversation": {
                  "id": "3e36567c902d4c9d8f897f0bb29047ed",
                  "origin": {
                    "type": "marketing"
                  }
                },
                "pricing": {
                  "billable": true,
                  "pricing_model": "PMP",
                  "category": "marketing",
                  "type": "regular"
                }
              }
            ]
          },
          "field": "messages"
        }
      ]
    }
  ]
}
[INFO] 2025-09-18 10:12:26,918 basehttp "POST /api/webhook/whatsapp/ HTTP/1.1" 200 22
[INFO] 2025-09-18 10:12:27,054 whatsapp_service 📊 Bulk send complete: 3 sent, 0 failed in 9s
[INFO] 2025-09-18 10:12:27,058 basehttp "POST /api/orders/send-messages/ HTTP/1.1" 200 1598
[INFO] 2025-09-18 10:12:27,222 webhook_processor Processing order status update: wamid.HBgMOTE5NDczMTgxOTU4FQIAERgSRThERDQyQTkwNDNDNTZEM0NFAA== -> delivered
[INFO] 2025-09-18 10:12:27,235 webhook_processor Order wamid.HBgMOTE5NDczMTgxOTU4FQIAERgSRThERDQyQTkwNDNDNTZEM0NFAA== marked as delivered
[INFO] 2025-09-18 10:12:27,356 webhook_processor Updated order wamid.HBgMOTE5NDczMTgxOTU4FQIAERgSRThERDQyQTkwNDNDNTZEM0NFAA==: sent -> delivered
[INFO] 2025-09-18 10:12:27,565 tasks Webhook 161 processed using orders.webhook_processor.process_order_webhook_status
[INFO] 2025-09-18 10:12:28,675 webhook_handler Received webhook: {
  "object": "whatsapp_business_account",
  "entry": [
    {
      "id": "114374441730441",
      "changes": [
        {
          "value": {
            "messaging_product": "whatsapp",
            "metadata": {
              "display_phone_number": "917996002222",
              "phone_number_id": "114392571729051"
            },
            "statuses": [
              {
                "id": "wamid.HBgMOTE5NTc3NjI1MTIxFQIAERgSREZERjEzMDJCNDQ0NTU3QTdCAA==",
                "status": "sent",
                "timestamp": "1758190347",
                "recipient_id": "919577625121",
                "conversation": {
                  "id": "64a7b5bbd7f14c15047acfce864da65b",
                  "expiration_timestamp": "1758190347",
                  "origin": {
                    "type": "marketing"
                  }
                },
                "pricing": {
                  "billable": true,
                  "pricing_model": "PMP",
                  "category": "marketing",
                  "type": "regular"
                }
              }
            ]
          },
          "field": "messages"
        }
      ]
    }
  ]
}
[INFO] 2025-09-18 10:12:28,688 basehttp "POST /api/webhook/whatsapp/ HTTP/1.1" 200 22
[INFO] 2025-09-18 10:12:28,884 webhook_processor Processing order status update: wamid.HBgMOTE5NTc3NjI1MTIxFQIAERgSREZERjEzMDJCNDQ0NTU3QTdCAA== -> sent
[INFO] 2025-09-18 10:12:28,897 webhook_processor Webhook 'sent' received for order wamid.HBgMOTE5NTc3NjI1MTIxFQIAERgSREZERjEzMDJCNDQ0NTU3QTdCAA== - already handled on API success
[INFO] 2025-09-18 10:12:29,034 webhook_processor Updated order wamid.HBgMOTE5NTc3NjI1MTIxFQIAERgSREZERjEzMDJCNDQ0NTU3QTdCAA==: sent -> sent
[INFO] 2025-09-18 10:12:29,210 tasks Webhook 162 processed using orders.webhook_processor.process_order_webhook_status
[INFO] 2025-09-18 10:12:34,100 webhook_handler Received webhook: {
  "object": "whatsapp_business_account",
  "entry": [
    {
      "id": "114374441730441",
      "changes": [
        {
          "value": {
            "messaging_product": "whatsapp",
            "metadata": {
              "display_phone_number": "917996002222",
              "phone_number_id": "114392571729051"
            },
            "statuses": [
              {
                "id": "wamid.HBgMOTE5NTc3NjI1MTIxFQIAERgSREZERjEzMDJCNDQ0NTU3QTdCAA==",
                "status": "delivered",
                "timestamp": "1758190352",
                "recipient_id": "919577625121",
                "conversation": {
                  "id": "64a7b5bbd7f14c15047acfce864da65b",
                  "origin": {
                    "type": "marketing"
                  }
                },
                "pricing": {
                  "billable": true,
                  "pricing_model": "PMP",
                  "category": "marketing",
                  "type": "regular"
                }
              }
            ]
          },
          "field": "messages"
        }
      ]
    }
  ]
}
[INFO] 2025-09-18 10:12:34,105 basehttp "POST /api/webhook/whatsapp/ HTTP/1.1" 200 22
[INFO] 2025-09-18 10:12:34,292 webhook_processor Processing order status update: wamid.HBgMOTE5NTc3NjI1MTIxFQIAERgSREZERjEzMDJCNDQ0NTU3QTdCAA== -> delivered
[INFO] 2025-09-18 10:12:34,301 webhook_processor Order wamid.HBgMOTE5NTc3NjI1MTIxFQIAERgSREZERjEzMDJCNDQ0NTU3QTdCAA== marked as delivered
[INFO] 2025-09-18 10:12:34,435 webhook_processor Updated order wamid.HBgMOTE5NTc3NjI1MTIxFQIAERgSREZERjEzMDJCNDQ0NTU3QTdCAA==: sent -> delivered
[INFO] 2025-09-18 10:12:34,636 tasks Webhook 163 processed using orders.webhook_processor.process_order_webhook_status
[INFO] 2025-09-18 10:12:37,982 webhook_handler Received webhook: {
  "object": "whatsapp_business_account",
  "entry": [
    {
      "id": "114374441730441",
      "changes": [
        {
          "value": {
            "messaging_product": "whatsapp",
            "metadata": {
              "display_phone_number": "917996002222",
              "phone_number_id": "114392571729051"
            },
            "statuses": [
              {
                "id": "wamid.HBgMOTE5NDczMTgxOTU4FQIAERgSRThERDQyQTkwNDNDNTZEM0NFAA==",
                "status": "read",
                "timestamp": "1758190357",
                "recipient_id": "919473181958"
              }
            ]
          },
          "field": "messages"
        }
      ]
    }
  ]
}
[INFO] 2025-09-18 10:12:37,987 basehttp "POST /api/webhook/whatsapp/ HTTP/1.1" 200 22
[INFO] 2025-09-18 10:12:38,308 webhook_processor Processing order status update: wamid.HBgMOTE5NDczMTgxOTU4FQIAERgSRThERDQyQTkwNDNDNTZEM0NFAA== -> read
[INFO] 2025-09-18 10:12:38,313 webhook_processor Order wamid.HBgMOTE5NDczMTgxOTU4FQIAERgSRThERDQyQTkwNDNDNTZEM0NFAA== marked as read
[INFO] 2025-09-18 10:12:38,417 webhook_processor Updated order wamid.HBgMOTE5NDczMTgxOTU4FQIAERgSRThERDQyQTkwNDNDNTZEM0NFAA==: delivered -> read
[INFO] 2025-09-18 10:12:39,385 tasks Webhook 164 processed using orders.webhook_processor.process_order_webhook_status
[INFO] 2025-09-18 10:12:58,850 webhook_handler Received webhook: {
  "object": "whatsapp_business_account",
  "entry": [
    {
      "id": "114374441730441",
      "changes": [
        {
          "value": {
            "messaging_product": "whatsapp",
            "metadata": {
              "display_phone_number": "917996002222",
              "phone_number_id": "114392571729051"
            },
            "statuses": [
              {
                "id": "wamid.HBgMOTE5NDczMTgxOTU4FQIAEhgKMzU3OTM0MjQxOAA=",
                "status": "captured",
                "timestamp": "1758190375",
                "recipient_id": "919473181958",
                "type": "payment",
                "payment": {
                  "reference_id": "2025091800008",
                  "amount": {
                    "value": 400,
                    "offset": 100
                  },
                  "currency": "INR",
                  "transaction": {
                    "id": "order_RJ1kUOp5hLXv7D",
                    "pg_transaction_id": "pay_RJ1kVPsDj3nLtZ",
                    "type": "razorpay",
                    "status": "success",
                    "created_timestamp": 1758190374,
                    "updated_timestamp": 1758190374,
                    "amount": {
                      "value": 400,
                      "offset": 100
                    },
                    "currency": "INR",
                    "method": {
                      "type": "upi"
                    }
                  }
                }
              }
            ]
          },
          "field": "messages"
        }
      ]
    }
  ]
}
[INFO] 2025-09-18 10:12:58,869 basehttp "POST /api/webhook/whatsapp/ HTTP/1.1" 200 22
[INFO] 2025-09-18 10:12:59,519 webhook_processor Processing payment webhook...
[INFO] 2025-09-18 10:12:59,519 webhook_processor Processing payment webhook: reference_id=2025091800008, status=captured
[INFO] 2025-09-18 10:12:59,529 webhook_processor Payment captured for order 2025091800008: ₹4.0
[INFO] 2025-09-18 10:12:59,645 whatsapp_service WhatsApp client initialized successfully
[INFO] 2025-09-18 10:12:59,646 webhook_processor 🚀 Triggering payment success message for order 2025091800008
[INFO] 2025-09-18 10:12:59,646 whatsapp_service Sending payment success message for order 2025091800008 to 919473181958
[INFO] 2025-09-18 10:12:59,647 whatsapp_service Payment success template variables: Order=2025091800008, Amount=₹4.00, Method=UPI, TxnID=pay_RJ1kVPsDj3nLtZ
[INFO] 2025-09-18 10:12:59,647 whatsapp_360_client Sending WhatsApp message to 919473181958
[ERROR] 2025-09-18 10:13:00,657 whatsapp_360_client Failed to send message: 404 - {"error":{"message":"(#132001) Template name does not exist in the translation","type":"OAuthException","code":132001,"error_data":{"messaging_product":"whatsapp","details":"template name (payment_success_confirmation) does not exist in en"},"fbtrace_id":"AElLJBOWe-RrRBATQmwy6w7"}}
[WARNING] 2025-09-18 10:13:00,658 whatsapp_service ❌ Payment success message for order 2025091800008 failed: {'success': False, 'error': '{"error":{"message":"(#132001) Template name does not exist in the translation","type":"OAuthException","code":132001,"error_data":{"messaging_product":"whatsapp","details":"template name (payment_success_confirmation) does not exist in en"},"fbtrace_id":"AElLJBOWe-RrRBATQmwy6w7"}}', 'status_code': 404}
[WARNING] 2025-09-18 10:13:00,795 webhook_processor ❌ Failed to send payment success message for order 2025091800008: {'success': False, 'error': '{"error":{"message":"(#132001) Template name does not exist in the translation","type":"OAuthException","code":132001,"error_data":{"messaging_product":"whatsapp","details":"template name (payment_success_confirmation) does not exist in en"},"fbtrace_id":"AElLJBOWe-RrRBATQmwy6w7"}}', 'status_code': 404}
[INFO] 2025-09-18 10:13:00,796 webhook_processor Updated payment for order 2025091800008: pending -> completed
[INFO] 2025-09-18 10:13:00,797 webhook_processor Payment details: method=upi, amount=₹4.0, razorpay_payment_id=pay_RJ1kVPsDj3nLtZ
[INFO] 2025-09-18 10:13:01,071 tasks Webhook 165 processed using orders.webhook_processor.process_payment_webhook
[INFO] 2025-09-18 10:13:02,924 basehttp "GET /api/orders/validated-files/ HTTP/1.1" 200 242
[INFO] 2025-09-18 10:13:03,617 basehttp "GET /api/orders/orders/ HTTP/1.1" 200 916
[INFO] 2025-09-18 10:13:31,112 basehttp "GET /api/orders/validated-files/ HTTP/1.1" 200 242
[INFO] 2025-09-18 10:13:31,763 basehttp "GET /api/orders/orders/ HTTP/1.1" 200 916
[INFO] 2025-09-18 10:13:32,485 basehttp "GET /api/orders/validated-files/ HTTP/1.1" 200 242
[INFO] 2025-09-18 10:13:33,120 basehttp "GET /api/orders/orders/ HTTP/1.1" 200 916
[INFO] 2025-09-18 10:14:20,760 basehttp "GET /api/orders/validated-files/ HTTP/1.1" 200 242
[INFO] 2025-09-18 10:14:21,428 basehttp "GET /api/orders/orders/ HTTP/1.1" 200 916
[INFO] 2025-09-18 10:14:22,152 basehttp "GET /api/orders/validated-files/ HTTP/1.1" 200 242
[INFO] 2025-09-18 10:14:22,939 basehttp "GET /api/orders/orders/ HTTP/1.1" 200 916
[INFO] 2025-09-18 10:14:44,518 basehttp "GET /api/orders/validated-files/ HTTP/1.1" 200 242
[INFO] 2025-09-18 10:14:45,175 basehttp "GET /api/orders/orders/ HTTP/1.1" 200 916
[INFO] 2025-09-18 10:14:45,919 basehttp "GET /api/orders/validated-files/ HTTP/1.1" 200 242
[INFO] 2025-09-18 10:14:46,574 basehttp "GET /api/orders/orders/ HTTP/1.1" 200 916
[INFO] 2025-09-18 10:14:56,669 basehttp "GET /api/orders/analytics/ HTTP/1.1" 200 1249
[INFO] 2025-09-18 10:15:06,705 webhook_handler Received webhook: {
  "object": "whatsapp_business_account",
  "entry": [
    {
      "id": "114374441730441",
      "changes": [
        {
          "value": {
            "messaging_product": "whatsapp",
            "metadata": {
              "display_phone_number": "917996002222",
              "phone_number_id": "114392571729051"
            },
            "statuses": [
              {
                "id": "wamid.HBgMOTE5NTc3NjI1MTIxFQIAERgSREZERjEzMDJCNDQ0NTU3QTdCAA==",
                "status": "read",
                "timestamp": "1758190505",
                "recipient_id": "919577625121"
              }
            ]
          },
          "field": "messages"
        }
      ]
    }
  ]
}
[INFO] 2025-09-18 10:15:06,721 basehttp "POST /api/webhook/whatsapp/ HTTP/1.1" 200 22
[INFO] 2025-09-18 10:15:07,381 webhook_processor Processing order status update: wamid.HBgMOTE5NTc3NjI1MTIxFQIAERgSREZERjEzMDJCNDQ0NTU3QTdCAA== -> read
[INFO] 2025-09-18 10:15:07,391 webhook_processor Order wamid.HBgMOTE5NTc3NjI1MTIxFQIAERgSREZERjEzMDJCNDQ0NTU3QTdCAA== marked as read
[INFO] 2025-09-18 10:15:07,585 webhook_processor Updated order wamid.HBgMOTE5NTc3NjI1MTIxFQIAERgSREZERjEzMDJCNDQ0NTU3QTdCAA==: delivered -> read
[INFO] 2025-09-18 10:15:07,783 tasks Webhook 166 processed using orders.webhook_processor.process_order_webhook_status
[INFO] 2025-09-18 10:15:23,907 basehttp "GET /api/orders/analytics/ HTTP/1.1" 200 1244
[INFO] 2025-09-18 10:15:24,675 basehttp "GET /api/orders/analytics/ HTTP/1.1" 200 1244
[INFO] 2025-09-18 10:16:13,328 webhook_handler Received webhook: {
  "object": "whatsapp_business_account",
  "entry": [
    {
      "id": "114374441730441",
      "changes": [
        {
          "value": {
            "messaging_product": "whatsapp",
            "metadata": {
              "display_phone_number": "917996002222",
              "phone_number_id": "114392571729051"
            },
            "statuses": [
              {
                "id": "wamid.HBgMOTE5NTc3NjI1MTIxFQIAEhgJMTU4NDI3NjczAA==",
                "status": "captured",
                "timestamp": "1758190569",
                "recipient_id": "919577625121",
                "type": "payment",
                "payment": {
                  "reference_id": "2025091800009",
                  "amount": {
                    "value": 200,
                    "offset": 100
                  },
                  "currency": "INR",
                  "transaction": {
                    "id": "order_RJ1nU4PiGzIGbe",
                    "pg_transaction_id": "pay_RJ1nV5f43fhMeB",
                    "type": "razorpay",
                    "status": "success",
                    "created_timestamp": 1758190568,
                    "updated_timestamp": 1758190568,
                    "amount": {
                      "value": 200,
                      "offset": 100
                    },
                    "currency": "INR",
                    "method": {
                      "type": "upi"
                    }
                  }
                }
              }
            ]
          },
          "field": "messages"
        }
      ]
    }
  ]
}
[INFO] 2025-09-18 10:16:13,365 basehttp "POST /api/webhook/whatsapp/ HTTP/1.1" 200 22
[INFO] 2025-09-18 10:16:13,569 webhook_processor Processing payment webhook...
[INFO] 2025-09-18 10:16:13,570 webhook_processor Processing payment webhook: reference_id=2025091800009, status=captured
[INFO] 2025-09-18 10:16:13,582 webhook_processor Payment captured for order 2025091800009: ₹2.0
[INFO] 2025-09-18 10:16:13,719 whatsapp_service WhatsApp client initialized successfully
[INFO] 2025-09-18 10:16:13,720 webhook_processor 🚀 Triggering payment success message for order 2025091800009
[INFO] 2025-09-18 10:16:13,720 whatsapp_service Sending payment success message for order 2025091800009 to 919577625121
[INFO] 2025-09-18 10:16:13,720 whatsapp_service Payment success template variables: Order=2025091800009, Amount=₹2.00, Method=UPI, TxnID=pay_RJ1nV5f43fhMeB
[INFO] 2025-09-18 10:16:13,720 whatsapp_360_client Sending WhatsApp message to 919577625121
[ERROR] 2025-09-18 10:16:14,955 whatsapp_360_client Failed to send message: 404 - {"error":{"message":"(#132001) Template name does not exist in the translation","type":"OAuthException","code":132001,"error_data":{"messaging_product":"whatsapp","details":"template name (payment_success_confirmation) does not exist in en"},"fbtrace_id":"A3KLtBVyMUSTQvDXRiOgH0w"}}
[WARNING] 2025-09-18 10:16:14,955 whatsapp_service ❌ Payment success message for order 2025091800009 failed: {'success': False, 'error': '{"error":{"message":"(#132001) Template name does not exist in the translation","type":"OAuthException","code":132001,"error_data":{"messaging_product":"whatsapp","details":"template name (payment_success_confirmation) does not exist in en"},"fbtrace_id":"A3KLtBVyMUSTQvDXRiOgH0w"}}', 'status_code': 404}
[WARNING] 2025-09-18 10:16:15,088 webhook_processor ❌ Failed to send payment success message for order 2025091800009: {'success': False, 'error': '{"error":{"message":"(#132001) Template name does not exist in the translation","type":"OAuthException","code":132001,"error_data":{"messaging_product":"whatsapp","details":"template name (payment_success_confirmation) does not exist in en"},"fbtrace_id":"A3KLtBVyMUSTQvDXRiOgH0w"}}', 'status_code': 404}
[INFO] 2025-09-18 10:16:15,089 webhook_processor Updated payment for order 2025091800009: pending -> completed
[INFO] 2025-09-18 10:16:15,089 webhook_processor Payment details: method=upi, amount=₹2.0, razorpay_payment_id=pay_RJ1nV5f43fhMeB
[INFO] 2025-09-18 10:16:15,339 tasks Webhook 167 processed using orders.webhook_processor.process_payment_webhook
[INFO] 2025-09-18 10:16:20,752 basehttp "GET /api/orders/analytics/ HTTP/1.1" 200 1246
[INFO] 2025-09-18 10:16:21,552 basehttp "GET /api/orders/analytics/ HTTP/1.1" 200 1246
[INFO] 2025-09-18 10:17:02,022 basehttp "GET /api/orders/stats/ HTTP/1.1" 200 161
[INFO] 2025-09-18 10:18:56,000 views User logged in: fp_admin
[INFO] 2025-09-18 10:18:56,232 basehttp "POST /api/auth/login/ HTTP/1.1" 200 332
[INFO] 2025-09-18 10:18:56,975 basehttp "GET /api/stats/ HTTP/1.1" 200 193
[INFO] 2025-09-18 10:21:50,747 views User logged in: Sohan
[INFO] 2025-09-18 10:21:50,882 basehttp "POST /api/auth/login/ HTTP/1.1" 200 316
[INFO] 2025-09-18 10:21:51,566 basehttp "GET /api/orders/stats/ HTTP/1.1" 200 164
[INFO] 2025-09-18 10:21:54,742 basehttp "GET /api/orders/validated-files/ HTTP/1.1" 200 1364
[INFO] 2025-09-18 10:21:55,424 basehttp "GET /api/orders/orders/ HTTP/1.1" 200 3909
[INFO] 2025-09-18 10:34:25,915 views User logged out: 
[INFO] 2025-09-18 10:34:25,917 basehttp "POST /api/auth/logout/ HTTP/1.1" 200 46
[INFO] 2025-09-18 10:35:45,006 views User logged in: fp_admin
[INFO] 2025-09-18 10:35:45,249 basehttp "POST /api/auth/login/ HTTP/1.1" 200 332
[INFO] 2025-09-18 10:35:45,998 basehttp "GET /api/stats/ HTTP/1.1" 200 193
[INFO] 2025-09-18 10:36:04,747 basehttp "POST /api/validate-file/ HTTP/1.1" 200 218
[INFO] 2025-09-18 10:36:33,665 basehttp "POST /api/validate-file/ HTTP/1.1" 200 218
[INFO] 2025-09-18 10:36:51,574 basehttp "GET /api/campaigns/?page=1 HTTP/1.1" 200 52
[INFO] 2025-09-18 10:36:54,880 basehttp "GET /api/campaigns/?page=1 HTTP/1.1" 200 52
[INFO] 2025-09-18 10:37:05,176 basehttp "POST /api/validate-file/ HTTP/1.1" 200 218
[INFO] 2025-09-18 10:37:50,104 views User logged out: 
[INFO] 2025-09-18 10:37:50,106 basehttp "POST /api/auth/logout/ HTTP/1.1" 200 46
[INFO] 2025-09-18 10:38:32,534 views User logged in: fp_admin
[INFO] 2025-09-18 10:38:32,666 basehttp "POST /api/auth/login/ HTTP/1.1" 200 332
[INFO] 2025-09-18 10:38:33,416 basehttp "GET /api/stats/ HTTP/1.1" 200 193
[INFO] 2025-09-18 10:39:00,237 basehttp "POST /api/validate-file/ HTTP/1.1" 200 218
[INFO] 2025-09-18 10:39:52,748 views Campaign created: 28, processing file: 28
[INFO] 2025-09-18 10:39:52,763 basehttp "POST /api/campaigns/ HTTP/1.1" 201 691
[INFO] 2025-09-18 10:39:53,004 tasks Processing file: target-audience.csv
[INFO] 2025-09-18 10:39:53,736 tasks File processed: 3 valid, 0 invalid rows
[INFO] 2025-09-18 10:40:01,390 basehttp "GET /api/campaigns/?page=1 HTTP/1.1" 200 286
[INFO] 2025-09-18 10:40:02,097 basehttp "GET /api/campaigns/28/ HTTP/1.1" 200 1334
[INFO] 2025-09-18 10:40:02,766 basehttp "GET /api/campaigns/28/statistics/ HTTP/1.1" 200 339
[INFO] 2025-09-18 10:40:03,418 basehttp "GET /api/campaigns/28/messages/ HTTP/1.1" 200 726
[INFO] 2025-09-18 10:40:17,812 basehttp "GET /api/campaigns/?page=1 HTTP/1.1" 200 286
[INFO] 2025-09-18 10:40:18,515 basehttp "GET /api/campaigns/28/ HTTP/1.1" 200 1334
[INFO] 2025-09-18 10:40:19,188 basehttp "GET /api/campaigns/28/statistics/ HTTP/1.1" 200 339
[INFO] 2025-09-18 10:40:19,977 views Campaign started: 28
[INFO] 2025-09-18 10:40:20,009 basehttp "POST /api/campaigns/28/start/ HTTP/1.1" 200 1395
[INFO] 2025-09-18 10:40:20,026 tasks Starting campaign: 28
[INFO] 2025-09-18 10:40:20,034 tasks Found 3 messages to send
[INFO] 2025-09-18 10:40:20,119 tasks Scheduled message 61 with 0s delay
[INFO] 2025-09-18 10:40:20,121 tasks Scheduled message 62 with 2s delay
[INFO] 2025-09-18 10:40:20,123 tasks Scheduled message 63 with 4s delay
[INFO] 2025-09-18 10:40:20,125 tasks Scheduled completion check in 36s
[INFO] 2025-09-18 10:40:21,682 basehttp "GET /api/campaigns/?page=1 HTTP/1.1" 200 286
[INFO] 2025-09-18 10:40:21,930 tasks Sending message to +919731436845
[INFO] 2025-09-18 10:40:21,933 whatsapp_360_client Sending WhatsApp message to 919731436845 using template sample_template_1
[INFO] 2025-09-18 10:40:22,344 basehttp "GET /api/campaigns/28/ HTTP/1.1" 200 1360
[INFO] 2025-09-18 10:40:22,986 basehttp "GET /api/campaigns/28/statistics/ HTTP/1.1" 200 395
[INFO] 2025-09-18 10:40:23,305 tasks Sending message to +919445392454
[INFO] 2025-09-18 10:40:23,308 whatsapp_360_client Sending WhatsApp message to 919445392454 using template sample_template_1
[INFO] 2025-09-18 10:40:23,633 basehttp "GET /api/campaigns/28/messages/ HTTP/1.1" 200 728
[INFO] 2025-09-18 10:40:23,780 whatsapp_360_client Message sent successfully. Message ID: wamid.HBgMOTE5NzMxNDM2ODQ1FQIAERgSRTgzRkY3MjVGRjlBRTA2QjFGAA==
[INFO] 2025-09-18 10:40:23,990 tasks Message sent successfully to +919731436845, Message ID: wamid.HBgMOTE5NzMxNDM2ODQ1FQIAERgSRTgzRkY3MjVGRjlBRTA2QjFGAA==
[INFO] 2025-09-18 10:40:24,227 tasks Campaign 28 still has 2 pending messages
[INFO] 2025-09-18 10:40:24,976 webhook_handler Received webhook: {
  "object": "whatsapp_business_account",
  "entry": [
    {
      "id": "114374441730441",
      "changes": [
        {
          "value": {
            "messaging_product": "whatsapp",
            "metadata": {
              "display_phone_number": "917996002222",
              "phone_number_id": "114392571729051"
            },
            "statuses": [
              {
                "id": "wamid.HBgMOTE5NzMxNDM2ODQ1FQIAERgSRTgzRkY3MjVGRjlBRTA2QjFGAA==",
                "status": "failed",
                "timestamp": "1758192023",
                "recipient_id": "919731436845",
                "errors": [
                  {
                    "code": 131049,
                    "title": "This message was not delivered to maintain healthy ecosystem engagement.",
                    "message": "This message was not delivered to maintain healthy ecosystem engagement.",
                    "error_data": {
                      "details": "In order to maintain a healthy ecosystem engagement, the message failed to be delivered."
                    },
                    "href": "https://developers.facebook.com/docs/whatsapp/cloud-api/support/error-codes/"
                  }
                ]
              }
            ]
          },
          "field": "messages"
        }
      ]
    }
  ]
}
[INFO] 2025-09-18 10:40:25,004 basehttp "POST /api/webhook/whatsapp/ HTTP/1.1" 200 22
[INFO] 2025-09-18 10:40:25,163 webhook_processor Processing status update: wamid.HBgMOTE5NzMxNDM2ODQ1FQIAERgSRTgzRkY3MjVGRjlBRTA2QjFGAA== -> failed
[INFO] 2025-09-18 10:40:25,195 whatsapp_360_client Message sent successfully. Message ID: wamid.HBgMOTE5NDQ1MzkyNDU0FQIAERgSNzcyOUE0QzU4QUUwMTc1MUM3AA==
[INFO] 2025-09-18 10:40:25,479 tasks Sending message to +919473181958
[INFO] 2025-09-18 10:40:25,487 whatsapp_360_client Sending WhatsApp message to 919473181958 using template sample_template_1
[INFO] 2025-09-18 10:40:25,591 webhook_processor Updated campaign message wamid.HBgMOTE5NzMxNDM2ODQ1FQIAERgSRTgzRkY3MjVGRjlBRTA2QjFGAA==: sent -> failed
[INFO] 2025-09-18 10:40:25,597 tasks Campaign 28 still has 1 pending messages
[INFO] 2025-09-18 10:40:25,720 tasks Message sent successfully to +919445392454, Message ID: wamid.HBgMOTE5NDQ1MzkyNDU0FQIAERgSNzcyOUE0QzU4QUUwMTc1MUM3AA==
[INFO] 2025-09-18 10:40:25,738 tasks Webhook 168 processed using campaigns.webhook_processor.process_360dialog_webhook
[INFO] 2025-09-18 10:40:26,007 tasks Campaign 28 still has 1 pending messages
[INFO] 2025-09-18 10:40:26,832 whatsapp_360_client Message sent successfully. Message ID: wamid.HBgMOTE5NDczMTgxOTU4FQIAERgSNjY2MjBCMDZGMjU3MTU3QkQ5AA==
[INFO] 2025-09-18 10:40:27,005 tasks Message sent successfully to +919473181958, Message ID: wamid.HBgMOTE5NDczMTgxOTU4FQIAERgSNjY2MjBCMDZGMjU3MTU3QkQ5AA==
[INFO] 2025-09-18 10:40:27,306 webhook_handler Received webhook: {
  "object": "whatsapp_business_account",
  "entry": [
    {
      "id": "114374441730441",
      "changes": [
        {
          "value": {
            "messaging_product": "whatsapp",
            "metadata": {
              "display_phone_number": "917996002222",
              "phone_number_id": "114392571729051"
            },
            "statuses": [
              {
                "id": "wamid.HBgMOTE5NDQ1MzkyNDU0FQIAERgSNzcyOUE0QzU4QUUwMTc1MUM3AA==",
                "status": "sent",
                "timestamp": "1758192025",
                "recipient_id": "919445392454",
                "conversation": {
                  "id": "aea6beb54cca448f97d967f7bdd1793a",
                  "expiration_timestamp": "1758192025",
                  "origin": {
                    "type": "marketing"
                  }
                },
                "pricing": {
                  "billable": true,
                  "pricing_model": "PMP",
                  "category": "marketing",
                  "type": "regular"
                }
              }
            ]
          },
          "field": "messages"
        }
      ]
    }
  ]
}
[INFO] 2025-09-18 10:40:27,315 basehttp "POST /api/webhook/whatsapp/ HTTP/1.1" 200 22
[INFO] 2025-09-18 10:40:27,398 tasks Campaign 28 marked as completed - all messages sent
[INFO] 2025-09-18 10:40:27,452 webhook_handler Received webhook: {
  "object": "whatsapp_business_account",
  "entry": [
    {
      "id": "114374441730441",
      "changes": [
        {
          "value": {
            "messaging_product": "whatsapp",
            "metadata": {
              "display_phone_number": "917996002222",
              "phone_number_id": "114392571729051"
            },
            "statuses": [
              {
                "id": "wamid.HBgMOTE5NDQ1MzkyNDU0FQIAERgSNzcyOUE0QzU4QUUwMTc1MUM3AA==",
                "status": "delivered",
                "timestamp": "1758192026",
                "recipient_id": "919445392454",
                "conversation": {
                  "id": "aea6beb54cca448f97d967f7bdd1793a",
                  "origin": {
                    "type": "marketing"
                  }
                },
                "pricing": {
                  "billable": true,
                  "pricing_model": "PMP",
                  "category": "marketing",
                  "type": "regular"
                }
              }
            ]
          },
          "field": "messages"
        }
      ]
    }
  ]
}
[INFO] 2025-09-18 10:40:27,467 webhook_processor Processing status update: wamid.HBgMOTE5NDQ1MzkyNDU0FQIAERgSNzcyOUE0QzU4QUUwMTc1MUM3AA== -> sent
[INFO] 2025-09-18 10:40:27,478 webhook_processor Webhook 'sent' received for message wamid.HBgMOTE5NDQ1MzkyNDU0FQIAERgSNzcyOUE0QzU4QUUwMTc1MUM3AA== - already handled on API success
[INFO] 2025-09-18 10:40:27,496 webhook_processor Updated campaign message wamid.HBgMOTE5NDQ1MzkyNDU0FQIAERgSNzcyOUE0QzU4QUUwMTc1MUM3AA==: sent -> sent
[INFO] 2025-09-18 10:40:27,514 basehttp "POST /api/webhook/whatsapp/ HTTP/1.1" 200 22
[INFO] 2025-09-18 10:40:27,632 tasks Webhook 169 processed using campaigns.webhook_processor.process_360dialog_webhook
[INFO] 2025-09-18 10:40:27,688 webhook_processor Processing status update: wamid.HBgMOTE5NDQ1MzkyNDU0FQIAERgSNzcyOUE0QzU4QUUwMTc1MUM3AA== -> delivered
[INFO] 2025-09-18 10:40:27,858 webhook_processor Message delivered to +919445392454, triggering next message
[INFO] 2025-09-18 10:40:28,009 webhook_processor Updated campaign message wamid.HBgMOTE5NDQ1MzkyNDU0FQIAERgSNzcyOUE0QzU4QUUwMTc1MUM3AA==: sent -> delivered
[INFO] 2025-09-18 10:40:28,065 tasks Campaign 28 is not running, status: completed
[INFO] 2025-09-18 10:40:28,209 tasks Webhook 170 processed using campaigns.webhook_processor.process_360dialog_webhook
[INFO] 2025-09-18 10:40:28,262 webhook_handler Received webhook: {
  "object": "whatsapp_business_account",
  "entry": [
    {
      "id": "114374441730441",
      "changes": [
        {
          "value": {
            "messaging_product": "whatsapp",
            "metadata": {
              "display_phone_number": "917996002222",
              "phone_number_id": "114392571729051"
            },
            "statuses": [
              {
                "id": "wamid.HBgMOTE5NDczMTgxOTU4FQIAERgSNjY2MjBCMDZGMjU3MTU3QkQ5AA==",
                "status": "sent",
                "timestamp": "1758192027",
                "recipient_id": "919473181958",
                "conversation": {
                  "id": "00e095b03fedbf14ceec8659646f69b3",
                  "expiration_timestamp": "1758192027",
                  "origin": {
                    "type": "marketing"
                  }
                },
                "pricing": {
                  "billable": true,
                  "pricing_model": "PMP",
                  "category": "marketing",
                  "type": "regular"
                }
              }
            ]
          },
          "field": "messages"
        }
      ]
    }
  ]
}
[INFO] 2025-09-18 10:40:28,268 basehttp "POST /api/webhook/whatsapp/ HTTP/1.1" 200 22
[INFO] 2025-09-18 10:40:28,464 webhook_processor Processing status update: wamid.HBgMOTE5NDczMTgxOTU4FQIAERgSNjY2MjBCMDZGMjU3MTU3QkQ5AA== -> sent
[INFO] 2025-09-18 10:40:28,467 webhook_processor Webhook 'sent' received for message wamid.HBgMOTE5NDczMTgxOTU4FQIAERgSNjY2MjBCMDZGMjU3MTU3QkQ5AA== - already handled on API success
[INFO] 2025-09-18 10:40:28,470 webhook_processor Updated campaign message wamid.HBgMOTE5NDczMTgxOTU4FQIAERgSNjY2MjBCMDZGMjU3MTU3QkQ5AA==: sent -> sent
[INFO] 2025-09-18 10:40:28,620 tasks Webhook 171 processed using campaigns.webhook_processor.process_360dialog_webhook
[INFO] 2025-09-18 10:40:29,121 webhook_handler Received webhook: {
  "object": "whatsapp_business_account",
  "entry": [
    {
      "id": "114374441730441",
      "changes": [
        {
          "value": {
            "messaging_product": "whatsapp",
            "metadata": {
              "display_phone_number": "917996002222",
              "phone_number_id": "114392571729051"
            },
            "statuses": [
              {
                "id": "wamid.HBgMOTE5NDczMTgxOTU4FQIAERgSNjY2MjBCMDZGMjU3MTU3QkQ5AA==",
                "status": "delivered",
                "timestamp": "1758192028",
                "recipient_id": "919473181958",
                "conversation": {
                  "id": "00e095b03fedbf14ceec8659646f69b3",
                  "origin": {
                    "type": "marketing"
                  }
                },
                "pricing": {
                  "billable": true,
                  "pricing_model": "PMP",
                  "category": "marketing",
                  "type": "regular"
                }
              }
            ]
          },
          "field": "messages"
        }
      ]
    }
  ]
}
[INFO] 2025-09-18 10:40:29,127 basehttp "POST /api/webhook/whatsapp/ HTTP/1.1" 200 22
[INFO] 2025-09-18 10:40:29,274 webhook_processor Processing status update: wamid.HBgMOTE5NDczMTgxOTU4FQIAERgSNjY2MjBCMDZGMjU3MTU3QkQ5AA== -> delivered
[INFO] 2025-09-18 10:40:29,447 webhook_processor Message delivered to +919473181958, triggering next message
[INFO] 2025-09-18 10:40:29,614 webhook_processor Updated campaign message wamid.HBgMOTE5NDczMTgxOTU4FQIAERgSNjY2MjBCMDZGMjU3MTU3QkQ5AA==: sent -> delivered
[INFO] 2025-09-18 10:40:29,672 tasks Campaign 28 is not running, status: completed
[INFO] 2025-09-18 10:40:29,816 tasks Webhook 172 processed using campaigns.webhook_processor.process_360dialog_webhook
[INFO] 2025-09-18 10:40:38,970 basehttp "GET /api/campaigns/?page=1 HTTP/1.1" 200 290
[INFO] 2025-09-18 10:40:39,666 basehttp "GET /api/campaigns/28/ HTTP/1.1" 200 1615
[INFO] 2025-09-18 10:40:40,319 basehttp "GET /api/campaigns/28/statistics/ HTTP/1.1" 200 431
[INFO] 2025-09-18 10:40:40,997 basehttp "GET /api/campaigns/28/messages/ HTTP/1.1" 200 941
[INFO] 2025-09-18 10:40:54,398 tasks Campaign 28 is not running, status: completed
[INFO] 2025-09-18 10:40:55,737 tasks Campaign 28 is not running, status: completed
[INFO] 2025-09-18 10:40:56,122 tasks Campaign 28 is not running, status: completed
[INFO] 2025-09-18 10:40:56,297 tasks Campaign 28 is not running, status: completed
[INFO] 2025-09-18 10:42:18,213 basehttp "GET /api/campaigns/?page=1 HTTP/1.1" 200 290
[INFO] 2025-09-18 10:42:18,903 basehttp "GET /api/campaigns/28/ HTTP/1.1" 200 1615
[INFO] 2025-09-18 10:42:19,572 basehttp "GET /api/campaigns/28/statistics/ HTTP/1.1" 200 431
[INFO] 2025-09-18 10:42:20,277 basehttp "GET /api/campaigns/?page=1 HTTP/1.1" 200 290
[INFO] 2025-09-18 10:42:20,974 basehttp "GET /api/campaigns/28/ HTTP/1.1" 200 1615
[INFO] 2025-09-18 10:42:21,603 basehttp "GET /api/campaigns/28/statistics/ HTTP/1.1" 200 431
[INFO] 2025-09-18 10:42:22,399 basehttp "GET /api/campaigns/28/messages/ HTTP/1.1" 200 941
[INFO] 2025-09-18 10:42:28,615 webhook_handler Received webhook: {
  "object": "whatsapp_business_account",
  "entry": [
    {
      "id": "114374441730441",
      "changes": [
        {
          "value": {
            "messaging_product": "whatsapp",
            "metadata": {
              "display_phone_number": "917996002222",
              "phone_number_id": "114392571729051"
            },
            "statuses": [
              {
                "id": "wamid.HBgMOTE5NDczMTgxOTU4FQIAERgSNjY2MjBCMDZGMjU3MTU3QkQ5AA==",
                "status": "read",
                "timestamp": "1758192147",
                "recipient_id": "919473181958"
              }
            ]
          },
          "field": "messages"
        }
      ]
    }
  ]
}
[INFO] 2025-09-18 10:42:28,635 basehttp "POST /api/webhook/whatsapp/ HTTP/1.1" 200 22
[INFO] 2025-09-18 10:42:28,769 webhook_processor Processing status update: wamid.HBgMOTE5NDczMTgxOTU4FQIAERgSNjY2MjBCMDZGMjU3MTU3QkQ5AA== -> read
[INFO] 2025-09-18 10:42:29,225 webhook_processor Updated campaign message wamid.HBgMOTE5NDczMTgxOTU4FQIAERgSNjY2MjBCMDZGMjU3MTU3QkQ5AA==: delivered -> read
[INFO] 2025-09-18 10:42:29,398 tasks Webhook 173 processed using campaigns.webhook_processor.process_360dialog_webhook
[INFO] 2025-09-18 10:42:34,941 basehttp "GET /api/campaigns/?page=1 HTTP/1.1" 200 290
[INFO] 2025-09-18 10:42:35,591 basehttp "GET /api/campaigns/28/ HTTP/1.1" 200 1635
[INFO] 2025-09-18 10:42:36,215 basehttp "GET /api/campaigns/28/statistics/ HTTP/1.1" 200 459
[INFO] 2025-09-18 10:42:36,930 basehttp "GET /api/campaigns/?page=1 HTTP/1.1" 200 290
[INFO] 2025-09-18 10:42:37,568 basehttp "GET /api/campaigns/28/ HTTP/1.1" 200 1635
[INFO] 2025-09-18 10:42:38,181 basehttp "GET /api/campaigns/28/statistics/ HTTP/1.1" 200 459
[INFO] 2025-09-18 10:42:38,877 basehttp "GET /api/campaigns/28/messages/ HTTP/1.1" 200 961
[INFO] 2025-09-18 10:44:03,725 basehttp "GET /api/campaigns/?page=1 HTTP/1.1" 200 290
[INFO] 2025-09-18 10:44:04,499 basehttp "GET /api/campaigns/28/ HTTP/1.1" 200 1635
[INFO] 2025-09-18 10:44:05,136 basehttp "GET /api/campaigns/28/statistics/ HTTP/1.1" 200 459
[INFO] 2025-09-18 10:44:05,919 basehttp "GET /api/campaigns/?page=1 HTTP/1.1" 200 290
[INFO] 2025-09-18 10:44:06,599 basehttp "GET /api/campaigns/28/ HTTP/1.1" 200 1635
[INFO] 2025-09-18 10:44:07,270 basehttp "GET /api/campaigns/28/statistics/ HTTP/1.1" 200 459
[INFO] 2025-09-18 10:44:07,943 basehttp "GET /api/campaigns/28/messages/ HTTP/1.1" 200 961
[INFO] 2025-09-18 10:44:13,458 basehttp "GET /api/campaigns/?page=1 HTTP/1.1" 200 290
[INFO] 2025-09-18 10:44:14,108 basehttp "GET /api/campaigns/28/ HTTP/1.1" 200 1635
[INFO] 2025-09-18 10:44:14,744 basehttp "GET /api/campaigns/28/statistics/ HTTP/1.1" 200 459
[INFO] 2025-09-18 10:44:15,424 basehttp "GET /api/campaigns/28/messages/ HTTP/1.1" 200 961
[INFO] 2025-09-18 10:44:16,354 basehttp "GET /api/campaigns/28/messages/ HTTP/1.1" 200 961
[INFO] 2025-09-18 10:44:19,146 basehttp "GET /api/campaigns/?page=1 HTTP/1.1" 200 290
[INFO] 2025-09-18 10:44:19,793 basehttp "GET /api/campaigns/28/ HTTP/1.1" 200 1635
[INFO] 2025-09-18 10:44:20,428 basehttp "GET /api/campaigns/28/statistics/ HTTP/1.1" 200 459
[INFO] 2025-09-18 10:44:21,076 basehttp "GET /api/campaigns/28/messages/ HTTP/1.1" 200 961
[INFO] 2025-09-18 10:46:12,930 basehttp "GET /api/stats/ HTTP/1.1" 200 208
[INFO] 2025-09-18 10:46:13,585 basehttp "GET /api/campaigns/?page=1 HTTP/1.1" 200 290
[INFO] 2025-09-18 10:46:17,720 webhook_handler Received webhook: {
  "object": "whatsapp_business_account",
  "entry": [
    {
      "id": "114374441730441",
      "changes": [
        {
          "value": {
            "messaging_product": "whatsapp",
            "metadata": {
              "display_phone_number": "917996002222",
              "phone_number_id": "114392571729051"
            },
            "statuses": [
              {
                "id": "wamid.HBgMOTE5NDQ1MzkyNDU0FQIAERgSNzcyOUE0QzU4QUUwMTc1MUM3AA==",
                "status": "read",
                "timestamp": "1758192376",
                "recipient_id": "919445392454"
              }
            ]
          },
          "field": "messages"
        }
      ]
    }
  ]
}
[INFO] 2025-09-18 10:46:17,742 basehttp "POST /api/webhook/whatsapp/ HTTP/1.1" 200 22
[INFO] 2025-09-18 10:46:18,249 webhook_processor Processing status update: wamid.HBgMOTE5NDQ1MzkyNDU0FQIAERgSNzcyOUE0QzU4QUUwMTc1MUM3AA== -> read
[INFO] 2025-09-18 10:46:18,630 webhook_processor Updated campaign message wamid.HBgMOTE5NDQ1MzkyNDU0FQIAERgSNzcyOUE0QzU4QUUwMTc1MUM3AA==: delivered -> read
[INFO] 2025-09-18 10:46:18,798 tasks Webhook 174 processed using campaigns.webhook_processor.process_360dialog_webhook
[INFO] 2025-09-18 10:46:34,551 basehttp "GET /api/campaigns/?page=1 HTTP/1.1" 200 290
[INFO] 2025-09-18 10:46:35,204 basehttp "GET /api/campaigns/28/ HTTP/1.1" 200 1655
[INFO] 2025-09-18 10:46:35,838 basehttp "GET /api/campaigns/28/statistics/ HTTP/1.1" 200 426
[INFO] 2025-09-18 10:46:36,523 basehttp "GET /api/campaigns/28/messages/ HTTP/1.1" 200 981
[INFO] 2025-09-18 10:46:40,471 basehttp "GET /api/campaigns/?page=1 HTTP/1.1" 200 290
[INFO] 2025-09-18 10:46:52,134 basehttp "GET /api/campaigns/?page=1 HTTP/1.1" 200 290
[INFO] 2025-09-18 10:46:57,547 basehttp "GET /api/campaigns/?page=1 HTTP/1.1" 200 290
[INFO] 2025-09-18 10:46:58,265 basehttp "GET /api/campaigns/?page=1 HTTP/1.1" 200 290
[INFO] 2025-09-18 10:47:13,639 basehttp "GET /api/campaigns/?page=1 HTTP/1.1" 200 290
[INFO] 2025-09-18 10:47:14,310 basehttp "GET /api/campaigns/28/messages/ HTTP/1.1" 200 981
[INFO] 2025-09-18 10:47:17,176 basehttp "GET /api/campaigns/?page=1 HTTP/1.1" 200 290
[INFO] 2025-09-18 10:47:48,461 basehttp "GET /api/stats/ HTTP/1.1" 200 208
[INFO] 2025-09-18 10:47:49,136 basehttp "GET /api/campaigns/?page=1 HTTP/1.1" 200 290
[INFO] 2025-09-18 10:47:52,661 views User logged out: 
[INFO] 2025-09-18 10:47:52,662 basehttp "POST /api/auth/logout/ HTTP/1.1" 200 46
[INFO] 2025-09-19 10:20:08,102 autoreload Watching for file changes with StatReloader
[INFO] 2025-09-19 10:22:15,281 views User logged in: fp_admin
[INFO] 2025-09-19 10:22:15,780 basehttp "POST /api/auth/login/ HTTP/1.1" 200 332
[INFO] 2025-09-19 10:22:17,383 basehttp "GET /api/orders/stats/ HTTP/1.1" 200 161
[INFO] 2025-09-19 10:22:26,957 basehttp "GET /api/orders/validated-files/ HTTP/1.1" 200 242
[INFO] 2025-09-19 10:22:27,614 basehttp "GET /api/orders/orders/ HTTP/1.1" 200 919
[INFO] 2025-09-19 10:22:33,351 basehttp "GET /api/orders/stats/ HTTP/1.1" 200 161
[INFO] 2025-09-19 10:22:52,529 basehttp "GET /api/orders/processed-files/ HTTP/1.1" 200 323
[INFO] 2025-09-19 10:22:56,048 basehttp "GET /api/orders/validated-files/ HTTP/1.1" 200 242
[WARNING] 2025-09-19 10:22:56,971 log Not Found: /apiorders/
[WARNING] 2025-09-19 10:22:56,972 basehttp "GET /apiorders/?validated_file=cfe664e6-be67-4ae5-89b7-f92d63dc2a58 HTTP/1.1" 404 2893
[INFO] 2025-09-19 10:22:58,887 basehttp "GET /api/orders/validated-files/ HTTP/1.1" 200 242
[INFO] 2025-09-19 10:22:59,547 basehttp "GET /api/orders/orders/ HTTP/1.1" 200 919
[INFO] 2025-09-19 10:23:17,367 basehttp "GET /api/orders/validated-files/ HTTP/1.1" 200 242
[WARNING] 2025-09-19 10:23:18,013 log Not Found: /apiorders/
[WARNING] 2025-09-19 10:23:18,013 basehttp "GET /apiorders/?validated_file=cfe664e6-be67-4ae5-89b7-f92d63dc2a58 HTTP/1.1" 404 2893
[INFO] 2025-09-19 10:23:18,823 basehttp "GET /api/orders/analytics/ HTTP/1.1" 200 1246
[INFO] 2025-09-19 10:23:21,507 basehttp "GET /api/orders/validated-files/ HTTP/1.1" 200 242
[WARNING] 2025-09-19 10:23:22,127 log Not Found: /apiorders/
[WARNING] 2025-09-19 10:23:22,128 basehttp "GET /apiorders/?validated_file=cfe664e6-be67-4ae5-89b7-f92d63dc2a58 HTTP/1.1" 404 2893
[INFO] 2025-09-19 10:23:24,217 basehttp "GET /api/orders/analytics/ HTTP/1.1" 200 1246
[INFO] 2025-09-19 10:24:15,746 views User logged in: fp_admin
[INFO] 2025-09-19 10:24:15,882 basehttp "POST /api/auth/login/ HTTP/1.1" 200 332
[INFO] 2025-09-19 10:24:16,564 basehttp "GET /api/stats/ HTTP/1.1" 200 208
[INFO] 2025-09-19 10:25:18,781 basehttp "GET /api/stats/ HTTP/1.1" 200 208
[INFO] 2025-09-19 10:25:19,513 basehttp "GET /api/campaigns/?page=1 HTTP/1.1" 200 290
[INFO] 2025-09-19 10:37:53,408 basehttp "GET /api/stats/ HTTP/1.1" 200 208
[INFO] 2025-09-19 10:37:54,039 basehttp "GET /api/campaigns/?page=1 HTTP/1.1" 200 290
[INFO] 2025-09-19 10:46:05,780 basehttp "GET /api/orders/stats/ HTTP/1.1" 200 161
[INFO] 2025-09-19 10:51:59,561 views User logged in: fp_admin
[INFO] 2025-09-19 10:51:59,705 basehttp "POST /api/auth/login/ HTTP/1.1" 200 332
[INFO] 2025-09-19 10:52:00,441 basehttp "GET /api/orders/stats/ HTTP/1.1" 200 161
[INFO] 2025-09-19 10:52:31,886 views Chat file uploaded: fp-group-chat.txt by user fp_admin
[INFO] 2025-09-19 10:52:31,891 basehttp "POST /api/orders/chatfiles/ HTTP/1.1" 201 361
[INFO] 2025-09-19 10:52:32,666 basehttp "POST /api/orders/chatfiles/4505b965-2f77-46fb-8f20-d5788658bba5/process/ HTTP/1.1" 200 101
[INFO] 2025-09-19 10:52:36,682 tasks Starting complete processing of chat file: fp-group-chat.txt
[INFO] 2025-09-19 10:52:36,685 tasks Step 1: Basic chat parsing...
[INFO] 2025-09-19 10:52:36,685 tasks Parsed 4 messages
[INFO] 2025-09-19 10:52:36,686 tasks Step 2: AI classification (this may take time due to rate limits)...
[INFO] 2025-09-19 10:52:43,214 tasks AI classification completed. Found 4 orders
[INFO] 2025-09-19 10:52:43,783 tasks Complete processing successful: fp-group-chat_processed.xlsx
[INFO] 2025-09-19 10:52:43,783 tasks Final stats: 4 messages, 4 orders
[INFO] 2025-09-19 10:52:48,341 basehttp "GET /api/orders/chatfiles/4505b965-2f77-46fb-8f20-d5788658bba5/ HTTP/1.1" 200 322
[INFO] 2025-09-19 10:52:49,098 basehttp "GET /api/orders/processed-files/ HTTP/1.1" 200 572
[INFO] 2025-09-19 10:52:58,615 basehttp "GET /api/orders/processed-files/ HTTP/1.1" 200 572
[INFO] 2025-09-19 10:53:14,924 basehttp "GET /api/orders/processed-files/ HTTP/1.1" 200 572
[INFO] 2025-09-19 10:53:15,726 views Downloaded processed file: fp-group-chat_processed.xlsx by user fp_admin
[INFO] 2025-09-19 10:53:15,727 basehttp "GET /api/orders/processed-files/995747c0-fd4a-4192-a405-95daaf4c6b6e/download/ HTTP/1.1" 200 5171
[INFO] 2025-09-19 10:53:20,621 basehttp "GET /api/orders/processed-files/ HTTP/1.1" 200 597
[INFO] 2025-09-19 10:56:00,230 basehttp "GET /api/orders/processed-files/ HTTP/1.1" 200 597
[INFO] 2025-09-19 10:56:14,591 basehttp "GET /api/orders/processed-files/ HTTP/1.1" 200 597
[INFO] 2025-09-19 10:57:09,311 basehttp "GET /api/orders/processed-files/ HTTP/1.1" 200 597
[INFO] 2025-09-19 10:57:10,174 views Validated file uploaded: fp-group-chat_validated.xlsx by user fp_admin
[INFO] 2025-09-19 10:57:10,176 basehttp "POST /api/orders/validated-files/ HTTP/1.1" 201 800
[INFO] 2025-09-19 10:57:12,966 basehttp "GET /api/orders/processed-files/ HTTP/1.1" 200 597
[INFO] 2025-09-19 10:57:14,293 basehttp "GET /api/orders/validated-files/ HTTP/1.1" 200 435
[WARNING] 2025-09-19 10:57:14,966 log Not Found: /apiorders/
[WARNING] 2025-09-19 10:57:14,967 basehttp "GET /apiorders/?validated_file=95539ce8-0adf-4918-89e0-f4a0ebd25371 HTTP/1.1" 404 2893
[INFO] 2025-09-19 10:58:24,199 basehttp "GET /api/orders/validated-files/ HTTP/1.1" 200 435
[WARNING] 2025-09-19 10:58:24,861 log Not Found: /apiorders/
[WARNING] 2025-09-19 10:58:24,863 basehttp "GET /apiorders/?validated_file=95539ce8-0adf-4918-89e0-f4a0ebd25371 HTTP/1.1" 404 2893
[INFO] 2025-09-19 10:58:25,512 utils Starting sync extraction from fp-group-chat_validated.xlsx
[INFO] 2025-09-19 10:58:25,977 utils Read 4 rows from fp-group-chat_validated.xlsx
[INFO] 2025-09-19 10:58:26,020 utils 🔍 Extracting Row 1:
[INFO] 2025-09-19 10:58:26,022 utils    Raw Phone/Name: '919731436845' (type: <class 'int'>)
[INFO] 2025-09-19 10:58:26,023 utils    Raw Items: 'Apples: 1' (type: <class 'str'>)
[INFO] 2025-09-19 10:58:26,024 utils    Raw Total_Amount: '5' (type: <class 'int'>)
[INFO] 2025-09-19 10:58:26,025 utils    Processed phone_number: '919731436845'
[INFO] 2025-09-19 10:58:26,026 utils    Processed order_items_str: 'Apples: 1'
[INFO] 2025-09-19 10:58:26,027 utils    Processed amount_str: '5'
[INFO] 2025-09-19 10:58:26,122 utils 🔍 Extracting Row 2:
[INFO] 2025-09-19 10:58:26,123 utils    Raw Phone/Name: '919473181958' (type: <class 'int'>)
[INFO] 2025-09-19 10:58:26,124 utils    Raw Items: 'Apples: 1, Pears: 1' (type: <class 'str'>)
[INFO] 2025-09-19 10:58:26,124 utils    Raw Total_Amount: '5+5=10' (type: <class 'str'>)
[INFO] 2025-09-19 10:58:26,125 utils    Processed phone_number: '919473181958'
[INFO] 2025-09-19 10:58:26,126 utils    Processed order_items_str: 'Apples: 1, Pears: 1'
[INFO] 2025-09-19 10:58:26,126 utils    Processed amount_str: '5+5=10'
[INFO] 2025-09-19 10:58:26,218 utils 🔍 Extracting Row 3:
[INFO] 2025-09-19 10:58:26,218 utils    Raw Phone/Name: '918586843474' (type: <class 'int'>)
[INFO] 2025-09-19 10:58:26,218 utils    Raw Items: 'Pears: 1' (type: <class 'str'>)
[INFO] 2025-09-19 10:58:26,218 utils    Raw Total_Amount: '5' (type: <class 'int'>)
[INFO] 2025-09-19 10:58:26,220 utils    Processed phone_number: '918586843474'
[INFO] 2025-09-19 10:58:26,220 utils    Processed order_items_str: 'Pears: 1'
[INFO] 2025-09-19 10:58:26,221 utils    Processed amount_str: '5'
[INFO] 2025-09-19 10:58:26,302 utils 🔍 Extracting Row 4:
[INFO] 2025-09-19 10:58:26,302 utils    Raw Phone/Name: '919731436845' (type: <class 'int'>)
[INFO] 2025-09-19 10:58:26,302 utils    Raw Items: 'Apples: 1' (type: <class 'str'>)
[INFO] 2025-09-19 10:58:26,302 utils    Raw Total_Amount: '5' (type: <class 'int'>)
[INFO] 2025-09-19 10:58:26,302 utils    Processed phone_number: '919731436845'
[INFO] 2025-09-19 10:58:26,302 utils    Processed order_items_str: 'Apples: 1'
[INFO] 2025-09-19 10:58:26,302 utils    Processed amount_str: '5'
[INFO] 2025-09-19 10:58:26,678 utils Successfully created 4 orders from fp-group-chat_validated.xlsx
[INFO] 2025-09-19 10:58:26,812 views Successfully extracted 4 orders from fp-group-chat_validated.xlsx
[INFO] 2025-09-19 10:58:26,819 basehttp "POST /api/orders/validated-files/95539ce8-0adf-4918-89e0-f4a0ebd25371/extract_orders/ HTTP/1.1" 200 1137
[INFO] 2025-09-19 10:58:27,462 views Starting to send 4 order messages for fp-group-chat_validated.xlsx
[INFO] 2025-09-19 10:58:27,467 whatsapp_service WhatsApp client initialized successfully
[INFO] 2025-09-19 10:58:27,474 whatsapp_service Starting bulk send for 4 orders with 2.0s delay
[INFO] 2025-09-19 10:58:27,475 whatsapp_service Processing order 1/4: 2025091900001
[INFO] 2025-09-19 10:58:27,475 whatsapp_service Sending order message for 2025091900001 to 919731436845
[INFO] 2025-09-19 10:58:27,475 whatsapp_service 🔍 Building payload for Order 2025091900001
[INFO] 2025-09-19 10:58:27,476 whatsapp_service    Raw order.order_items: 'Apples: 1' (type: <class 'str'>)
[INFO] 2025-09-19 10:58:27,477 whatsapp_service    Raw order.amount: '5' (type: <class 'str'>)
[INFO] 2025-09-19 10:58:27,477 whatsapp_service    Processed order_items_str: 'Apples: 1'
[INFO] 2025-09-19 10:58:27,479 whatsapp_service    Processed total_amount_str: '5'
[INFO] 2025-09-19 10:58:27,480 whatsapp_service    Parsed items count: 1
[INFO] 2025-09-19 10:58:27,480 whatsapp_service    Total amount in paisa: 500
[INFO] 2025-09-19 10:58:27,481 whatsapp_service    Item 1: Apples x1 = ₹5.0
[INFO] 2025-09-19 10:58:27,482 whatsapp_service ✅ Built payload for order 2025091900001 to 919731436845 - Items: Apples: 1
[INFO] 2025-09-19 10:58:27,483 whatsapp_service 📤 COMPLETE PAYLOAD for Order 2025091900001:
[INFO] 2025-09-19 10:58:27,485 whatsapp_service    Recipient: 919731436845
[INFO] 2025-09-19 10:58:27,485 whatsapp_service    Template: sample_order_details
[INFO] 2025-09-19 10:58:27,486 whatsapp_service    Currency: INR
[INFO] 2025-09-19 10:58:27,486 whatsapp_service    Reference ID: 2025091900001
[INFO] 2025-09-19 10:58:27,486 whatsapp_service    Total Amount: ₹5.0
[INFO] 2025-09-19 10:58:27,486 whatsapp_service    Items in payload: 1
[INFO] 2025-09-19 10:58:27,487 whatsapp_service 📋 JSON PAYLOAD:
{
  "messaging_product": "whatsapp",
  "recipient_type": "individual",
  "to": "919731436845",
  "type": "template",
  "template": {
    "name": "sample_order_details",
    "language": {
      "policy": "deterministic",
      "code": "en"
    },
    "components": [
      {
        "type": "button",
        "sub_type": "order_details",
        "index": 0,
        "parameters": [
          {
            "type": "action",
            "action": {
              "order_details": {
                "currency": "INR",
                "order": {
                  "items": [
                    {
                      "amount": {
                        "offset": 100,
                        "value": 500
                      },
                      "name": "Apples",
                      "quantity": 1,
                      "country_of_origin": "India",
                      "importer_name": "Farmveda"
                    }
                  ],
                  "status": "pending",
                  "subtotal": {
                    "offset": 100,
                    "value": 500
                  }
                },
                "payment_settings": [
                  {
                    "type": "payment_gateway",
                    "payment_gateway": {
                      "type": "razorpay",
                      "configuration_name": "WhatsappGroups-Payments"
                    }
                  }
                ],
                "reference_id": "2025091900001",
                "total_amount": {
                  "offset": 100,
                  "value": 500
                },
                "type": "physical-goods"
              }
            }
          }
        ]
      }
    ]
  }
}
[INFO] 2025-09-19 10:58:27,655 whatsapp_360_client Sending WhatsApp message to 919731436845
[INFO] 2025-09-19 10:58:29,445 whatsapp_360_client Message sent successfully: {'messaging_product': 'whatsapp', 'contacts': [{'input': '919731436845', 'wa_id': '919731436845'}], 'messages': [{'id': 'wamid.HBgMOTE5NzMxNDM2ODQ1FQIAERgSQjBDQTNDRTVFMTA2QjA2NTM3AA==', 'message_status': 'accepted'}]}
[INFO] 2025-09-19 10:58:29,445 whatsapp_service ✅ Order 2025091900001 sent successfully
[INFO] 2025-09-19 10:58:29,531 whatsapp_service ⏳ Waiting 2.0 seconds before next message...
[INFO] 2025-09-19 10:58:31,359 webhook_handler Received webhook: {
  "object": "whatsapp_business_account",
  "entry": [
    {
      "id": "114374441730441",
      "changes": [
        {
          "value": {
            "messaging_product": "whatsapp",
            "metadata": {
              "display_phone_number": "917996002222",
              "phone_number_id": "114392571729051"
            },
            "statuses": [
              {
                "id": "wamid.HBgMOTE5NzMxNDM2ODQ1FQIAERgSQjBDQTNDRTVFMTA2QjA2NTM3AA==",
                "status": "failed",
                "timestamp": "1758279509",
                "recipient_id": "919731436845",
                "errors": [
                  {
                    "code": 131049,
                    "title": "This message was not delivered to maintain healthy ecosystem engagement.",
                    "message": "This message was not delivered to maintain healthy ecosystem engagement.",
                    "error_data": {
                      "details": "In order to maintain a healthy ecosystem engagement, the message failed to be delivered."
                    },
                    "href": "https://developers.facebook.com/docs/whatsapp/cloud-api/support/error-codes/"
                  }
                ]
              }
            ]
          },
          "field": "messages"
        }
      ]
    }
  ]
}
[INFO] 2025-09-19 10:58:31,407 basehttp "POST /api/webhook/whatsapp/ HTTP/1.1" 200 22
[INFO] 2025-09-19 10:58:31,534 whatsapp_service Processing order 2/4: 2025091900002
[INFO] 2025-09-19 10:58:31,534 whatsapp_service Sending order message for 2025091900002 to 919473181958
[INFO] 2025-09-19 10:58:31,534 whatsapp_service 🔍 Building payload for Order 2025091900002
[INFO] 2025-09-19 10:58:31,535 whatsapp_service    Raw order.order_items: 'Apples: 1, Pears: 1' (type: <class 'str'>)
[INFO] 2025-09-19 10:58:31,535 whatsapp_service    Raw order.amount: '5+5=10' (type: <class 'str'>)
[INFO] 2025-09-19 10:58:31,535 whatsapp_service    Processed order_items_str: 'Apples: 1, Pears: 1'
[INFO] 2025-09-19 10:58:31,535 whatsapp_service    Processed total_amount_str: '5+5=10'
[INFO] 2025-09-19 10:58:31,536 whatsapp_service    Parsed items count: 2
[INFO] 2025-09-19 10:58:31,536 whatsapp_service    Total amount in paisa: 1000
[INFO] 2025-09-19 10:58:31,536 whatsapp_service    Item 1: Apples x1 = ₹5.0
[INFO] 2025-09-19 10:58:31,537 whatsapp_service    Item 2: Pears x1 = ₹5.0
[INFO] 2025-09-19 10:58:31,537 whatsapp_service ✅ Built payload for order 2025091900002 to 919473181958 - Items: Apples: 1, Pears: 1
[INFO] 2025-09-19 10:58:31,537 whatsapp_service 📤 COMPLETE PAYLOAD for Order 2025091900002:
[INFO] 2025-09-19 10:58:31,538 whatsapp_service    Recipient: 919473181958
[INFO] 2025-09-19 10:58:31,538 whatsapp_service    Template: sample_order_details
[INFO] 2025-09-19 10:58:31,538 whatsapp_service    Currency: INR
[INFO] 2025-09-19 10:58:31,538 whatsapp_service    Reference ID: 2025091900002
[INFO] 2025-09-19 10:58:31,539 whatsapp_service    Total Amount: ₹10.0
[INFO] 2025-09-19 10:58:31,539 whatsapp_service    Items in payload: 2
[INFO] 2025-09-19 10:58:31,540 whatsapp_service 📋 JSON PAYLOAD:
{
  "messaging_product": "whatsapp",
  "recipient_type": "individual",
  "to": "919473181958",
  "type": "template",
  "template": {
    "name": "sample_order_details",
    "language": {
      "policy": "deterministic",
      "code": "en"
    },
    "components": [
      {
        "type": "button",
        "sub_type": "order_details",
        "index": 0,
        "parameters": [
          {
            "type": "action",
            "action": {
              "order_details": {
                "currency": "INR",
                "order": {
                  "items": [
                    {
                      "amount": {
                        "offset": 100,
                        "value": 500
                      },
                      "name": "Apples",
                      "quantity": 1,
                      "country_of_origin": "India",
                      "importer_name": "Farmveda"
                    },
                    {
                      "amount": {
                        "offset": 100,
                        "value": 500
                      },
                      "name": "Pears",
                      "quantity": 1,
                      "country_of_origin": "India",
                      "importer_name": "Farmveda"
                    }
                  ],
                  "status": "pending",
                  "subtotal": {
                    "offset": 100,
                    "value": 1000
                  }
                },
                "payment_settings": [
                  {
                    "type": "payment_gateway",
                    "payment_gateway": {
                      "type": "razorpay",
                      "configuration_name": "WhatsappGroups-Payments"
                    }
                  }
                ],
                "reference_id": "2025091900002",
                "total_amount": {
                  "offset": 100,
                  "value": 1000
                },
                "type": "physical-goods"
              }
            }
          }
        ]
      }
    ]
  }
}
[INFO] 2025-09-19 10:58:31,694 whatsapp_360_client Sending WhatsApp message to 919473181958
[INFO] 2025-09-19 10:58:32,078 webhook_processor Processing order status update: wamid.HBgMOTE5NzMxNDM2ODQ1FQIAERgSQjBDQTNDRTVFMTA2QjA2NTM3AA== -> failed
[ERROR] 2025-09-19 10:58:32,082 webhook_processor Order wamid.HBgMOTE5NzMxNDM2ODQ1FQIAERgSQjBDQTNDRTVFMTA2QjA2NTM3AA== failed: Error 131049: This message was not delivered to maintain healthy ecosystem engagement.
[INFO] 2025-09-19 10:58:32,237 webhook_processor Updated order wamid.HBgMOTE5NzMxNDM2ODQ1FQIAERgSQjBDQTNDRTVFMTA2QjA2NTM3AA==: sent -> failed
[INFO] 2025-09-19 10:58:32,463 tasks Webhook 175 processed using orders.webhook_processor.process_order_webhook_status
[INFO] 2025-09-19 10:58:32,769 whatsapp_360_client Message sent successfully: {'messaging_product': 'whatsapp', 'contacts': [{'input': '919473181958', 'wa_id': '919473181958'}], 'messages': [{'id': 'wamid.HBgMOTE5NDczMTgxOTU4FQIAERgSNUFBQTU4MDBDNzA3NEMxRkQxAA==', 'message_status': 'accepted'}]}
[INFO] 2025-09-19 10:58:32,769 whatsapp_service ✅ Order 2025091900002 sent successfully
[INFO] 2025-09-19 10:58:32,881 whatsapp_service ⏳ Waiting 2.0 seconds before next message...
[INFO] 2025-09-19 10:58:34,883 whatsapp_service Processing order 3/4: 2025091900003
[INFO] 2025-09-19 10:58:34,883 whatsapp_service Sending order message for 2025091900003 to 918586843474
[INFO] 2025-09-19 10:58:34,884 whatsapp_service 🔍 Building payload for Order 2025091900003
[INFO] 2025-09-19 10:58:34,884 whatsapp_service    Raw order.order_items: 'Pears: 1' (type: <class 'str'>)
[INFO] 2025-09-19 10:58:34,884 whatsapp_service    Raw order.amount: '5' (type: <class 'str'>)
[INFO] 2025-09-19 10:58:34,885 whatsapp_service    Processed order_items_str: 'Pears: 1'
[INFO] 2025-09-19 10:58:34,885 whatsapp_service    Processed total_amount_str: '5'
[INFO] 2025-09-19 10:58:34,885 whatsapp_service    Parsed items count: 1
[INFO] 2025-09-19 10:58:34,886 whatsapp_service    Total amount in paisa: 500
[INFO] 2025-09-19 10:58:34,886 whatsapp_service    Item 1: Pears x1 = ₹5.0
[INFO] 2025-09-19 10:58:34,886 whatsapp_service ✅ Built payload for order 2025091900003 to 918586843474 - Items: Pears: 1
[INFO] 2025-09-19 10:58:34,886 whatsapp_service 📤 COMPLETE PAYLOAD for Order 2025091900003:
[INFO] 2025-09-19 10:58:34,887 whatsapp_service    Recipient: 918586843474
[INFO] 2025-09-19 10:58:34,887 whatsapp_service    Template: sample_order_details
[INFO] 2025-09-19 10:58:34,887 whatsapp_service    Currency: INR
[INFO] 2025-09-19 10:58:34,887 whatsapp_service    Reference ID: 2025091900003
[INFO] 2025-09-19 10:58:34,888 whatsapp_service    Total Amount: ₹5.0
[INFO] 2025-09-19 10:58:34,888 whatsapp_service    Items in payload: 1
[INFO] 2025-09-19 10:58:34,889 whatsapp_service 📋 JSON PAYLOAD:
{
  "messaging_product": "whatsapp",
  "recipient_type": "individual",
  "to": "918586843474",
  "type": "template",
  "template": {
    "name": "sample_order_details",
    "language": {
      "policy": "deterministic",
      "code": "en"
    },
    "components": [
      {
        "type": "button",
        "sub_type": "order_details",
        "index": 0,
        "parameters": [
          {
            "type": "action",
            "action": {
              "order_details": {
                "currency": "INR",
                "order": {
                  "items": [
                    {
                      "amount": {
                        "offset": 100,
                        "value": 500
                      },
                      "name": "Pears",
                      "quantity": 1,
                      "country_of_origin": "India",
                      "importer_name": "Farmveda"
                    }
                  ],
                  "status": "pending",
                  "subtotal": {
                    "offset": 100,
                    "value": 500
                  }
                },
                "payment_settings": [
                  {
                    "type": "payment_gateway",
                    "payment_gateway": {
                      "type": "razorpay",
                      "configuration_name": "WhatsappGroups-Payments"
                    }
                  }
                ],
                "reference_id": "2025091900003",
                "total_amount": {
                  "offset": 100,
                  "value": 500
                },
                "type": "physical-goods"
              }
            }
          }
        ]
      }
    ]
  }
}
[INFO] 2025-09-19 10:58:35,348 whatsapp_360_client Sending WhatsApp message to 918586843474
[INFO] 2025-09-19 10:58:36,244 webhook_handler Received webhook: {
  "object": "whatsapp_business_account",
  "entry": [
    {
      "id": "114374441730441",
      "changes": [
        {
          "value": {
            "messaging_product": "whatsapp",
            "metadata": {
              "display_phone_number": "917996002222",
              "phone_number_id": "114392571729051"
            },
            "statuses": [
              {
                "id": "wamid.HBgMOTE5NDczMTgxOTU4FQIAERgSNUFBQTU4MDBDNzA3NEMxRkQxAA==",
                "status": "sent",
                "timestamp": "1758279514",
                "recipient_id": "919473181958",
                "conversation": {
                  "id": "7492742a4f90c9f2b949b5d478d52eda",
                  "expiration_timestamp": "1758279514",
                  "origin": {
                    "type": "marketing"
                  }
                },
                "pricing": {
                  "billable": true,
                  "pricing_model": "PMP",
                  "category": "marketing",
                  "type": "regular"
                }
              }
            ]
          },
          "field": "messages"
        }
      ]
    }
  ]
}
[INFO] 2025-09-19 10:58:36,292 basehttp "POST /api/webhook/whatsapp/ HTTP/1.1" 200 22
[INFO] 2025-09-19 10:58:36,495 webhook_handler Received webhook: {
  "object": "whatsapp_business_account",
  "entry": [
    {
      "id": "114374441730441",
      "changes": [
        {
          "value": {
            "messaging_product": "whatsapp",
            "metadata": {
              "display_phone_number": "917996002222",
              "phone_number_id": "114392571729051"
            },
            "statuses": [
              {
                "id": "wamid.HBgMOTE5NDczMTgxOTU4FQIAERgSNUFBQTU4MDBDNzA3NEMxRkQxAA==",
                "status": "delivered",
                "timestamp": "1758279515",
                "recipient_id": "919473181958",
                "conversation": {
                  "id": "7492742a4f90c9f2b949b5d478d52eda",
                  "origin": {
                    "type": "marketing"
                  }
                },
                "pricing": {
                  "billable": true,
                  "pricing_model": "PMP",
                  "category": "marketing",
                  "type": "regular"
                }
              }
            ]
          },
          "field": "messages"
        }
      ]
    }
  ]
}
[INFO] 2025-09-19 10:58:36,524 basehttp "POST /api/webhook/whatsapp/ HTTP/1.1" 200 22
[INFO] 2025-09-19 10:58:36,548 whatsapp_360_client Message sent successfully: {'messaging_product': 'whatsapp', 'contacts': [{'input': '918586843474', 'wa_id': '918586843474'}], 'messages': [{'id': 'wamid.HBgMOTE4NTg2ODQzNDc0FQIAERgSODQ5MDREQjhBNUNEMTFBOTVDAA==', 'message_status': 'accepted'}]}
[INFO] 2025-09-19 10:58:36,549 whatsapp_service ✅ Order 2025091900003 sent successfully
[INFO] 2025-09-19 10:58:36,729 whatsapp_service ⏳ Waiting 2.0 seconds before next message...
[INFO] 2025-09-19 10:58:36,789 webhook_processor Processing order status update: wamid.HBgMOTE5NDczMTgxOTU4FQIAERgSNUFBQTU4MDBDNzA3NEMxRkQxAA== -> sent
[INFO] 2025-09-19 10:58:36,798 webhook_processor Webhook 'sent' received for order wamid.HBgMOTE5NDczMTgxOTU4FQIAERgSNUFBQTU4MDBDNzA3NEMxRkQxAA== - already handled on API success
[INFO] 2025-09-19 10:58:36,938 webhook_processor Updated order wamid.HBgMOTE5NDczMTgxOTU4FQIAERgSNUFBQTU4MDBDNzA3NEMxRkQxAA==: sent -> sent
[INFO] 2025-09-19 10:58:36,992 webhook_processor Processing order status update: wamid.HBgMOTE5NDczMTgxOTU4FQIAERgSNUFBQTU4MDBDNzA3NEMxRkQxAA== -> delivered
[INFO] 2025-09-19 10:58:37,005 webhook_processor Order wamid.HBgMOTE5NDczMTgxOTU4FQIAERgSNUFBQTU4MDBDNzA3NEMxRkQxAA== marked as delivered
[INFO] 2025-09-19 10:58:37,230 webhook_processor Updated order wamid.HBgMOTE5NDczMTgxOTU4FQIAERgSNUFBQTU4MDBDNzA3NEMxRkQxAA==: sent -> delivered
[INFO] 2025-09-19 10:58:37,290 tasks Webhook 176 processed using orders.webhook_processor.process_order_webhook_status
[INFO] 2025-09-19 10:58:37,523 tasks Webhook 177 processed using orders.webhook_processor.process_order_webhook_status
[INFO] 2025-09-19 10:58:38,731 whatsapp_service Processing order 4/4: 2025091900004
[INFO] 2025-09-19 10:58:38,731 whatsapp_service Sending order message for 2025091900004 to 919731436845
[INFO] 2025-09-19 10:58:38,731 whatsapp_service 🔍 Building payload for Order 2025091900004
[INFO] 2025-09-19 10:58:38,731 whatsapp_service    Raw order.order_items: 'Apples: 1' (type: <class 'str'>)
[INFO] 2025-09-19 10:58:38,731 whatsapp_service    Raw order.amount: '5' (type: <class 'str'>)
[INFO] 2025-09-19 10:58:38,731 whatsapp_service    Processed order_items_str: 'Apples: 1'
[INFO] 2025-09-19 10:58:38,732 whatsapp_service    Processed total_amount_str: '5'
[INFO] 2025-09-19 10:58:38,732 whatsapp_service    Parsed items count: 1
[INFO] 2025-09-19 10:58:38,732 whatsapp_service    Total amount in paisa: 500
[INFO] 2025-09-19 10:58:38,732 whatsapp_service    Item 1: Apples x1 = ₹5.0
[INFO] 2025-09-19 10:58:38,732 whatsapp_service ✅ Built payload for order 2025091900004 to 919731436845 - Items: Apples: 1
[INFO] 2025-09-19 10:58:38,732 whatsapp_service 📤 COMPLETE PAYLOAD for Order 2025091900004:
[INFO] 2025-09-19 10:58:38,732 whatsapp_service    Recipient: 919731436845
[INFO] 2025-09-19 10:58:38,733 whatsapp_service    Template: sample_order_details
[INFO] 2025-09-19 10:58:38,733 whatsapp_service    Currency: INR
[INFO] 2025-09-19 10:58:38,733 whatsapp_service    Reference ID: 2025091900004
[INFO] 2025-09-19 10:58:38,733 whatsapp_service    Total Amount: ₹5.0
[INFO] 2025-09-19 10:58:38,733 whatsapp_service    Items in payload: 1
[INFO] 2025-09-19 10:58:38,733 whatsapp_service 📋 JSON PAYLOAD:
{
  "messaging_product": "whatsapp",
  "recipient_type": "individual",
  "to": "919731436845",
  "type": "template",
  "template": {
    "name": "sample_order_details",
    "language": {
      "policy": "deterministic",
      "code": "en"
    },
    "components": [
      {
        "type": "button",
        "sub_type": "order_details",
        "index": 0,
        "parameters": [
          {
            "type": "action",
            "action": {
              "order_details": {
                "currency": "INR",
                "order": {
                  "items": [
                    {
                      "amount": {
                        "offset": 100,
                        "value": 500
                      },
                      "name": "Apples",
                      "quantity": 1,
                      "country_of_origin": "India",
                      "importer_name": "Farmveda"
                    }
                  ],
                  "status": "pending",
                  "subtotal": {
                    "offset": 100,
                    "value": 500
                  }
                },
                "payment_settings": [
                  {
                    "type": "payment_gateway",
                    "payment_gateway": {
                      "type": "razorpay",
                      "configuration_name": "WhatsappGroups-Payments"
                    }
                  }
                ],
                "reference_id": "2025091900004",
                "total_amount": {
                  "offset": 100,
                  "value": 500
                },
                "type": "physical-goods"
              }
            }
          }
        ]
      }
    ]
  }
}
[INFO] 2025-09-19 10:58:38,866 whatsapp_360_client Sending WhatsApp message to 919731436845
[INFO] 2025-09-19 10:58:39,748 whatsapp_360_client Message sent successfully: {'messaging_product': 'whatsapp', 'contacts': [{'input': '919731436845', 'wa_id': '919731436845'}], 'messages': [{'id': 'wamid.HBgMOTE5NzMxNDM2ODQ1FQIAERgSNkMyQTUxM0Y0NEUwOEQ2NjU2AA==', 'message_status': 'accepted'}]}
[INFO] 2025-09-19 10:58:39,749 whatsapp_service ✅ Order 2025091900004 sent successfully
[INFO] 2025-09-19 10:58:39,843 whatsapp_service 📊 Bulk send complete: 4 sent, 0 failed in 12s
[INFO] 2025-09-19 10:58:39,852 basehttp "POST /api/orders/send-messages/ HTTP/1.1" 200 2088
[INFO] 2025-09-19 10:58:40,543 webhook_handler Received webhook: {
  "object": "whatsapp_business_account",
  "entry": [
    {
      "id": "114374441730441",
      "changes": [
        {
          "value": {
            "messaging_product": "whatsapp",
            "metadata": {
              "display_phone_number": "917996002222",
              "phone_number_id": "114392571729051"
            },
            "statuses": [
              {
                "id": "wamid.HBgMOTE4NTg2ODQzNDc0FQIAERgSODQ5MDREQjhBNUNEMTFBOTVDAA==",
                "status": "sent",
                "timestamp": "1758279519",
                "recipient_id": "918586843474",
                "conversation": {
                  "id": "03aa7a25b9027385bcebca3e44384f8c",
                  "expiration_timestamp": "1758279519",
                  "origin": {
                    "type": "marketing"
                  }
                },
                "pricing": {
                  "billable": true,
                  "pricing_model": "PMP",
                  "category": "marketing",
                  "type": "regular"
                }
              }
            ]
          },
          "field": "messages"
        }
      ]
    }
  ]
}
[INFO] 2025-09-19 10:58:40,546 basehttp "POST /api/webhook/whatsapp/ HTTP/1.1" 200 22
[INFO] 2025-09-19 10:58:40,785 webhook_processor Processing order status update: wamid.HBgMOTE4NTg2ODQzNDc0FQIAERgSODQ5MDREQjhBNUNEMTFBOTVDAA== -> sent
[INFO] 2025-09-19 10:58:40,790 webhook_processor Webhook 'sent' received for order wamid.HBgMOTE4NTg2ODQzNDc0FQIAERgSODQ5MDREQjhBNUNEMTFBOTVDAA== - already handled on API success
[INFO] 2025-09-19 10:58:40,895 webhook_processor Updated order wamid.HBgMOTE4NTg2ODQzNDc0FQIAERgSODQ5MDREQjhBNUNEMTFBOTVDAA==: sent -> sent
[INFO] 2025-09-19 10:58:41,005 webhook_handler Received webhook: {
  "object": "whatsapp_business_account",
  "entry": [
    {
      "id": "114374441730441",
      "changes": [
        {
          "value": {
            "messaging_product": "whatsapp",
            "metadata": {
              "display_phone_number": "917996002222",
              "phone_number_id": "114392571729051"
            },
            "statuses": [
              {
                "id": "wamid.HBgMOTE5NzMxNDM2ODQ1FQIAERgSNkMyQTUxM0Y0NEUwOEQ2NjU2AA==",
                "status": "failed",
                "timestamp": "1758279519",
                "recipient_id": "919731436845",
                "errors": [
                  {
                    "code": 131049,
                    "title": "This message was not delivered to maintain healthy ecosystem engagement.",
                    "message": "This message was not delivered to maintain healthy ecosystem engagement.",
                    "error_data": {
                      "details": "In order to maintain a healthy ecosystem engagement, the message failed to be delivered."
                    },
                    "href": "https://developers.facebook.com/docs/whatsapp/cloud-api/support/error-codes/"
                  }
                ]
              }
            ]
          },
          "field": "messages"
        }
      ]
    }
  ]
}
[INFO] 2025-09-19 10:58:41,007 basehttp "POST /api/webhook/whatsapp/ HTTP/1.1" 200 22
[INFO] 2025-09-19 10:58:41,190 tasks Webhook 178 processed using orders.webhook_processor.process_order_webhook_status
[INFO] 2025-09-19 10:58:41,191 webhook_handler Received webhook: {
  "object": "whatsapp_business_account",
  "entry": [
    {
      "id": "114374441730441",
      "changes": [
        {
          "value": {
            "messaging_product": "whatsapp",
            "metadata": {
              "display_phone_number": "917996002222",
              "phone_number_id": "114392571729051"
            },
            "statuses": [
              {
                "id": "wamid.HBgMOTE4NTg2ODQzNDc0FQIAERgSODQ5MDREQjhBNUNEMTFBOTVDAA==",
                "status": "delivered",
                "timestamp": "1758279519",
                "recipient_id": "918586843474",
                "conversation": {
                  "id": "03aa7a25b9027385bcebca3e44384f8c",
                  "origin": {
                    "type": "marketing"
                  }
                },
                "pricing": {
                  "billable": true,
                  "pricing_model": "PMP",
                  "category": "marketing",
                  "type": "regular"
                }
              }
            ]
          },
          "field": "messages"
        }
      ]
    }
  ]
}
[INFO] 2025-09-19 10:58:41,212 basehttp "POST /api/webhook/whatsapp/ HTTP/1.1" 200 22
[INFO] 2025-09-19 10:58:41,313 webhook_processor Processing order status update: wamid.HBgMOTE5NzMxNDM2ODQ1FQIAERgSNkMyQTUxM0Y0NEUwOEQ2NjU2AA== -> failed
[ERROR] 2025-09-19 10:58:41,317 webhook_processor Order wamid.HBgMOTE5NzMxNDM2ODQ1FQIAERgSNkMyQTUxM0Y0NEUwOEQ2NjU2AA== failed: Error 131049: This message was not delivered to maintain healthy ecosystem engagement.
[INFO] 2025-09-19 10:58:41,458 webhook_processor Updated order wamid.HBgMOTE5NzMxNDM2ODQ1FQIAERgSNkMyQTUxM0Y0NEUwOEQ2NjU2AA==: sent -> failed
[INFO] 2025-09-19 10:58:41,678 webhook_processor Processing order status update: wamid.HBgMOTE4NTg2ODQzNDc0FQIAERgSODQ5MDREQjhBNUNEMTFBOTVDAA== -> delivered
[INFO] 2025-09-19 10:58:41,686 webhook_processor Order wamid.HBgMOTE4NTg2ODQzNDc0FQIAERgSODQ5MDREQjhBNUNEMTFBOTVDAA== marked as delivered
[INFO] 2025-09-19 10:58:42,089 webhook_processor Updated order wamid.HBgMOTE4NTg2ODQzNDc0FQIAERgSODQ5MDREQjhBNUNEMTFBOTVDAA==: sent -> delivered
[INFO] 2025-09-19 10:58:42,268 tasks Webhook 179 processed using orders.webhook_processor.process_order_webhook_status
[INFO] 2025-09-19 10:58:42,674 tasks Webhook 180 processed using orders.webhook_processor.process_order_webhook_status
[INFO] 2025-09-19 10:58:47,965 webhook_handler Received webhook: {
  "object": "whatsapp_business_account",
  "entry": [
    {
      "id": "114374441730441",
      "changes": [
        {
          "value": {
            "messaging_product": "whatsapp",
            "metadata": {
              "display_phone_number": "917996002222",
              "phone_number_id": "114392571729051"
            },
            "statuses": [
              {
                "id": "wamid.HBgMOTE4NTg2ODQzNDc0FQIAERgSODQ5MDREQjhBNUNEMTFBOTVDAA==",
                "status": "read",
                "timestamp": "1758279526",
                "recipient_id": "918586843474"
              }
            ]
          },
          "field": "messages"
        }
      ]
    }
  ]
}
[INFO] 2025-09-19 10:58:47,995 basehttp "POST /api/webhook/whatsapp/ HTTP/1.1" 200 22
[INFO] 2025-09-19 10:58:48,599 webhook_processor Processing order status update: wamid.HBgMOTE4NTg2ODQzNDc0FQIAERgSODQ5MDREQjhBNUNEMTFBOTVDAA== -> read
[INFO] 2025-09-19 10:58:48,605 webhook_processor Order wamid.HBgMOTE4NTg2ODQzNDc0FQIAERgSODQ5MDREQjhBNUNEMTFBOTVDAA== marked as read
[INFO] 2025-09-19 10:58:48,708 webhook_processor Updated order wamid.HBgMOTE4NTg2ODQzNDc0FQIAERgSODQ5MDREQjhBNUNEMTFBOTVDAA==: delivered -> read
[INFO] 2025-09-19 10:58:48,935 tasks Webhook 181 processed using orders.webhook_processor.process_order_webhook_status
[INFO] 2025-09-19 10:58:51,678 webhook_handler Received webhook: {
  "object": "whatsapp_business_account",
  "entry": [
    {
      "id": "114374441730441",
      "changes": [
        {
          "value": {
            "messaging_product": "whatsapp",
            "metadata": {
              "display_phone_number": "917996002222",
              "phone_number_id": "114392571729051"
            },
            "statuses": [
              {
                "id": "wamid.HBgMOTE5NDczMTgxOTU4FQIAERgSNUFBQTU4MDBDNzA3NEMxRkQxAA==",
                "status": "read",
                "timestamp": "1758279530",
                "recipient_id": "919473181958"
              }
            ]
          },
          "field": "messages"
        }
      ]
    }
  ]
}
[INFO] 2025-09-19 10:58:51,700 basehttp "POST /api/webhook/whatsapp/ HTTP/1.1" 200 22
[INFO] 2025-09-19 10:58:52,070 webhook_processor Processing order status update: wamid.HBgMOTE5NDczMTgxOTU4FQIAERgSNUFBQTU4MDBDNzA3NEMxRkQxAA== -> read
[INFO] 2025-09-19 10:58:52,082 webhook_processor Order wamid.HBgMOTE5NDczMTgxOTU4FQIAERgSNUFBQTU4MDBDNzA3NEMxRkQxAA== marked as read
[INFO] 2025-09-19 10:58:52,304 webhook_processor Updated order wamid.HBgMOTE5NDczMTgxOTU4FQIAERgSNUFBQTU4MDBDNzA3NEMxRkQxAA==: delivered -> read
[INFO] 2025-09-19 10:58:52,765 tasks Webhook 182 processed using orders.webhook_processor.process_order_webhook_status
[INFO] 2025-09-19 11:01:37,161 basehttp "GET /api/orders/validated-files/ HTTP/1.1" 200 434
[INFO] 2025-09-19 11:01:37,818 basehttp "GET /api/orders/orders/ HTTP/1.1" 200 2056
[INFO] 2025-09-19 11:02:00,740 basehttp "GET /api/orders/validated-files/ HTTP/1.1" 200 434
[INFO] 2025-09-19 11:02:01,463 basehttp "GET /api/orders/orders/?validated_file=95539ce8-0adf-4918-89e0-f4a0ebd25371 HTTP/1.1" 200 1379
[INFO] 2025-09-19 11:02:05,040 webhook_handler Received webhook: {
  "object": "whatsapp_business_account",
  "entry": [
    {
      "id": "114374441730441",
      "changes": [
        {
          "value": {
            "messaging_product": "whatsapp",
            "metadata": {
              "display_phone_number": "917996002222",
              "phone_number_id": "114392571729051"
            },
            "statuses": [
              {
                "id": "wamid.HBgMOTE5NDczMTgxOTU4FQIAEhgKNDA0NjA3MjQzOAA=",
                "status": "captured",
                "timestamp": "1758279722",
                "recipient_id": "919473181958",
                "type": "payment",
                "payment": {
                  "reference_id": "2025091900002",
                  "amount": {
                    "value": 1000,
                    "offset": 100
                  },
                  "currency": "INR",
                  "transaction": {
                    "id": "order_RJR7RB4wysZGs3",
                    "pg_transaction_id": "pay_RJR7Sqxz9tSVXf",
                    "type": "razorpay",
                    "status": "success",
                    "created_timestamp": 1758279720,
                    "updated_timestamp": 1758279720,
                    "amount": {
                      "value": 1000,
                      "offset": 100
                    },
                    "currency": "INR",
                    "method": {
                      "type": "upi"
                    }
                  }
                }
              }
            ]
          },
          "field": "messages"
        }
      ]
    }
  ]
}
[INFO] 2025-09-19 11:02:05,070 basehttp "POST /api/webhook/whatsapp/ HTTP/1.1" 200 22
[INFO] 2025-09-19 11:02:05,315 webhook_processor Processing payment webhook...
[INFO] 2025-09-19 11:02:05,315 webhook_processor Processing payment webhook: reference_id=2025091900002, status=captured
[INFO] 2025-09-19 11:02:05,324 webhook_processor Payment captured for order 2025091900002: ₹10.0
[INFO] 2025-09-19 11:02:05,439 whatsapp_service WhatsApp client initialized successfully
[INFO] 2025-09-19 11:02:05,440 webhook_processor 🚀 Triggering payment success message for order 2025091900002
[INFO] 2025-09-19 11:02:05,441 whatsapp_service Sending payment success message for order 2025091900002 to 919473181958
[INFO] 2025-09-19 11:02:05,442 whatsapp_service Payment success template variables: Order=2025091900002, Amount=₹10.00, Method=UPI, TxnID=pay_RJR7Sqxz9tSVXf
[INFO] 2025-09-19 11:02:05,442 whatsapp_360_client Sending WhatsApp message to 919473181958
[ERROR] 2025-09-19 11:02:07,014 whatsapp_360_client Failed to send message: 404 - {"error":{"message":"(#132001) Template name does not exist in the translation","type":"OAuthException","code":132001,"error_data":{"messaging_product":"whatsapp","details":"template name (payment_success_confirmation) does not exist in en"},"fbtrace_id":"ASgFztR0t3R6Ecjeqh-exCP"}}
[WARNING] 2025-09-19 11:02:07,015 whatsapp_service ❌ Payment success message for order 2025091900002 failed: {'success': False, 'error': '{"error":{"message":"(#132001) Template name does not exist in the translation","type":"OAuthException","code":132001,"error_data":{"messaging_product":"whatsapp","details":"template name (payment_success_confirmation) does not exist in en"},"fbtrace_id":"ASgFztR0t3R6Ecjeqh-exCP"}}', 'status_code': 404}
[WARNING] 2025-09-19 11:02:07,153 webhook_processor ❌ Failed to send payment success message for order 2025091900002: {'success': False, 'error': '{"error":{"message":"(#132001) Template name does not exist in the translation","type":"OAuthException","code":132001,"error_data":{"messaging_product":"whatsapp","details":"template name (payment_success_confirmation) does not exist in en"},"fbtrace_id":"ASgFztR0t3R6Ecjeqh-exCP"}}', 'status_code': 404}
[INFO] 2025-09-19 11:02:07,154 webhook_processor Updated payment for order 2025091900002: pending -> completed
[INFO] 2025-09-19 11:02:07,155 webhook_processor Payment details: method=upi, amount=₹10.0, razorpay_payment_id=pay_RJR7Sqxz9tSVXf
[INFO] 2025-09-19 11:02:07,437 tasks Webhook 183 processed using orders.webhook_processor.process_payment_webhook
[INFO] 2025-09-19 11:03:52,461 basehttp "GET /api/orders/validated-files/ HTTP/1.1" 200 434
[INFO] 2025-09-19 11:03:53,117 basehttp "GET /api/orders/orders/?validated_file=95539ce8-0adf-4918-89e0-f4a0ebd25371 HTTP/1.1" 200 1387
[INFO] 2025-09-19 11:03:53,481 basehttp "GET /api/orders/validated-files/ HTTP/1.1" 200 434
[INFO] 2025-09-19 11:03:54,135 basehttp "GET /api/orders/orders/?validated_file=95539ce8-0adf-4918-89e0-f4a0ebd25371 HTTP/1.1" 200 1387
[INFO] 2025-09-19 11:03:54,918 basehttp "GET /api/orders/validated-files/ HTTP/1.1" 200 434
[INFO] 2025-09-19 11:03:55,640 basehttp "GET /api/orders/orders/?validated_file=95539ce8-0adf-4918-89e0-f4a0ebd25371 HTTP/1.1" 200 1387
[INFO] 2025-09-19 11:04:08,633 basehttp "GET /api/orders/analytics/ HTTP/1.1" 200 2309
[INFO] 2025-09-19 11:04:23,085 basehttp "GET /api/orders/validated-files/ HTTP/1.1" 200 434
[INFO] 2025-09-19 11:04:23,748 basehttp "GET /api/orders/orders/ HTTP/1.1" 200 2064
[INFO] 2025-09-19 11:04:27,318 basehttp "GET /api/orders/validated-files/ HTTP/1.1" 200 434
[INFO] 2025-09-19 11:04:27,945 basehttp "GET /api/orders/orders/ HTTP/1.1" 200 2064
[INFO] 2025-09-19 11:04:28,664 basehttp "GET /api/orders/validated-files/ HTTP/1.1" 200 434
[INFO] 2025-09-19 11:04:29,296 basehttp "GET /api/orders/orders/ HTTP/1.1" 200 2064
[INFO] 2025-09-19 11:04:38,346 basehttp "GET /api/orders/validated-files/ HTTP/1.1" 200 434
[INFO] 2025-09-19 11:04:38,993 basehttp "GET /api/orders/orders/ HTTP/1.1" 200 2064
[INFO] 2025-09-19 11:04:39,719 basehttp "GET /api/orders/validated-files/ HTTP/1.1" 200 434
[INFO] 2025-09-19 11:04:40,413 basehttp "GET /api/orders/orders/ HTTP/1.1" 200 2064
[INFO] 2025-09-19 11:04:46,286 basehttp "GET /admin/ HTTP/1.1" 302 0
[INFO] 2025-09-19 11:04:46,599 basehttp "GET /admin/login/?next=/admin/ HTTP/1.1" 200 4181
[INFO] 2025-09-19 11:04:46,721 basehttp "GET /static/admin/js/theme.js HTTP/1.1" 200 1943
[INFO] 2025-09-19 11:04:46,737 basehttp "GET /static/admin/css/dark_mode.css HTTP/1.1" 200 2929
[INFO] 2025-09-19 11:04:46,775 basehttp "GET /static/admin/css/nav_sidebar.css HTTP/1.1" 200 2694
[INFO] 2025-09-19 11:04:46,775 basehttp "GET /static/admin/css/base.css HTTP/1.1" 200 21207
[INFO] 2025-09-19 11:04:46,776 basehttp "GET /static/admin/js/nav_sidebar.js HTTP/1.1" 200 3063
[INFO] 2025-09-19 11:04:46,777 basehttp "GET /static/admin/css/login.css HTTP/1.1" 200 958
[INFO] 2025-09-19 11:04:46,783 basehttp "GET /static/admin/css/responsive.css HTTP/1.1" 200 18533
[WARNING] 2025-09-19 11:04:46,840 log Not Found: /favicon.ico
[WARNING] 2025-09-19 11:04:46,841 basehttp "GET /favicon.ico HTTP/1.1" 404 2831
[INFO] 2025-09-19 11:04:57,710 basehttp "POST /admin/login/?next=/admin/ HTTP/1.1" 302 0
[INFO] 2025-09-19 11:04:57,850 basehttp "GET /admin/ HTTP/1.1" 200 11967
[INFO] 2025-09-19 11:04:57,936 basehttp "GET /static/admin/css/dashboard.css HTTP/1.1" 200 441
[INFO] 2025-09-19 11:04:57,969 basehttp "GET /static/admin/img/icon-addlink.svg HTTP/1.1" 200 331
[INFO] 2025-09-19 11:04:57,970 basehttp "GET /static/admin/img/icon-changelink.svg HTTP/1.1" 200 380
[INFO] 2025-09-19 11:05:00,934 basehttp "GET /admin/orders/order/ HTTP/1.1" 200 42055
[INFO] 2025-09-19 11:05:01,002 basehttp "GET /static/admin/js/admin/RelatedObjectLookups.js HTTP/1.1" 200 8943
[INFO] 2025-09-19 11:05:01,003 basehttp "GET /static/admin/js/jquery.init.js HTTP/1.1" 200 347
[INFO] 2025-09-19 11:05:01,004 basehttp "GET /static/admin/js/core.js HTTP/1.1" 200 5682
[INFO] 2025-09-19 11:05:01,006 basehttp "GET /static/admin/css/changelists.css HTTP/1.1" 200 6566
[INFO] 2025-09-19 11:05:01,017 basehttp "GET /static/admin/js/prepopulate.js HTTP/1.1" 200 1531
[INFO] 2025-09-19 11:05:01,018 basehttp "GET /static/admin/js/urlify.js HTTP/1.1" 200 7887
[INFO] 2025-09-19 11:05:01,018 basehttp "GET /static/admin/js/actions.js HTTP/1.1" 200 7872
[INFO] 2025-09-19 11:05:01,032 basehttp "GET /admin/jsi18n/ HTTP/1.1" 200 3343
[INFO] 2025-09-19 11:05:01,058 basehttp "GET /static/admin/js/filters.js HTTP/1.1" 200 978
[INFO] 2025-09-19 11:05:01,067 basehttp "GET /static/admin/js/vendor/jquery/jquery.js HTTP/1.1" 200 292458
[INFO] 2025-09-19 11:05:01,100 basehttp "GET /static/admin/js/vendor/xregexp/xregexp.js HTTP/1.1" 200 232381
[INFO] 2025-09-19 11:05:01,146 basehttp "GET /static/admin/img/icon-no.svg HTTP/1.1" 200 560
[INFO] 2025-09-19 11:05:01,147 basehttp "GET /static/admin/img/search.svg HTTP/1.1" 200 458
[INFO] 2025-09-19 11:05:01,188 basehttp "GET /static/admin/img/tooltag-add.svg HTTP/1.1" 200 331
[INFO] 2025-09-19 11:05:01,191 basehttp "GET /static/admin/img/sorting-icons.svg HTTP/1.1" 200 1097
[INFO] 2025-09-19 11:05:07,583 basehttp "GET /admin/orders/order/04407d1a-8d2b-4bdf-9f7b-d166205f6917/change/ HTTP/1.1" 200 37425
[INFO] 2025-09-19 11:05:07,638 basehttp "GET /static/admin/js/collapse.js HTTP/1.1" 200 1803
[INFO] 2025-09-19 11:05:07,639 basehttp "GET /static/admin/css/forms.css HTTP/1.1" 200 9047
[INFO] 2025-09-19 11:05:07,648 basehttp "GET /static/admin/js/change_form.js HTTP/1.1" 200 606
[INFO] 2025-09-19 11:05:07,648 basehttp "GET /static/admin/js/prepopulate_init.js HTTP/1.1" 200 586
[INFO] 2025-09-19 11:05:07,660 basehttp "GET /admin/jsi18n/ HTTP/1.1" 200 3343
[INFO] 2025-09-19 11:05:07,663 basehttp "GET /static/admin/css/widgets.css HTTP/1.1" 200 11900
[INFO] 2025-09-19 11:05:07,679 basehttp "GET /static/admin/img/icon-viewlink.svg HTTP/1.1" 200 581
[INFO] 2025-09-19 11:05:14,585 basehttp "GET /admin/orders/order/ HTTP/1.1" 200 42055
[INFO] 2025-09-19 11:05:14,648 basehttp "GET /admin/jsi18n/ HTTP/1.1" 200 3343
[INFO] 2025-09-19 11:05:24,734 basehttp "GET /admin/orders/order/1518604e-87e1-43e1-a724-63d1e8c27575/change/ HTTP/1.1" 200 39937
[INFO] 2025-09-19 11:05:24,790 basehttp "GET /admin/jsi18n/ HTTP/1.1" 200 3343
[INFO] 2025-09-19 11:06:28,303 basehttp "GET /api/orders/validated-files/ HTTP/1.1" 200 434
[WARNING] 2025-09-19 11:06:28,933 log Not Found: /apiorders/
[WARNING] 2025-09-19 11:06:28,935 basehttp "GET /apiorders/?validated_file=95539ce8-0adf-4918-89e0-f4a0ebd25371 HTTP/1.1" 404 2893
[INFO] 2025-09-19 11:07:39,195 views User logged in: fp_admin
[INFO] 2025-09-19 11:07:39,336 basehttp "POST /api/auth/login/ HTTP/1.1" 200 332
[INFO] 2025-09-19 11:07:40,025 basehttp "GET /api/orders/stats/ HTTP/1.1" 200 161
[INFO] 2025-09-19 11:07:50,181 views Chat file uploaded: test-chat.txt by user fp_admin
[INFO] 2025-09-19 11:07:50,185 basehttp "POST /api/orders/chatfiles/ HTTP/1.1" 201 353
[INFO] 2025-09-19 11:07:50,922 basehttp "POST /api/orders/chatfiles/876c0487-ef06-47ac-8ade-9d1878a35e67/process/ HTTP/1.1" 200 101
[INFO] 2025-09-19 11:07:51,187 tasks Starting complete processing of chat file: test-chat.txt
[INFO] 2025-09-19 11:07:51,191 tasks Step 1: Basic chat parsing...
[INFO] 2025-09-19 11:07:51,193 tasks Parsed 1 messages
[INFO] 2025-09-19 11:07:51,193 tasks Step 2: AI classification (this may take time due to rate limits)...
[INFO] 2025-09-19 11:07:52,936 tasks AI classification completed. Found 1 orders
[INFO] 2025-09-19 11:07:53,243 tasks Complete processing successful: test-chat_processed.xlsx
[INFO] 2025-09-19 11:07:53,243 tasks Final stats: 1 messages, 1 orders
[INFO] 2025-09-19 11:08:06,610 basehttp "GET /api/orders/chatfiles/876c0487-ef06-47ac-8ade-9d1878a35e67/ HTTP/1.1" 200 314
[INFO] 2025-09-19 11:08:07,364 basehttp "GET /api/orders/processed-files/ HTTP/1.1" 200 838
[INFO] 2025-09-19 11:08:09,394 basehttp "GET /api/orders/processed-files/ HTTP/1.1" 200 838
[INFO] 2025-09-19 11:08:13,381 basehttp "GET /api/orders/processed-files/ HTTP/1.1" 200 838
[INFO] 2025-09-19 11:08:14,143 views Downloaded processed file: test-chat_processed.xlsx by user fp_admin
[INFO] 2025-09-19 11:08:14,144 basehttp "GET /api/orders/processed-files/ea186d76-957b-4768-92ed-492c7c6770ee/download/ HTTP/1.1" 200 5040
[INFO] 2025-09-19 11:08:16,137 basehttp "GET /api/orders/processed-files/ HTTP/1.1" 200 863
[INFO] 2025-09-19 11:09:01,840 basehttp "GET /api/orders/processed-files/ HTTP/1.1" 200 863
[INFO] 2025-09-19 11:09:06,149 basehttp "GET /api/orders/processed-files/ HTTP/1.1" 200 863
[INFO] 2025-09-19 11:09:07,230 basehttp "GET /api/orders/processed-files/ HTTP/1.1" 200 863
[INFO] 2025-09-19 11:09:08,074 views Validated file uploaded: test-chat_validated.xlsx by user fp_admin
[INFO] 2025-09-19 11:09:08,078 basehttp "POST /api/orders/validated-files/ HTTP/1.1" 201 788
[INFO] 2025-09-19 11:09:10,745 basehttp "GET /api/orders/processed-files/ HTTP/1.1" 200 863
[INFO] 2025-09-19 11:09:11,253 basehttp "GET /api/orders/validated-files/ HTTP/1.1" 200 623
[WARNING] 2025-09-19 11:09:11,914 log Not Found: /apiorders/
[WARNING] 2025-09-19 11:09:11,916 basehttp "GET /apiorders/?validated_file=ad45edd7-6106-469a-873d-f44b6379fe1b HTTP/1.1" 404 2893
[INFO] 2025-09-19 11:09:17,006 basehttp "GET /api/orders/validated-files/ HTTP/1.1" 200 623
[WARNING] 2025-09-19 11:09:17,649 log Not Found: /apiorders/
[WARNING] 2025-09-19 11:09:17,650 basehttp "GET /apiorders/?validated_file=ad45edd7-6106-469a-873d-f44b6379fe1b HTTP/1.1" 404 2893
[INFO] 2025-09-19 11:09:18,295 utils Starting sync extraction from test-chat_validated.xlsx
[INFO] 2025-09-19 11:09:18,326 utils Read 1 rows from test-chat_validated.xlsx
[INFO] 2025-09-19 11:09:18,327 utils 🔍 Extracting Row 1:
[INFO] 2025-09-19 11:09:18,327 utils    Raw Phone/Name: '917869732732' (type: <class 'int'>)
[INFO] 2025-09-19 11:09:18,328 utils    Raw Items: 'Apples: 1' (type: <class 'str'>)
[INFO] 2025-09-19 11:09:18,328 utils    Raw Total_Amount: '5' (type: <class 'int'>)
[INFO] 2025-09-19 11:09:18,329 utils    Processed phone_number: '917869732732'
[INFO] 2025-09-19 11:09:18,329 utils    Processed order_items_str: 'Apples: 1'
[INFO] 2025-09-19 11:09:18,329 utils    Processed amount_str: '5'
[INFO] 2025-09-19 11:09:18,528 utils Successfully created 1 orders from test-chat_validated.xlsx
[INFO] 2025-09-19 11:09:18,645 views Successfully extracted 1 orders from test-chat_validated.xlsx
[INFO] 2025-09-19 11:09:18,649 basehttp "POST /api/orders/validated-files/ad45edd7-6106-469a-873d-f44b6379fe1b/extract_orders/ HTTP/1.1" 200 352
[INFO] 2025-09-19 11:09:19,289 views Starting to send 1 order messages for test-chat_validated.xlsx
[INFO] 2025-09-19 11:09:19,289 whatsapp_service WhatsApp client initialized successfully
[INFO] 2025-09-19 11:09:19,294 whatsapp_service Starting bulk send for 1 orders with 2.0s delay
[INFO] 2025-09-19 11:09:19,295 whatsapp_service Processing order 1/1: 2025091900005
[INFO] 2025-09-19 11:09:19,295 whatsapp_service Sending order message for 2025091900005 to 917869732732
[INFO] 2025-09-19 11:09:19,295 whatsapp_service 🔍 Building payload for Order 2025091900005
[INFO] 2025-09-19 11:09:19,295 whatsapp_service    Raw order.order_items: 'Apples: 1' (type: <class 'str'>)
[INFO] 2025-09-19 11:09:19,295 whatsapp_service    Raw order.amount: '5' (type: <class 'str'>)
[INFO] 2025-09-19 11:09:19,295 whatsapp_service    Processed order_items_str: 'Apples: 1'
[INFO] 2025-09-19 11:09:19,295 whatsapp_service    Processed total_amount_str: '5'
[INFO] 2025-09-19 11:09:19,296 whatsapp_service    Parsed items count: 1
[INFO] 2025-09-19 11:09:19,296 whatsapp_service    Total amount in paisa: 500
[INFO] 2025-09-19 11:09:19,296 whatsapp_service    Item 1: Apples x1 = ₹5.0
[INFO] 2025-09-19 11:09:19,296 whatsapp_service ✅ Built payload for order 2025091900005 to 917869732732 - Items: Apples: 1
[INFO] 2025-09-19 11:09:19,296 whatsapp_service 📤 COMPLETE PAYLOAD for Order 2025091900005:
[INFO] 2025-09-19 11:09:19,296 whatsapp_service    Recipient: 917869732732
[INFO] 2025-09-19 11:09:19,296 whatsapp_service    Template: sample_order_details
[INFO] 2025-09-19 11:09:19,296 whatsapp_service    Currency: INR
[INFO] 2025-09-19 11:09:19,296 whatsapp_service    Reference ID: 2025091900005
[INFO] 2025-09-19 11:09:19,297 whatsapp_service    Total Amount: ₹5.0
[INFO] 2025-09-19 11:09:19,297 whatsapp_service    Items in payload: 1
[INFO] 2025-09-19 11:09:19,297 whatsapp_service 📋 JSON PAYLOAD:
{
  "messaging_product": "whatsapp",
  "recipient_type": "individual",
  "to": "917869732732",
  "type": "template",
  "template": {
    "name": "sample_order_details",
    "language": {
      "policy": "deterministic",
      "code": "en"
    },
    "components": [
      {
        "type": "button",
        "sub_type": "order_details",
        "index": 0,
        "parameters": [
          {
            "type": "action",
            "action": {
              "order_details": {
                "currency": "INR",
                "order": {
                  "items": [
                    {
                      "amount": {
                        "offset": 100,
                        "value": 500
                      },
                      "name": "Apples",
                      "quantity": 1,
                      "country_of_origin": "India",
                      "importer_name": "Farmveda"
                    }
                  ],
                  "status": "pending",
                  "subtotal": {
                    "offset": 100,
                    "value": 500
                  }
                },
                "payment_settings": [
                  {
                    "type": "payment_gateway",
                    "payment_gateway": {
                      "type": "razorpay",
                      "configuration_name": "WhatsappGroups-Payments"
                    }
                  }
                ],
                "reference_id": "2025091900005",
                "total_amount": {
                  "offset": 100,
                  "value": 500
                },
                "type": "physical-goods"
              }
            }
          }
        ]
      }
    ]
  }
}
[INFO] 2025-09-19 11:09:19,414 whatsapp_360_client Sending WhatsApp message to 917869732732
[INFO] 2025-09-19 11:09:20,963 whatsapp_360_client Message sent successfully: {'messaging_product': 'whatsapp', 'contacts': [{'input': '917869732732', 'wa_id': '917869732732'}], 'messages': [{'id': 'wamid.HBgMOTE3ODY5NzMyNzMyFQIAERgSODQ5MDRFMTlBRjRBQTU2RUQzAA==', 'message_status': 'accepted'}]}
[INFO] 2025-09-19 11:09:20,964 whatsapp_service ✅ Order 2025091900005 sent successfully
[INFO] 2025-09-19 11:09:21,090 whatsapp_service 📊 Bulk send complete: 1 sent, 0 failed in 1s
[INFO] 2025-09-19 11:09:21,101 basehttp "POST /api/orders/send-messages/ HTTP/1.1" 200 620
[INFO] 2025-09-19 11:09:22,541 webhook_handler Received webhook: {
  "object": "whatsapp_business_account",
  "entry": [
    {
      "id": "114374441730441",
      "changes": [
        {
          "value": {
            "messaging_product": "whatsapp",
            "metadata": {
              "display_phone_number": "917996002222",
              "phone_number_id": "114392571729051"
            },
            "statuses": [
              {
                "id": "wamid.HBgMOTE3ODY5NzMyNzMyFQIAERgSODQ5MDRFMTlBRjRBQTU2RUQzAA==",
                "status": "failed",
                "timestamp": "1758280161",
                "recipient_id": "917869732732",
                "errors": [
                  {
                    "code": 131049,
                    "title": "This message was not delivered to maintain healthy ecosystem engagement.",
                    "message": "This message was not delivered to maintain healthy ecosystem engagement.",
                    "error_data": {
                      "details": "In order to maintain a healthy ecosystem engagement, the message failed to be delivered."
                    },
                    "href": "https://developers.facebook.com/docs/whatsapp/cloud-api/support/error-codes/"
                  }
                ]
              }
            ]
          },
          "field": "messages"
        }
      ]
    }
  ]
}
[INFO] 2025-09-19 11:09:22,552 basehttp "POST /api/webhook/whatsapp/ HTTP/1.1" 200 22
[INFO] 2025-09-19 11:09:22,835 webhook_processor Processing order status update: wamid.HBgMOTE3ODY5NzMyNzMyFQIAERgSODQ5MDRFMTlBRjRBQTU2RUQzAA== -> failed
[ERROR] 2025-09-19 11:09:22,841 webhook_processor Order wamid.HBgMOTE3ODY5NzMyNzMyFQIAERgSODQ5MDRFMTlBRjRBQTU2RUQzAA== failed: Error 131049: This message was not delivered to maintain healthy ecosystem engagement.
[INFO] 2025-09-19 11:09:22,976 webhook_processor Updated order wamid.HBgMOTE3ODY5NzMyNzMyFQIAERgSODQ5MDRFMTlBRjRBQTU2RUQzAA==: sent -> failed
[INFO] 2025-09-19 11:09:23,370 tasks Webhook 184 processed using orders.webhook_processor.process_order_webhook_status
[INFO] 2025-09-19 11:14:27,914 views User logged out: 
[INFO] 2025-09-19 11:14:27,918 basehttp "POST /api/auth/logout/ HTTP/1.1" 200 46
[INFO] 2025-09-19 11:16:29,467 views User logged in: fp_admin
[INFO] 2025-09-19 11:16:29,609 basehttp "POST /api/auth/login/ HTTP/1.1" 200 332
[INFO] 2025-09-19 11:16:30,327 basehttp "GET /api/stats/ HTTP/1.1" 200 208
[INFO] 2025-09-19 11:18:18,528 basehttp "POST /api/validate-file/ HTTP/1.1" 200 210
[INFO] 2025-09-19 11:18:44,804 views Campaign created: 29, processing file: 29
[INFO] 2025-09-19 11:18:44,818 basehttp "POST /api/campaigns/ HTTP/1.1" 201 675
[INFO] 2025-09-19 11:18:45,033 tasks Processing file: fp_test.csv
[INFO] 2025-09-19 11:18:45,870 tasks File processed: 5 valid, 0 invalid rows
[INFO] 2025-09-19 11:18:52,845 basehttp "GET /api/campaigns/?page=1 HTTP/1.1" 200 517
[INFO] 2025-09-19 11:18:53,523 basehttp "GET /api/campaigns/29/ HTTP/1.1" 200 1771
[INFO] 2025-09-19 11:18:54,191 basehttp "GET /api/campaigns/29/statistics/ HTTP/1.1" 200 339
[INFO] 2025-09-19 11:18:54,859 basehttp "GET /api/campaigns/29/messages/ HTTP/1.1" 200 1179
[INFO] 2025-09-19 11:19:12,078 basehttp "GET /api/campaigns/?page=1 HTTP/1.1" 200 517
[INFO] 2025-09-19 11:19:12,748 basehttp "GET /api/campaigns/29/ HTTP/1.1" 200 1771
[INFO] 2025-09-19 11:19:13,403 basehttp "GET /api/campaigns/29/statistics/ HTTP/1.1" 200 339
[INFO] 2025-09-19 11:19:14,195 views Campaign started: 29
[INFO] 2025-09-19 11:19:14,222 basehttp "POST /api/campaigns/29/start/ HTTP/1.1" 200 1832
[INFO] 2025-09-19 11:19:14,253 tasks Starting campaign: 29
[INFO] 2025-09-19 11:19:14,261 tasks Found 5 messages to send
[INFO] 2025-09-19 11:19:14,340 tasks Scheduled message 64 with 0s delay
[INFO] 2025-09-19 11:19:14,344 tasks Scheduled message 65 with 2s delay
[INFO] 2025-09-19 11:19:14,349 tasks Scheduled message 66 with 4s delay
[INFO] 2025-09-19 11:19:14,354 tasks Scheduled message 67 with 6s delay
[INFO] 2025-09-19 11:19:14,359 tasks Scheduled message 68 with 8s delay
[INFO] 2025-09-19 11:19:14,364 tasks Scheduled completion check in 40s
[INFO] 2025-09-19 11:19:15,607 tasks Sending message to +919731436845
[INFO] 2025-09-19 11:19:15,611 whatsapp_360_client Sending WhatsApp message to 919731436845 using template sample_template_1
[INFO] 2025-09-19 11:19:15,903 basehttp "GET /api/campaigns/?page=1 HTTP/1.1" 200 517
[INFO] 2025-09-19 11:19:16,640 basehttp "GET /api/campaigns/29/ HTTP/1.1" 200 1797
[INFO] 2025-09-19 11:19:17,091 whatsapp_360_client Message sent successfully. Message ID: wamid.HBgMOTE5NzMxNDM2ODQ1FQIAERgSQ0NDNzRBRUU1M0RGNjZDRENCAA==
[INFO] 2025-09-19 11:19:17,309 tasks Message sent successfully to +919731436845, Message ID: wamid.HBgMOTE5NzMxNDM2ODQ1FQIAERgSQ0NDNzRBRUU1M0RGNjZDRENCAA==
[INFO] 2025-09-19 11:19:17,312 basehttp "GET /api/campaigns/29/statistics/ HTTP/1.1" 200 392
[INFO] 2025-09-19 11:19:17,500 tasks Campaign 29 still has 4 pending messages
[INFO] 2025-09-19 11:19:17,654 tasks Sending message to +919445392454
[INFO] 2025-09-19 11:19:17,663 whatsapp_360_client Sending WhatsApp message to 919445392454 using template sample_template_1
[INFO] 2025-09-19 11:19:18,000 basehttp "GET /api/campaigns/29/messages/ HTTP/1.1" 200 1203
[INFO] 2025-09-19 11:19:18,404 webhook_handler Received webhook: {
  "object": "whatsapp_business_account",
  "entry": [
    {
      "id": "114374441730441",
      "changes": [
        {
          "value": {
            "messaging_product": "whatsapp",
            "metadata": {
              "display_phone_number": "917996002222",
              "phone_number_id": "114392571729051"
            },
            "statuses": [
              {
                "id": "wamid.HBgMOTE5NzMxNDM2ODQ1FQIAERgSQ0NDNzRBRUU1M0RGNjZDRENCAA==",
                "status": "failed",
                "timestamp": "1758280757",
                "recipient_id": "919731436845",
                "errors": [
                  {
                    "code": 131049,
                    "title": "This message was not delivered to maintain healthy ecosystem engagement.",
                    "message": "This message was not delivered to maintain healthy ecosystem engagement.",
                    "error_data": {
                      "details": "In order to maintain a healthy ecosystem engagement, the message failed to be delivered."
                    },
                    "href": "https://developers.facebook.com/docs/whatsapp/cloud-api/support/error-codes/"
                  }
                ]
              }
            ]
          },
          "field": "messages"
        }
      ]
    }
  ]
}
[INFO] 2025-09-19 11:19:18,420 basehttp "POST /api/webhook/whatsapp/ HTTP/1.1" 200 22
[INFO] 2025-09-19 11:19:18,553 webhook_processor Processing status update: wamid.HBgMOTE5NzMxNDM2ODQ1FQIAERgSQ0NDNzRBRUU1M0RGNjZDRENCAA== -> failed
[INFO] 2025-09-19 11:19:18,847 webhook_processor Updated campaign message wamid.HBgMOTE5NzMxNDM2ODQ1FQIAERgSQ0NDNzRBRUU1M0RGNjZDRENCAA==: sent -> failed
[INFO] 2025-09-19 11:19:18,908 tasks Campaign 29 still has 4 pending messages
[INFO] 2025-09-19 11:19:18,989 tasks Webhook 185 processed using campaigns.webhook_processor.process_360dialog_webhook
[INFO] 2025-09-19 11:19:19,323 whatsapp_360_client Message sent successfully. Message ID: wamid.HBgMOTE5NDQ1MzkyNDU0FQIAERgSRkFCQTMzRDY2RTNGMTE0NUI1AA==
[INFO] 2025-09-19 11:19:19,532 tasks Message sent successfully to +919445392454, Message ID: wamid.HBgMOTE5NDQ1MzkyNDU0FQIAERgSRkFCQTMzRDY2RTNGMTE0NUI1AA==
[INFO] 2025-09-19 11:19:19,666 tasks Sending message to +919473181958
[INFO] 2025-09-19 11:19:19,673 whatsapp_360_client Sending WhatsApp message to 919473181958 using template sample_template_1
[INFO] 2025-09-19 11:19:19,720 tasks Campaign 29 still has 3 pending messages
[INFO] 2025-09-19 11:19:21,403 webhook_handler Received webhook: {
  "object": "whatsapp_business_account",
  "entry": [
    {
      "id": "114374441730441",
      "changes": [
        {
          "value": {
            "messaging_product": "whatsapp",
            "metadata": {
              "display_phone_number": "917996002222",
              "phone_number_id": "114392571729051"
            },
            "statuses": [
              {
                "id": "wamid.HBgMOTE5NDQ1MzkyNDU0FQIAERgSRkFCQTMzRDY2RTNGMTE0NUI1AA==",
                "status": "sent",
                "timestamp": "1758280759",
                "recipient_id": "919445392454",
                "conversation": {
                  "id": "41ab55f882bf118cf56d30245a401ce1",
                  "expiration_timestamp": "1758280759",
                  "origin": {
                    "type": "marketing"
                  }
                },
                "pricing": {
                  "billable": true,
                  "pricing_model": "PMP",
                  "category": "marketing",
                  "type": "regular"
                }
              }
            ]
          },
          "field": "messages"
        }
      ]
    }
  ]
}
[INFO] 2025-09-19 11:19:21,419 basehttp "POST /api/webhook/whatsapp/ HTTP/1.1" 200 22
[INFO] 2025-09-19 11:19:21,559 webhook_processor Processing status update: wamid.HBgMOTE5NDQ1MzkyNDU0FQIAERgSRkFCQTMzRDY2RTNGMTE0NUI1AA== -> sent
[INFO] 2025-09-19 11:19:21,563 webhook_processor Webhook 'sent' received for message wamid.HBgMOTE5NDQ1MzkyNDU0FQIAERgSRkFCQTMzRDY2RTNGMTE0NUI1AA== - already handled on API success
[INFO] 2025-09-19 11:19:21,565 webhook_processor Updated campaign message wamid.HBgMOTE5NDQ1MzkyNDU0FQIAERgSRkFCQTMzRDY2RTNGMTE0NUI1AA==: sent -> sent
[INFO] 2025-09-19 11:19:21,638 tasks Sending message to +917869732732
[INFO] 2025-09-19 11:19:21,646 whatsapp_360_client Sending WhatsApp message to 917869732732 using template sample_template_1
[INFO] 2025-09-19 11:19:21,944 whatsapp_360_client Message sent successfully. Message ID: wamid.HBgMOTE5NDczMTgxOTU4FQIAERgSMTUwQzg0MjIwQTA2ODY0QjdCAA==
[INFO] 2025-09-19 11:19:21,984 tasks Webhook 186 processed using campaigns.webhook_processor.process_360dialog_webhook
[INFO] 2025-09-19 11:19:22,302 webhook_handler Received webhook: {
  "object": "whatsapp_business_account",
  "entry": [
    {
      "id": "114374441730441",
      "changes": [
        {
          "value": {
            "messaging_product": "whatsapp",
            "metadata": {
              "display_phone_number": "917996002222",
              "phone_number_id": "114392571729051"
            },
            "statuses": [
              {
                "id": "wamid.HBgMOTE5NDQ1MzkyNDU0FQIAERgSRkFCQTMzRDY2RTNGMTE0NUI1AA==",
                "status": "delivered",
                "timestamp": "1758280760",
                "recipient_id": "919445392454",
                "conversation": {
                  "id": "41ab55f882bf118cf56d30245a401ce1",
                  "origin": {
                    "type": "marketing"
                  }
                },
                "pricing": {
                  "billable": true,
                  "pricing_model": "PMP",
                  "category": "marketing",
                  "type": "regular"
                }
              }
            ]
          },
          "field": "messages"
        }
      ]
    }
  ]
}
[INFO] 2025-09-19 11:19:22,321 basehttp "POST /api/webhook/whatsapp/ HTTP/1.1" 200 22
[INFO] 2025-09-19 11:19:22,536 webhook_processor Processing status update: wamid.HBgMOTE5NDQ1MzkyNDU0FQIAERgSRkFCQTMzRDY2RTNGMTE0NUI1AA== -> delivered
[INFO] 2025-09-19 11:19:22,544 tasks Message sent successfully to +919473181958, Message ID: wamid.HBgMOTE5NDczMTgxOTU4FQIAERgSMTUwQzg0MjIwQTA2ODY0QjdCAA==
[INFO] 2025-09-19 11:19:22,689 webhook_processor Message delivered to +919445392454, triggering next message
[INFO] 2025-09-19 11:19:22,750 tasks Campaign 29 still has 2 pending messages
[INFO] 2025-09-19 11:19:22,891 webhook_processor Updated campaign message wamid.HBgMOTE5NDQ1MzkyNDU0FQIAERgSRkFCQTMzRDY2RTNGMTE0NUI1AA==: sent -> delivered
[INFO] 2025-09-19 11:19:22,993 tasks Sending next message in campaign 29
[INFO] 2025-09-19 11:19:23,032 tasks Webhook 187 processed using campaigns.webhook_processor.process_360dialog_webhook
[INFO] 2025-09-19 11:19:23,358 whatsapp_360_client Message sent successfully. Message ID: wamid.HBgMOTE3ODY5NzMyNzMyFQIAERgSQjY1MzMxMjg5MDI2NTU0MTVDAA==
[INFO] 2025-09-19 11:19:23,409 webhook_handler Received webhook: {
  "object": "whatsapp_business_account",
  "entry": [
    {
      "id": "114374441730441",
      "changes": [
        {
          "value": {
            "messaging_product": "whatsapp",
            "metadata": {
              "display_phone_number": "917996002222",
              "phone_number_id": "114392571729051"
            },
            "statuses": [
              {
                "id": "wamid.HBgMOTE5NDczMTgxOTU4FQIAERgSMTUwQzg0MjIwQTA2ODY0QjdCAA==",
                "status": "sent",
                "timestamp": "1758280762",
                "recipient_id": "919473181958",
                "conversation": {
                  "id": "9d570e4be80080a7910397ddc5bb484b",
                  "expiration_timestamp": "1758280762",
                  "origin": {
                    "type": "marketing"
                  }
                },
                "pricing": {
                  "billable": true,
                  "pricing_model": "PMP",
                  "category": "marketing",
                  "type": "regular"
                }
              }
            ]
          },
          "field": "messages"
        }
      ]
    }
  ]
}
[INFO] 2025-09-19 11:19:23,436 basehttp "POST /api/webhook/whatsapp/ HTTP/1.1" 200 22
[INFO] 2025-09-19 11:19:23,590 webhook_processor Processing status update: wamid.HBgMOTE5NDczMTgxOTU4FQIAERgSMTUwQzg0MjIwQTA2ODY0QjdCAA== -> sent
[INFO] 2025-09-19 11:19:23,647 webhook_processor Webhook 'sent' received for message wamid.HBgMOTE5NDczMTgxOTU4FQIAERgSMTUwQzg0MjIwQTA2ODY0QjdCAA== - already handled on API success
[INFO] 2025-09-19 11:19:23,674 webhook_processor Updated campaign message wamid.HBgMOTE5NDczMTgxOTU4FQIAERgSMTUwQzg0MjIwQTA2ODY0QjdCAA==: sent -> sent
[INFO] 2025-09-19 11:19:23,710 tasks Message sent successfully to +917869732732, Message ID: wamid.HBgMOTE3ODY5NzMyNzMyFQIAERgSQjY1MzMxMjg5MDI2NTU0MTVDAA==
[INFO] 2025-09-19 11:19:23,777 webhook_handler Received webhook: {
  "object": "whatsapp_business_account",
  "entry": [
    {
      "id": "114374441730441",
      "changes": [
        {
          "value": {
            "messaging_product": "whatsapp",
            "metadata": {
              "display_phone_number": "917996002222",
              "phone_number_id": "114392571729051"
            },
            "statuses": [
              {
                "id": "wamid.HBgMOTE5NDczMTgxOTU4FQIAERgSMTUwQzg0MjIwQTA2ODY0QjdCAA==",
                "status": "delivered",
                "timestamp": "1758280762",
                "recipient_id": "919473181958",
                "conversation": {
                  "id": "9d570e4be80080a7910397ddc5bb484b",
                  "origin": {
                    "type": "marketing"
                  }
                },
                "pricing": {
                  "billable": true,
                  "pricing_model": "PMP",
                  "category": "marketing",
                  "type": "regular"
                }
              }
            ]
          },
          "field": "messages"
        }
      ]
    }
  ]
}
[INFO] 2025-09-19 11:19:23,791 basehttp "POST /api/webhook/whatsapp/ HTTP/1.1" 200 22
[INFO] 2025-09-19 11:19:23,877 tasks Webhook 188 processed using campaigns.webhook_processor.process_360dialog_webhook
[INFO] 2025-09-19 11:19:23,877 webhook_handler Received webhook: {
  "object": "whatsapp_business_account",
  "entry": [
    {
      "id": "114374441730441",
      "changes": [
        {
          "value": {
            "messaging_product": "whatsapp",
            "metadata": {
              "display_phone_number": "917996002222",
              "phone_number_id": "114392571729051"
            },
            "statuses": [
              {
                "id": "wamid.HBgMOTE5NDczMTgxOTU4FQIAERgSMTUwQzg0MjIwQTA2ODY0QjdCAA==",
                "status": "delivered",
                "timestamp": "1758280762",
                "recipient_id": "919473181958",
                "conversation": {
                  "id": "9d570e4be80080a7910397ddc5bb484b",
                  "origin": {
                    "type": "marketing"
                  }
                },
                "pricing": {
                  "billable": true,
                  "pricing_model": "PMP",
                  "category": "marketing",
                  "type": "regular"
                }
              }
            ]
          },
          "field": "messages"
        }
      ]
    }
  ]
}
[INFO] 2025-09-19 11:19:23,878 tasks Sending message to +918586843474
[INFO] 2025-09-19 11:19:23,885 whatsapp_360_client Sending WhatsApp message to 918586843474 using template sample_template_1
[INFO] 2025-09-19 11:19:23,898 basehttp "POST /api/webhook/whatsapp/ HTTP/1.1" 200 22
[INFO] 2025-09-19 11:19:23,940 tasks Campaign 29 still has 1 pending messages
[INFO] 2025-09-19 11:19:23,983 webhook_processor Processing status update: wamid.HBgMOTE5NDczMTgxOTU4FQIAERgSMTUwQzg0MjIwQTA2ODY0QjdCAA== -> delivered
[INFO] 2025-09-19 11:19:24,121 webhook_processor Message delivered to +919473181958, triggering next message
[INFO] 2025-09-19 11:19:24,158 webhook_processor Processing status update: wamid.HBgMOTE5NDczMTgxOTU4FQIAERgSMTUwQzg0MjIwQTA2ODY0QjdCAA== -> delivered
[INFO] 2025-09-19 11:19:24,228 webhook_processor Updated campaign message wamid.HBgMOTE5NDczMTgxOTU4FQIAERgSMTUwQzg0MjIwQTA2ODY0QjdCAA==: sent -> delivered
[INFO] 2025-09-19 11:19:24,246 tasks Sending message to +918586843474
[INFO] 2025-09-19 11:19:24,249 whatsapp_360_client Sending WhatsApp message to 918586843474 using template sample_template_1
[INFO] 2025-09-19 11:19:24,286 tasks Campaign 29 has 1 pending messages
[INFO] 2025-09-19 11:19:24,396 webhook_processor Message delivered to +919473181958, triggering next message
[INFO] 2025-09-19 11:19:24,464 tasks Webhook 189 processed using campaigns.webhook_processor.process_360dialog_webhook
[INFO] 2025-09-19 11:19:24,564 webhook_handler Received webhook: {
  "object": "whatsapp_business_account",
  "entry": [
    {
      "id": "114374441730441",
      "changes": [
        {
          "value": {
            "messaging_product": "whatsapp",
            "metadata": {
              "display_phone_number": "917996002222",
              "phone_number_id": "114392571729051"
            },
            "statuses": [
              {
                "id": "wamid.HBgMOTE3ODY5NzMyNzMyFQIAERgSQjY1MzMxMjg5MDI2NTU0MTVDAA==",
                "status": "failed",
                "timestamp": "1758280763",
                "recipient_id": "917869732732",
                "errors": [
                  {
                    "code": 131049,
                    "title": "This message was not delivered to maintain healthy ecosystem engagement.",
                    "message": "This message was not delivered to maintain healthy ecosystem engagement.",
                    "error_data": {
                      "details": "In order to maintain a healthy ecosystem engagement, the message failed to be delivered."
                    },
                    "href": "https://developers.facebook.com/docs/whatsapp/cloud-api/support/error-codes/"
                  }
                ]
              }
            ]
          },
          "field": "messages"
        }
      ]
    }
  ]
}
[INFO] 2025-09-19 11:19:24,567 basehttp "POST /api/webhook/whatsapp/ HTTP/1.1" 200 22
[INFO] 2025-09-19 11:19:24,655 webhook_processor Updated campaign message wamid.HBgMOTE5NDczMTgxOTU4FQIAERgSMTUwQzg0MjIwQTA2ODY0QjdCAA==: sent -> delivered
[INFO] 2025-09-19 11:19:24,665 tasks Campaign 29 has 1 pending messages
[INFO] 2025-09-19 11:19:24,811 webhook_processor Processing status update: wamid.HBgMOTE3ODY5NzMyNzMyFQIAERgSQjY1MzMxMjg5MDI2NTU0MTVDAA== -> failed
[INFO] 2025-09-19 11:19:24,874 tasks Webhook 190 processed using campaigns.webhook_processor.process_360dialog_webhook
[INFO] 2025-09-19 11:19:25,074 webhook_processor Updated campaign message wamid.HBgMOTE3ODY5NzMyNzMyFQIAERgSQjY1MzMxMjg5MDI2NTU0MTVDAA==: sent -> failed
[INFO] 2025-09-19 11:19:25,121 tasks Campaign 29 still has 1 pending messages
[INFO] 2025-09-19 11:19:25,216 tasks Webhook 191 processed using campaigns.webhook_processor.process_360dialog_webhook
[INFO] 2025-09-19 11:19:25,428 whatsapp_360_client Message sent successfully. Message ID: wamid.HBgMOTE4NTg2ODQzNDc0FQIAERgSNDU5NDY1MUEwMjdDODRFMzM5AA==
[INFO] 2025-09-19 11:19:25,701 tasks Message sent successfully to +918586843474, Message ID: wamid.HBgMOTE4NTg2ODQzNDc0FQIAERgSNDU5NDY1MUEwMjdDODRFMzM5AA==
[INFO] 2025-09-19 11:19:25,823 whatsapp_360_client Message sent successfully. Message ID: wamid.HBgMOTE4NTg2ODQzNDc0FQIAERgSODU5MjZDQ0EyRDVGOTg0OUU4AA==
[INFO] 2025-09-19 11:19:26,029 tasks Campaign 29 marked as completed - all messages sent
[INFO] 2025-09-19 11:19:26,145 tasks Message sent successfully to +918586843474, Message ID: wamid.HBgMOTE4NTg2ODQzNDc0FQIAERgSODU5MjZDQ0EyRDVGOTg0OUU4AA==
[INFO] 2025-09-19 11:19:26,530 tasks Campaign 29 is not running, status: completed
[INFO] 2025-09-19 11:19:27,015 webhook_handler Received webhook: {
  "object": "whatsapp_business_account",
  "entry": [
    {
      "id": "114374441730441",
      "changes": [
        {
          "value": {
            "messaging_product": "whatsapp",
            "metadata": {
              "display_phone_number": "917996002222",
              "phone_number_id": "114392571729051"
            },
            "statuses": [
              {
                "id": "wamid.HBgMOTE4NTg2ODQzNDc0FQIAERgSNDU5NDY1MUEwMjdDODRFMzM5AA==",
                "status": "sent",
                "timestamp": "1758280765",
                "recipient_id": "918586843474",
                "conversation": {
                  "id": "eae6b0ab85765facffecb55f33e8d2ea",
                  "expiration_timestamp": "1758280765",
                  "origin": {
                    "type": "marketing"
                  }
                },
                "pricing": {
                  "billable": true,
                  "pricing_model": "PMP",
                  "category": "marketing",
                  "type": "regular"
                }
              }
            ]
          },
          "field": "messages"
        }
      ]
    }
  ]
}
[INFO] 2025-09-19 11:19:27,023 basehttp "POST /api/webhook/whatsapp/ HTTP/1.1" 200 22
[INFO] 2025-09-19 11:19:27,165 webhook_processor Processing status update: wamid.HBgMOTE4NTg2ODQzNDc0FQIAERgSNDU5NDY1MUEwMjdDODRFMzM5AA== -> sent
[INFO] 2025-09-19 11:19:27,172 webhook_processor Message wamid.HBgMOTE4NTg2ODQzNDc0FQIAERgSNDU5NDY1MUEwMjdDODRFMzM5AA== not found in campaigns, trying orders
[INFO] 2025-09-19 11:19:27,173 webhook_processor Processing order status update: wamid.HBgMOTE4NTg2ODQzNDc0FQIAERgSNDU5NDY1MUEwMjdDODRFMzM5AA== -> sent
[WARNING] 2025-09-19 11:19:27,183 webhook_processor Order not found for message ID: wamid.HBgMOTE4NTg2ODQzNDc0FQIAERgSNDU5NDY1MUEwMjdDODRFMzM5AA==
[INFO] 2025-09-19 11:19:27,324 tasks Webhook 192 processed using campaigns.webhook_processor.process_360dialog_webhook
[INFO] 2025-09-19 11:19:27,375 webhook_handler Received webhook: {
  "object": "whatsapp_business_account",
  "entry": [
    {
      "id": "114374441730441",
      "changes": [
        {
          "value": {
            "messaging_product": "whatsapp",
            "metadata": {
              "display_phone_number": "917996002222",
              "phone_number_id": "114392571729051"
            },
            "statuses": [
              {
                "id": "wamid.HBgMOTE4NTg2ODQzNDc0FQIAERgSNDU5NDY1MUEwMjdDODRFMzM5AA==",
                "status": "delivered",
                "timestamp": "1758280766",
                "recipient_id": "918586843474",
                "conversation": {
                  "id": "eae6b0ab85765facffecb55f33e8d2ea",
                  "origin": {
                    "type": "marketing"
                  }
                },
                "pricing": {
                  "billable": true,
                  "pricing_model": "PMP",
                  "category": "marketing",
                  "type": "regular"
                }
              }
            ]
          },
          "field": "messages"
        }
      ]
    }
  ]
}
[INFO] 2025-09-19 11:19:27,376 webhook_handler Received webhook: {
  "object": "whatsapp_business_account",
  "entry": [
    {
      "id": "114374441730441",
      "changes": [
        {
          "value": {
            "messaging_product": "whatsapp",
            "metadata": {
              "display_phone_number": "917996002222",
              "phone_number_id": "114392571729051"
            },
            "statuses": [
              {
                "id": "wamid.HBgMOTE4NTg2ODQzNDc0FQIAERgSODU5MjZDQ0EyRDVGOTg0OUU4AA==",
                "status": "failed",
                "timestamp": "1758280766",
                "recipient_id": "918586843474",
                "errors": [
                  {
                    "code": 131049,
                    "title": "This message was not delivered to maintain healthy ecosystem engagement.",
                    "message": "This message was not delivered to maintain healthy ecosystem engagement.",
                    "error_data": {
                      "details": "In order to maintain a healthy ecosystem engagement, the message failed to be delivered."
                    }
                  }
                ]
              }
            ]
          },
          "field": "messages"
        }
      ]
    }
  ]
}
[INFO] 2025-09-19 11:19:27,387 basehttp "POST /api/webhook/whatsapp/ HTTP/1.1" 200 22
[INFO] 2025-09-19 11:19:27,389 basehttp "POST /api/webhook/whatsapp/ HTTP/1.1" 200 22
[INFO] 2025-09-19 11:19:27,539 webhook_processor Processing status update: wamid.HBgMOTE4NTg2ODQzNDc0FQIAERgSODU5MjZDQ0EyRDVGOTg0OUU4AA== -> failed
[INFO] 2025-09-19 11:19:27,544 webhook_processor Processing status update: wamid.HBgMOTE4NTg2ODQzNDc0FQIAERgSNDU5NDY1MUEwMjdDODRFMzM5AA== -> delivered
[INFO] 2025-09-19 11:19:27,553 webhook_processor Message wamid.HBgMOTE4NTg2ODQzNDc0FQIAERgSNDU5NDY1MUEwMjdDODRFMzM5AA== not found in campaigns, trying orders
[INFO] 2025-09-19 11:19:27,555 webhook_processor Processing order status update: wamid.HBgMOTE4NTg2ODQzNDc0FQIAERgSNDU5NDY1MUEwMjdDODRFMzM5AA== -> delivered
[WARNING] 2025-09-19 11:19:27,562 webhook_processor Order not found for message ID: wamid.HBgMOTE4NTg2ODQzNDc0FQIAERgSNDU5NDY1MUEwMjdDODRFMzM5AA==
[INFO] 2025-09-19 11:19:27,762 tasks Webhook 193 processed using campaigns.webhook_processor.process_360dialog_webhook
[INFO] 2025-09-19 11:19:27,909 webhook_processor Updated campaign message wamid.HBgMOTE4NTg2ODQzNDc0FQIAERgSODU5MjZDQ0EyRDVGOTg0OUU4AA==: sent -> failed
[INFO] 2025-09-19 11:19:28,049 tasks Campaign 29 is not running, status: completed
[INFO] 2025-09-19 11:19:28,094 tasks Webhook 194 processed using campaigns.webhook_processor.process_360dialog_webhook
[INFO] 2025-09-19 11:19:31,816 webhook_handler Received webhook: {
  "object": "whatsapp_business_account",
  "entry": [
    {
      "id": "114374441730441",
      "changes": [
        {
          "value": {
            "messaging_product": "whatsapp",
            "metadata": {
              "display_phone_number": "917996002222",
              "phone_number_id": "114392571729051"
            },
            "statuses": [
              {
                "id": "wamid.HBgMOTE5NDQ1MzkyNDU0FQIAERgSRkFCQTMzRDY2RTNGMTE0NUI1AA==",
                "status": "read",
                "timestamp": "1758280770",
                "recipient_id": "919445392454"
              }
            ]
          },
          "field": "messages"
        }
      ]
    }
  ]
}
[INFO] 2025-09-19 11:19:31,818 basehttp "POST /api/webhook/whatsapp/ HTTP/1.1" 200 22
[INFO] 2025-09-19 11:19:32,062 webhook_processor Processing status update: wamid.HBgMOTE5NDQ1MzkyNDU0FQIAERgSRkFCQTMzRDY2RTNGMTE0NUI1AA== -> read
[INFO] 2025-09-19 11:19:32,518 webhook_processor Updated campaign message wamid.HBgMOTE5NDQ1MzkyNDU0FQIAERgSRkFCQTMzRDY2RTNGMTE0NUI1AA==: delivered -> read
[INFO] 2025-09-19 11:19:32,719 tasks Webhook 195 processed using campaigns.webhook_processor.process_360dialog_webhook
[INFO] 2025-09-19 11:19:47,648 tasks Campaign 29 is not running, status: completed
[INFO] 2025-09-19 11:19:48,956 webhook_handler Received webhook: {
  "object": "whatsapp_business_account",
  "entry": [
    {
      "id": "114374441730441",
      "changes": [
        {
          "value": {
            "messaging_product": "whatsapp",
            "metadata": {
              "display_phone_number": "917996002222",
              "phone_number_id": "114392571729051"
            },
            "statuses": [
              {
                "id": "wamid.HBgMOTE5NDczMTgxOTU4FQIAERgSMTUwQzg0MjIwQTA2ODY0QjdCAA==",
                "status": "read",
                "timestamp": "1758280788",
                "recipient_id": "919473181958"
              }
            ]
          },
          "field": "messages"
        }
      ]
    }
  ]
}
[INFO] 2025-09-19 11:19:48,962 basehttp "POST /api/webhook/whatsapp/ HTTP/1.1" 200 22
[INFO] 2025-09-19 11:19:49,054 tasks Campaign 29 is not running, status: completed
[INFO] 2025-09-19 11:19:49,123 webhook_processor Processing status update: wamid.HBgMOTE5NDczMTgxOTU4FQIAERgSMTUwQzg0MjIwQTA2ODY0QjdCAA== -> read
[INFO] 2025-09-19 11:19:49,424 webhook_processor Updated campaign message wamid.HBgMOTE5NDczMTgxOTU4FQIAERgSMTUwQzg0MjIwQTA2ODY0QjdCAA==: delivered -> read
[INFO] 2025-09-19 11:19:49,540 tasks Webhook 196 processed using campaigns.webhook_processor.process_360dialog_webhook
[INFO] 2025-09-19 11:19:49,924 tasks Campaign 29 is not running, status: completed
[INFO] 2025-09-19 11:19:51,677 webhook_handler Received webhook: {
  "object": "whatsapp_business_account",
  "entry": [
    {
      "id": "114374441730441",
      "changes": [
        {
          "value": {
            "messaging_product": "whatsapp",
            "metadata": {
              "display_phone_number": "917996002222",
              "phone_number_id": "114392571729051"
            },
            "statuses": [
              {
                "id": "wamid.HBgMOTE4NTg2ODQzNDc0FQIAERgSNDU5NDY1MUEwMjdDODRFMzM5AA==",
                "status": "read",
                "timestamp": "1758280790",
                "recipient_id": "918586843474"
              }
            ]
          },
          "field": "messages"
        }
      ]
    }
  ]
}
[INFO] 2025-09-19 11:19:51,695 basehttp "POST /api/webhook/whatsapp/ HTTP/1.1" 200 22
[INFO] 2025-09-19 11:19:52,411 webhook_processor Processing status update: wamid.HBgMOTE4NTg2ODQzNDc0FQIAERgSNDU5NDY1MUEwMjdDODRFMzM5AA== -> read
[INFO] 2025-09-19 11:19:52,421 webhook_processor Message wamid.HBgMOTE4NTg2ODQzNDc0FQIAERgSNDU5NDY1MUEwMjdDODRFMzM5AA== not found in campaigns, trying orders
[INFO] 2025-09-19 11:19:52,422 webhook_processor Processing order status update: wamid.HBgMOTE4NTg2ODQzNDc0FQIAERgSNDU5NDY1MUEwMjdDODRFMzM5AA== -> read
[WARNING] 2025-09-19 11:19:52,434 webhook_processor Order not found for message ID: wamid.HBgMOTE4NTg2ODQzNDc0FQIAERgSNDU5NDY1MUEwMjdDODRFMzM5AA==
[INFO] 2025-09-19 11:19:52,545 tasks Webhook 197 processed using campaigns.webhook_processor.process_360dialog_webhook
[INFO] 2025-09-19 11:19:52,970 tasks Campaign 29 is not running, status: completed
[INFO] 2025-09-19 11:19:54,096 tasks Campaign 29 is not running, status: completed
[INFO] 2025-09-19 11:19:54,463 tasks Campaign 29 is not running, status: completed
[INFO] 2025-09-19 11:19:55,274 tasks Campaign 29 is not running, status: completed
[INFO] 2025-09-19 11:20:24,294 basehttp "GET /api/campaigns/?page=1 HTTP/1.1" 200 521
[INFO] 2025-09-19 11:20:24,952 basehttp "GET /api/campaigns/29/ HTTP/1.1" 200 2310
[INFO] 2025-09-19 11:20:25,610 basehttp "GET /api/campaigns/29/statistics/ HTTP/1.1" 200 424
[INFO] 2025-09-19 11:20:32,138 basehttp "GET /api/campaigns/?page=1 HTTP/1.1" 200 521
[INFO] 2025-09-19 11:20:39,287 basehttp "GET /api/campaigns/?page=1 HTTP/1.1" 200 521
[INFO] 2025-09-19 11:20:42,877 basehttp "GET /api/campaigns/?page=1 HTTP/1.1" 200 521
[INFO] 2025-09-19 11:20:43,545 basehttp "GET /api/campaigns/29/ HTTP/1.1" 200 2310
[INFO] 2025-09-19 11:20:44,235 basehttp "GET /api/campaigns/29/statistics/ HTTP/1.1" 200 424
[INFO] 2025-09-19 11:20:48,845 basehttp "GET /api/campaigns/?page=1 HTTP/1.1" 200 521
[INFO] 2025-09-19 11:20:49,587 basehttp "GET /api/campaigns/?page=1 HTTP/1.1" 200 521
[INFO] 2025-09-19 11:20:50,255 basehttp "GET /api/campaigns/29/ HTTP/1.1" 200 2310
[INFO] 2025-09-19 11:20:50,907 basehttp "GET /api/campaigns/29/statistics/ HTTP/1.1" 200 424
[INFO] 2025-09-19 11:21:22,108 basehttp "GET /api/stats/ HTTP/1.1" 200 208
[INFO] 2025-09-19 11:21:22,869 basehttp "GET /api/campaigns/?page=1 HTTP/1.1" 200 521
[INFO] 2025-09-19 11:21:31,215 basehttp "GET /api/campaigns/?page=1 HTTP/1.1" 200 521
[INFO] 2025-09-19 11:21:31,859 basehttp "GET /api/campaigns/29/ HTTP/1.1" 200 2310
[INFO] 2025-09-19 11:21:32,596 basehttp "GET /api/campaigns/29/statistics/ HTTP/1.1" 200 424
